item_id,platform,community,item_kind,parent_item_id,url,post_date,date_quality,access_date,author_type,engagement,text_excerpt,verbatim_status,city_mentioned,collection_note,relevant,first_hand_ownly_use,sentiment,themes,primary_theme,severity,order_stage,switching_trigger_flag,switching_trigger_text,churn_signal,repeat_use_signal,price_value_comment,delivery_eta_comment,assortment_comment,support_comment,trust_safety_quality_comment,hypotheses_linked,evidence_label,coding_note,coder,human_verified
LI-01,linkedin,linkedin_post,post,,https://www.linkedin.com/posts/inc42_rapidoownly-fooddelivery-zomato-activity-7337837815742812160-gDsl,2025-06-09,exact_from_id,2026-09-14,investor_analyst_media,1150 reactions; 62 comments,"Rapido is officially rolling out Ownly — its zero-commission food delivery platform — to challenge the Swiggy-Zomato duopoly. ... Ownly skips the platform fees, slashes commissions, and pushes for sub-₹250 meals",yes,Bengaluru,,1,0,neutral,LAUNCH_CLAIM_RELAY;FEE_MODEL_DESCRIPTION,LAUNCH_CLAIM_RELAY,,NA_business_commentary,0,,0,0,"relays 'skips platform fees', 'sub-₹250 meals'",,,,,H2,MEDIA REPORT,Pre-launch (Jun 2025) media framing; highest-engagement LinkedIn item,ai_first_pass,
LI-01-C1,linkedin,linkedin_post,comment,LI-01,https://www.linkedin.com/posts/inc42_rapidoownly-fooddelivery-zomato-activity-7337837815742812160-gDsl,2025-06-09,comment_date_unknown_parent_date_used,2026-09-14,unknown,22 reactions,"The zero commission & zero platform fees is just a carrot dangling to capture the market. Once it will capture the substantial market portion, it will also start behaving like how Swiggy & Zomato is charging nowadays.",yes,,,1,0,neg,SUSTAINABILITY_SKEPTICISM;FUTURE_FEE_CREEP_EXPECTED,FUTURE_FEE_CREEP_EXPECTED,,NA_business_commentary,0,,0,0,expects zero fees to be temporary 'carrot',,,,distrust of durability of pricing promise,H2;H7,CONSUMER-GENERATED,Most-reacted visible comment (22) — belief that low price is acquisition pricing; relevant to trust in 'transparent pricing' claim,ai_first_pass,
LI-01-C2,linkedin,linkedin_post,comment,LI-01,https://www.linkedin.com/posts/inc42_rapidoownly-fooddelivery-zomato-activity-7337837815742812160-gDsl,2025-06-09,comment_date_unknown_parent_date_used,2026-09-14,unknown,5 reactions,"very common technique to capture market share, then it will be a tri-poly if there is a word like that...",yes,,,1,0,neg,FUTURE_FEE_CREEP_EXPECTED,FUTURE_FEE_CREEP_EXPECTED,,NA_business_commentary,0,,0,0,market-share capture then normalisation,,,,,H2;H7,CONSUMER-GENERATED,,ai_first_pass,
LI-01-C3,linkedin,linkedin_post,comment,LI-01,https://www.linkedin.com/posts/inc42_rapidoownly-fooddelivery-zomato-activity-7337837815742812160-gDsl,2025-06-09,comment_date_unknown_parent_date_used,2026-09-14,unknown,2 reactions,"And hence, one can never buy Indian consumer loyalty.",yes,,,1,0,neutral,LOW_PLATFORM_LOYALTY,LOW_PLATFORM_LOYALTY,,NA_business_commentary,0,,0,0,,,,,,H12,CONSUMER-GENERATED,"Asserts Indian consumers are not loyal — cuts both ways (easy trial, hard retention)",ai_first_pass,
LI-01-C4,linkedin,linkedin_post,comment,LI-01,https://www.linkedin.com/posts/inc42_rapidoownly-fooddelivery-zomato-activity-7337837815742812160-gDsl,2025-06-09,comment_date_unknown_parent_date_used,2026-09-14,unknown,2 reactions,The issue with this model is that it's not sustainable...,partial,,,1,0,neg,SUSTAINABILITY_SKEPTICISM,SUSTAINABILITY_SKEPTICISM,,NA_business_commentary,0,,0,0,,,,,,H2,CONSUMER-GENERATED,Truncated on page,ai_first_pass,
LI-02,linkedin,linkedin_article,article,,https://www.linkedin.com/pulse/rapidos-ownly-zero-commission-food-delivery-app-taking-aim-gcj4c,2026-03-06,page_date,2026-09-14,investor_analyst_media,49 likes; 3 comments,Ownly operates on a zero-commission model for restaurants with only a straightforward delivery fee on the consumer; traditional platforms charge commissions that typically ranges between 18% to 30%.,partial,Bengaluru,,1,0,neutral,LAUNCH_CLAIM_RELAY;RESTAURANT_ECONOMICS_POSITIVE,LAUNCH_CLAIM_RELAY,,NA_business_commentary,0,,0,0,incumbent commission 18–30% (no source given),,,,,H2,MEDIA REPORT,Newsletter article; figures unsourced,ai_first_pass,
LI-03,linkedin,linkedin_post,post,,https://www.linkedin.com/posts/harshamohan_rapido-ownly-fooddelivery-activity-7366462199009116161-8jOt,2025-08-27,exact_from_id,2026-09-14,unknown,32 reactions; 1 comment,"[retrieval summary — not verbatim] Post relays launch claims: zero commission, meals up to 15% cheaper, staple meals under ₹100, full meals capped at ₹150; says move could reshape ecosystem and pressure incumbents' commission structures.",partial_retrieval_summary,Bengaluru,,1,0,pos,LAUNCH_CLAIM_RELAY,LAUNCH_CLAIM_RELAY,,NA_business_commentary,0,,0,0,"relays '15% cheaper', ₹100/₹150 meal caps",,,,,H2,MEDIA REPORT,"Retrieval summary contained implausible details (e.g., '100+ cities'); text not verbatim — do not quote; human must open URL",ai_first_pass,
LI-04,linkedin,linkedin_post,post,,https://www.linkedin.com/posts/abhilashsnair_rapido-just-launched-ownly-food-delivery-activity-7362126045233254402-1E7Y,2025-08-15,exact_from_id,2026-09-14,unknown,4 reactions,"Rapido just launched Ownly food delivery in Bengaluru, bringing meals under ₹150. With a zero‑commission model for restaurants and fixed, transparent delivery fees (₹20 for small orders, ₹25 + GST for mid‑range, ₹50 for above ₹400)...",yes,Bengaluru,,1,0,neutral,FEE_MODEL_DESCRIPTION,FEE_MODEL_DESCRIPTION,,NA_business_commentary,0,,0,0,pilot tiers ₹20 / ₹25+GST / ₹50 above ₹400,,,,,H8,MEDIA REPORT,Pilot-era (Aug 2025) fee tiers conflict with later '₹30 flat' reports — fee structure has changed over time,ai_first_pass,
LI-05,linkedin,linkedin_post,post,,https://www.linkedin.com/posts/amc111_can-rapidos-ownly-rewrite-indias-food-delivery-activity-7363773959135219713-kWam,2025-08-20,exact_from_id,2026-09-14,investor_analyst_media,18 likes,"[retrieval summary — not verbatim] Academic/finance commentator describes pilot (Koramangala, HSR): free delivery for orders ≥ Rs.100, flat Rs.25 restaurant charge; questions sustainability and notes Swiggy is a strategic investor in Rapido.",partial_retrieval_summary,Bengaluru,,1,0,mixed,FEE_MODEL_DESCRIPTION;SUSTAINABILITY_SKEPTICISM,SUSTAINABILITY_SKEPTICISM,,NA_business_commentary,0,,0,0,free delivery ≥₹100; ₹25 restaurant fee (as summarised),,,,,H8,INTERPRETATION,"Commentator view; retrieval summary, not verbatim",ai_first_pass,
LI-06,linkedin,linkedin_post,post,,https://www.linkedin.com/posts/raj-shah-entrepreneur_food-startup-strategy-activity-7338418455752179713-dWNc,2025-06-11,exact_from_id,2026-09-14,marketer_agency,560 reactions; 46 comments,"[retrieval summary — not verbatim] Entrepreneur frames Ownly as a 'commission-free rebellion': zero commission, ₹150 affordable meals, online/offline price parity, tiered ₹10–₹50 delivery charges, restaurant access to customer data; leverages Rapido rider base.",partial_retrieval_summary,,,1,0,pos,LAUNCH_CLAIM_RELAY;RAPIDO_ECOSYSTEM_ADVANTAGE,LAUNCH_CLAIM_RELAY,,NA_business_commentary,0,,0,0,"₹10–₹50 tiers, online/offline price parity (relayed)",,,,,H2;H7,INTERPRETATION,"Influencer-style post, 560 reactions; retrieval summary",ai_first_pass,
LI-07,linkedin,linkedin_post,post,,https://www.linkedin.com/posts/spectacularabhishek_startups-rapido-fooddelivery-activity-7394336006277095425-ypUI,2025-11-12,exact_from_id,2026-09-14,unknown,45 reactions; 1 comment,"a bold, restaurant-first strategy that challenges the way food delivery platforms operate today ... deliver on their promises, or will they fizzle out like so many before them?",partial,,,1,0,mixed,RESTAURANT_ECONOMICS_POSITIVE;SUSTAINABILITY_SKEPTICISM,SUSTAINABILITY_SKEPTICISM,,NA_business_commentary,0,,0,0,,,,,,H2,INTERPRETATION,,ai_first_pass,
LI-07-C1,linkedin,linkedin_post,comment,LI-07,https://www.linkedin.com/posts/spectacularabhishek_startups-rapido-fooddelivery-activity-7394336006277095425-ypUI,2025-11-12,comment_date_unknown_parent_date_used,2026-09-14,unknown,,"finding ways to be sustainable while keeping the promises made to the consumer ... once the brands start focusing on profitability, they become harder to keep.",partial,,,1,0,neutral,FUTURE_FEE_CREEP_EXPECTED,FUTURE_FEE_CREEP_EXPECTED,,NA_business_commentary,0,,0,0,promises harder to keep once profitability focus starts,,,,,H2;H7,CONSUMER-GENERATED,,ai_first_pass,
LI-08,linkedin,linkedin_post,post,,https://www.linkedin.com/posts/mediabriefdotcom_mediabrief-rapido-ownly-activity-7434846471126114304-LXpl,2026-03-04,exact_from_id,2026-09-14,investor_analyst_media,89 reactions; 4 comments,[retrieval summary — not verbatim] Media page: Ownly live across Bengaluru; zero commission; flat customer delivery fee; positioning targets consumer frustration with hidden and layered fees.,partial_retrieval_summary,Bengaluru,,1,0,neutral,LAUNCH_CLAIM_RELAY,LAUNCH_CLAIM_RELAY,,NA_business_commentary,0,,0,0,₹30 flat fee; ₹300 vs ~₹195 restaurant retention (relayed),,,,,H2,MEDIA REPORT,Retrieval summary,ai_first_pass,
LI-08-C1,linkedin,linkedin_post,comment,LI-08,https://www.linkedin.com/posts/mediabriefdotcom_mediabrief-rapido-ownly-activity-7434846471126114304-LXpl,2026-03-04,comment_date_unknown_parent_date_used,2026-09-14,unknown,,"If the model balances fair pricing for restaurants with sustainable delivery economics, it could shift the conversation around platform fees.",yes,,,1,0,mixed,SUSTAINABILITY_SKEPTICISM,SUSTAINABILITY_SKEPTICISM,,NA_business_commentary,0,,0,0,,,,,,H2,CONSUMER-GENERATED,Conditional optimism,ai_first_pass,
LI-09,linkedin,linkedin_post,post,,https://www.linkedin.com/posts/aravind-sanka-8a876045_the-food-court-ownly-now-in-bengaluru-activity-7435637202287734785-0y_O,2026-03-06,exact_from_id,2026-09-14,ownly_rapido_employee_or_exec,526 reactions; 127 comments,"With Ownly, we're extending that belief to how India eats. Our approach is centered around: - Transparency - Honest pricing - Zero commission for restaurants ... Bangalore is just the beginning.",yes,Bengaluru,,1,0,pos,LAUNCH_CLAIM_RELAY,LAUNCH_CLAIM_RELAY,,NA_business_commentary,0,,0,0,"'Honest pricing', 'Transparency', 'affordability at scale'",,,,,H2;H7,COMPANY CLAIM,Rapido co-founder/CEO launch post (Mar 2026). Comment thread is dominated by service complaints about Rapido rides AND Ownly,ai_first_pass,
LI-09-C1,linkedin,linkedin_post,comment,LI-09,https://www.linkedin.com/posts/aravind-sanka-8a876045_the-food-court-ownly-now-in-bengaluru-activity-7435637202287734785-0y_O,2026-08-24,approx_relative_age,2026-09-14,consumer,1 reaction,rapido customer care is getting worst no body reverts on mails Insta etc . I have all the proof against driver but till date no revert from your team infact they are not even reading the msgs,yes,,"Rapido ride context (driver), not food",1,0,neg,RAPIDO_RIDE_SPILLOVER_NEGATIVE;SUPPORT_UNRESPONSIVE,RAPIDO_RIDE_SPILLOVER_NEGATIVE,3,NA_business_commentary,0,,0,0,,,,no reply on mail/Instagram re driver complaint,ride-side grievance brought to food launch post,H7,CONSUMER-GENERATED,"Ride context, not food; counts toward brand-spillover not food-experience frequencies",ai_first_pass,
LI-09-C2,linkedin,linkedin_post,comment,LI-09,https://www.linkedin.com/posts/aravind-sanka-8a876045_the-food-court-ownly-now-in-bengaluru-activity-7435637202287734785-0y_O,2026-08-15,approx_relative_age,2026-09-14,consumer,1 reaction,Your chat agent from ownly is worst the person named [agent name redacted] has ended a chat without listening my concern and with out resolution ... without helping customers and without listening to the customer concern ending up with the chat,yes_redacted,,,1,1,neg,SUPPORT_UNRESPONSIVE,SUPPORT_UNRESPONSIVE,3,post_order_support_refund,0,,0,0,,,,Ownly chat agent closed chat without resolution,,H9;H12,CONSUMER-GENERATED,Underlying issue not described; severity 3 assumes unresolved order problem — AMBIGUOUS,ai_first_pass,
LI-09-C3,linkedin,linkedin_post,comment,LI-09,https://www.linkedin.com/posts/aravind-sanka-8a876045_the-food-court-ownly-now-in-bengaluru-activity-7435637202287734785-0y_O,2026-07-16,approx_relative_age,2026-09-14,consumer,1 reaction,[retrieval summary — not verbatim] Long complaint: home-cooked food for an elderly diabetic/heart patient not delivered; alleged delivery-agent misconduct; customer care unresponsive.,no_retrieval_summary,,Likely Rapido parcel/delivery rather than Ownly restaurant order — ambiguous; do not quote,1,ambiguous,neg,NON_DELIVERY;RIDER_CONDUCT;SUPPORT_UNRESPONSIVE,NON_DELIVERY,4,delivery_handoff,0,,0,0,,food not delivered,,customer care unresponsive,alleged rider misconduct; vulnerable recipient,H4;H7,CONSUMER-GENERATED,"Retrieval summary only — do not quote. Probably Rapido parcel of home-cooked food, not an Ownly restaurant order — AMBIGUOUS; exclude from Ownly food-experience counts",ai_first_pass,
LI-09-C4,linkedin,linkedin_post,comment,LI-09,https://www.linkedin.com/posts/aravind-sanka-8a876045_the-food-court-ownly-now-in-bengaluru-activity-7435637202287734785-0y_O,2026-02-05,stated_in_text,2026-09-14,consumer,2 reactions,"your caption tried to almost kidnap me from Hindon river metro, Ghaziabad ! I raised a complaint on your portal ... I haven't received any response from your customer executive team.",yes_partial,Ghaziabad,Rapido ride safety complaint posted on Ownly launch post — brand spillover evidence,1,0,neg,RAPIDO_RIDE_SPILLOVER_NEGATIVE;SAFETY_CONCERN;SUPPORT_UNRESPONSIVE,RAPIDO_RIDE_SPILLOVER_NEGATIVE,4,NA_business_commentary,0,,0,0,,,,no response to portal complaint,women's safety allegation against a ride captain,H7,CONSUMER-GENERATED,Ride context (Ghaziabad). Unverified allegation. Relevant only as evidence that Rapido brand carries safety/support baggage into Ownly conversations,ai_first_pass,
LI-09-C5,linkedin,linkedin_post,comment,LI-09,https://www.linkedin.com/posts/aravind-sanka-8a876045_the-food-court-ownly-now-in-bengaluru-activity-7435637202287734785-0y_O,2026-04-17,approx_relative_age,2026-09-14,consumer,1 reaction,"I don't see Transparency, Honest pricing and customer support from your teams .. I am frustrated with the cheating done by your Captain and the kind of support extended by your teams.",yes_partial,,"Rapido ride context (Captain), throws launch slogan back",1,0,neg,RAPIDO_RIDE_SPILLOVER_NEGATIVE;SLOGAN_THROWN_BACK,RAPIDO_RIDE_SPILLOVER_NEGATIVE,3,NA_business_commentary,0,,0,0,disputes 'honest pricing' claim,,,dissatisfied with support,alleges cheating by Captain,H7,CONSUMER-GENERATED,"Ride context; uses the Ownly launch values ('Transparency, Honest pricing') against Rapido",ai_first_pass,
LI-09-C6,linkedin,linkedin_post,comment,LI-09,https://www.linkedin.com/posts/aravind-sanka-8a876045_the-food-court-ownly-now-in-bengaluru-activity-7435637202287734785-0y_O,2026-06-16,approx_relative_age,2026-09-14,unknown,1 reaction,"A zero-commission, restaurant-first model is exactly the structural reset the food tech space has been begging for. ... Looking forward to watching Ownly scale from Bangalore to Bharat!",yes_partial,,,1,0,pos,RESTAURANT_ECONOMICS_POSITIVE;RAPIDO_ECOSYSTEM_ADVANTAGE,RESTAURANT_ECONOMICS_POSITIVE,,NA_business_commentary,0,,0,0,end to inflated menu prices,,,,,H2,CONSUMER-GENERATED,Industry-commentary tone; no usage evidence,ai_first_pass,
LI-09-C7,linkedin,linkedin_post,comment,LI-09,https://www.linkedin.com/posts/aravind-sanka-8a876045_the-food-court-ownly-now-in-bengaluru-activity-7435637202287734785-0y_O,2026-03-18,approx_relative_age,2026-09-14,unknown,1 reaction,"Customers finally get to pay only for the food + actual delivery — no platform drama, no surprises. Restaurants win too with fairer margins.",yes_partial,Bengaluru,,1,0,pos,NO_HIDDEN_FEES_POSITIVE;RESTAURANT_ECONOMICS_POSITIVE,NO_HIDDEN_FEES_POSITIVE,,pricing_checkout,0,,0,0,'pay only for the food + actual delivery' framing,,,,,H1;H2,CONSUMER-GENERATED,Supportive; no evidence of actual use,ai_first_pass,
LI-09-C8,linkedin,linkedin_post,comment,LI-09,https://www.linkedin.com/posts/aravind-sanka-8a876045_the-food-court-ownly-now-in-bengaluru-activity-7435637202287734785-0y_O,2026-06-16,approx_relative_age,2026-09-14,consumer,1 reaction,"experience with Ownly has been extremely disappointing...delayed deliveries, missing items [remainder summarised by retrieval: poor food quality vs Swiggy/Zomato; problematic support approach]",partial_plus_summary,,,1,1,neg,LATE_DELIVERY;MISSING_WRONG_ITEMS;FOOD_QUALITY;SUPPORT_UNRESPONSIVE;INCUMBENT_BETTER_EXPERIENCE,LATE_DELIVERY,3,dispatch_eta,1,"away_from_ownly: delays, missing items, quality worse than Swiggy/Zomato",0,1,,delayed deliveries,,problematic support approach (summary),missing items; poor quality vs incumbents (summary),H4;H9;H12,CONSUMER-GENERATED,Plural 'deliveries' → repeat use inferred. Partly retrieval summary; quote only the verbatim fragment,ai_first_pass,
LI-10,linkedin,linkedin_post,post,,https://www.linkedin.com/posts/vigneshbalan_productmanagement-leadership-userexperience-activity-7461009337143025664-zDDU,2026-05-15,exact_from_id,2026-09-14,consumer,8 reactions; 1 comment,Ownly: The Governance Gap The pricing is consistently 35% lower than the giants for standard restaurants. There are no clickbaits. ... Ownly is clean. But support is almost non-existent and delivery is consistently delayed. ... they lack the governance leverage to penalize slow kitchen prep.,yes,,"Multi-app heavy user comparing Swiggy (support context-blind), Zomato (best support, pricing 'obstacle course'), Ownly",1,1,mixed,PRICE_SAVINGS_OBSERVED;CLEAN_APP_NO_UPSELL;SUPPORT_UNRESPONSIVE;LATE_DELIVERY;RESTAURANT_PREP_GOVERNANCE_GAP;INCUMBENT_PRICE_OBSTACLE,PRICE_SAVINGS_OBSERVED,2,dispatch_eta,1,to_ownly: ~35% lower price; away/limit: support + consistent delays,0,1,claims Ownly 'consistently 35% lower' for standard restaurants; Zomato fees 'obstacle course','delivery is consistently delayed'; blames slow kitchen prep without platform penalties,,'support is almost non-existent'; contrasts Zomato's human support as best,,H2;H3;H4;H12,CONSUMER-GENERATED,"Richest single trade-off statement found: price win vs reliability/support loss. '35%' is self-reported, unverified. Repeat use inferred from 'consistently'",ai_first_pass,
LI-10-C1,linkedin,linkedin_post,comment,LI-10,https://www.linkedin.com/posts/vigneshbalan_productmanagement-leadership-userexperience-activity-7461009337143025664-zDDU,2026-05-15,comment_date_unknown_parent_date_used,2026-09-14,unknown,,the winner in this space may not be someone who's the most feature-rich but it'll be whoever figures out that trust compounds the same way LTV does.,yes,,,1,0,neutral,TRUST_AS_MOAT,TRUST_AS_MOAT,,NA_business_commentary,0,,0,0,,,,,trust framed as compounding advantage,H7;H12,INTERPRETATION,,ai_first_pass,
LI-11,linkedin,linkedin_post,post,,https://www.linkedin.com/posts/the-ken_rapido-is-all-set-to-launch-its-food-delivery-activity-7339167486556196864-gcVJ,2025-06-13,exact_from_id,2026-09-14,investor_analyst_media,1 visible comment,"The firm's promise of zero commission, equal pricing both offline and online, and meals as low as Rs 150 looks compelling. However, the real question remains: how will Rapido make money?",yes,,,1,0,mixed,LAUNCH_CLAIM_RELAY;SUSTAINABILITY_SKEPTICISM,SUSTAINABILITY_SKEPTICISM,,NA_business_commentary,0,,0,0,"offline=online pricing, meals from Rs 150 (relayed)",,,,,H2,MEDIA REPORT,,ai_first_pass,
LI-12,linkedin,linkedin_post,post,,https://www.linkedin.com/posts/shivangi-khanna-%F0%9F%8C%9F-42737b273_fooddelivery-marketstrategy-finance-activity-7376500639104729088-rOnp,2025-09-24,exact_from_id,2026-09-14,marketer_agency,171 reactions; 66 comments,"According to Nirmal Bang, Ownly will bring short-term pricing pressure through discounts and aggressive delivery charges. But they see limited long-term impact unless Ownly can scale and secure consistent demand.",yes_partial,Bengaluru,"Visible comments are generic praise (e.g., 'Interesting move!') — likely engagement-pod style; not coded as independent evidence",1,0,mixed,SUSTAINABILITY_SKEPTICISM;ANALYST_VIEW,ANALYST_VIEW,,NA_business_commentary,0,,0,0,"relays brokerage view: short-term pricing pressure, limited long-term impact",,,,,H2,MEDIA REPORT,Brokerage attribution (Nirmal Bang) unverified here — Agent A should check primary report. Comments look like engagement-pod praise; not coded,ai_first_pass,
LI-13,linkedin,linkedin_post,post,,https://www.linkedin.com/posts/divyam-singh-01170421a_thedailyspark-rapidoownly-foodtech-activity-7338563134065938433-TkC4,2025-06-11,exact_from_id,2026-09-14,marketer_agency,18 reactions,Zero commission for restaurants ✅ No platform fees for users ✅ Fixed delivery fee (₹10–₹25) ✅ Push for sub-₹250 meals ✅ Transparent pricing — no hidden markups,yes_partial,Bengaluru,,1,0,pos,FEE_MODEL_DESCRIPTION;LAUNCH_CLAIM_RELAY,FEE_MODEL_DESCRIPTION,,NA_business_commentary,0,,0,0,₹10–₹25 fixed fee claimed (pre-launch),,,,,H8,MEDIA REPORT,Conflicts with LI-04 and later ₹30 flat reports,ai_first_pass,
LI-14,linkedin,linkedin_post,post,,https://www.linkedin.com/posts/chandra-r-srikanth-6b13a05_more-cooks-in-the-kitchen-rapidos-ownly-activity-7491489321196363776-FV7q,2026-08-07,exact_from_id,2026-09-14,investor_analyst_media,13 reactions; 1 comment,"Rapido's Ownly, Flipkart, Swiggy and Zomato race for the next 100 million food delivery users ... the bigger prize lies in bringing millions of first-time users online.",yes_partial,,,1,0,neutral,COMPETITOR_CONTEXT;MARKET_EXPANSION_FIRST_TIME_USERS,COMPETITOR_CONTEXT,,NA_business_commentary,0,,0,0,,,,,,H1,MEDIA REPORT,"Aug 2026 journalist framing: competition is for first-time users, not only switching — challenges a pure 'switch from Swiggy/Zomato' framing",ai_first_pass,
LI-15,linkedin,linkedin_post,post,,https://www.linkedin.com/posts/yash-shah-469aa3aa_ownly-rapido-fooddelivery-activity-7434895133654839296-fXq9,2026-03-04,exact_from_id,2026-09-14,unknown,211 reactions; 12 comments,Can zero-commission actually scale? Or is this just customer acquisition pricing that changes once they hit critical mass?,yes_partial,,,1,0,mixed,FUTURE_FEE_CREEP_EXPECTED;RESTAURANT_ECONOMICS_POSITIVE,FUTURE_FEE_CREEP_EXPECTED,,NA_business_commentary,0,,0,0,asks if pricing is acquisition pricing,,,,,H2,INTERPRETATION,,ai_first_pass,
LI-15-C1,linkedin,linkedin_post,comment,LI-15,https://www.linkedin.com/posts/yash-shah-469aa3aa_ownly-rapido-fooddelivery-activity-7434895133654839296-fXq9,2026-03-04,comment_date_unknown_parent_date_used,2026-09-14,unknown,,"are we looking at the first Superapp (Cabs, Food Delivery, etc. - all under one roof) being built in India?",yes_partial,,,1,0,pos,RAPIDO_ECOSYSTEM_ADVANTAGE,RAPIDO_ECOSYSTEM_ADVANTAGE,,NA_business_commentary,0,,0,0,,,,,,H7,CONSUMER-GENERATED,Super-app framing,ai_first_pass,
LI-15-C2,linkedin,linkedin_post,comment,LI-15,https://www.linkedin.com/posts/yash-shah-469aa3aa_ownly-rapido-fooddelivery-activity-7434895133654839296-fXq9,2026-03-04,comment_date_unknown_parent_date_used,2026-09-14,unknown,,But this is only live in Bangalore for now..I think?? Are they expanding to Delhi NCR,yes,Bengaluru,,1,0,neutral,CITY_AVAILABILITY_QUESTION,CITY_AVAILABILITY_QUESTION,,discovery_onboarding,0,,0,0,,,,,,H9,CONSUMER-GENERATED,Latent demand outside Bengaluru (Delhi NCR),ai_first_pass,
LI-15-C3,linkedin,linkedin_post,comment,LI-15,https://www.linkedin.com/posts/yash-shah-469aa3aa_ownly-rapido-fooddelivery-activity-7434895133654839296-fXq9,2026-03-04,comment_date_unknown_parent_date_used,2026-09-14,unknown,,'Zero commission' is probably the most beautiful phrase a restaurant owner has heard in years… but the real question is whether the economics will stay as beautiful,yes,,,1,0,mixed,RESTAURANT_ECONOMICS_POSITIVE;SUSTAINABILITY_SKEPTICISM,SUSTAINABILITY_SKEPTICISM,,NA_business_commentary,0,,0,0,,,,,,H2,CONSUMER-GENERATED,,ai_first_pass,
LI-16,linkedin,linkedin_post,post,,https://www.linkedin.com/posts/franchiseindia_update-rapido-ownly-activity-7384528634503479297-oExE,2025-10-16,exact_from_id,2026-09-14,investor_analyst_media,6 likes,"Rapido to Expand 'Ownly' Food Delivery Pilot in Bengaluru, Plans Metro Rollout Unlike established players Swiggy and Zomato, Ownly uses a flat delivery fee model and does not charge commissions or packaging fees.",yes,Bengaluru,,1,0,neutral,FEE_MODEL_DESCRIPTION,FEE_MODEL_DESCRIPTION,,NA_business_commentary,0,,0,0,"no commission, no packaging fee (relayed)",,,,,H2,MEDIA REPORT,,ai_first_pass,
LI-17,linkedin,linkedin_post,post,,https://www.linkedin.com/posts/asma-abdy-068586135_fooddelivery-logisticsstrategy-swiggy-activity-7338795945263886337-kjp5,2025-06-12,exact_from_id,2026-09-14,unknown,9 reactions; 3 comments,"With a strong logistical edge and aggressive pricing, Rapido's entry into food delivery could disrupt the market's long-standing duopoly.",yes_partial,,,1,0,pos,RAPIDO_ECOSYSTEM_ADVANTAGE,RAPIDO_ECOSYSTEM_ADVANTAGE,,NA_business_commentary,0,,0,0,,,,,,H7,INTERPRETATION,,ai_first_pass,
LI-17-C1,linkedin,linkedin_post,comment,LI-17,https://www.linkedin.com/posts/asma-abdy-068586135_fooddelivery-logisticsstrategy-swiggy-activity-7338795945263886337-kjp5,2025-06-12,comment_date_unknown_parent_date_used,2026-09-14,unknown,,"It's encouraging to see a new player entering the space. However, the current business model raises questions about long-term scalability and sustainability.",yes,,,1,0,mixed,SUSTAINABILITY_SKEPTICISM,SUSTAINABILITY_SKEPTICISM,,NA_business_commentary,0,,0,0,,,,,,H2,CONSUMER-GENERATED,,ai_first_pass,
LI-17-C2,linkedin,linkedin_post,comment,LI-17,https://www.linkedin.com/posts/asma-abdy-068586135_fooddelivery-logisticsstrategy-swiggy-activity-7338795945263886337-kjp5,2025-06-12,comment_date_unknown_parent_date_used,2026-09-14,unknown,,Jab tak investor ka paisa hai burn karenge uske baad sab normal,yes,,"Hinglish: 'they will burn as long as investor money lasts, then everything goes back to normal'",1,0,neg,FUTURE_FEE_CREEP_EXPECTED,FUTURE_FEE_CREEP_EXPECTED,,NA_business_commentary,0,,0,0,low prices last only while investor money burns,,,,,H2;H7,CONSUMER-GENERATED,"Hinglish; translation in collection_note is the coder's, not the author's",ai_first_pass,
LI-18-C1,linkedin,linkedin_post,comment,LI-18,https://www.linkedin.com/posts/rogersraman_fooddelivery-restaurant-food-activity-7371094812218941441--3PI,2025-09-09,parent_post_date,2026-09-14,consumer,,Use a service like Rapido or Uber to schedule a courier to pick up the food from the restaurant.,yes,,Pre-Ownly workaround to bypass aggregator markup; Rapido as courier; tangential,1,0,neutral,AGGREGATOR_MARKUP_WORKAROUND,AGGREGATOR_MARKUP_WORKAROUND,,pricing_checkout,0,,0,0,books a courier to collect food directly to avoid aggregator pricing,,,,,H1,CONSUMER-GENERATED,Pre-dates Ownly; evidence that some price-sensitive users already bypass aggregators,ai_first_pass,
LI-19,linkedin,linkedin_post,post,,https://www.linkedin.com/posts/abhishek-pandita-35b13b176_productstrategy-customerexperience-marketplaces-activity-7436102471208538112-eWWS,2026-03-07,exact_from_id,2026-09-14,consumer,18 reactions; 5 comments,"I compared the same dish from the same restaurant between Ownly and Zomato. Surprisingly, the final price on Zomato was cheaper. Why? Because of platform offers and credit card discounts. ... Limited restaurant availability ... A very basic homepage ... During dinner I received the wrong order, and support took several minutes to even engage in chat",yes,,First-order experience; product-manager author; argues customers care about final checkout price not transparency per se,1,1,neg,INCUMBENT_CHEAPER_AFTER_OFFERS;ASSORTMENT_LIMITED;DISCOVERY_UX_BASIC;MISSING_WRONG_ITEMS;SUPPORT_SLOW;EARLY_LAUNCH_TRUST_RISK,INCUMBENT_CHEAPER_AFTER_OFFERS,3,pricing_checkout,1,away_from_ownly: Zomato final price lower after platform offers + card discounts; wrong order; slow support,0,0,same dish same restaurant: Zomato final cheaper due to offers/card discounts; 'customers ultimately care about the final checkout price',,limited restaurant availability vs incumbents,several minutes before chat engaged,wrong order at dinner; platform expected to own restaurant errors,H1;H2;H4;H10;H12,CONSUMER-GENERATED,Direct contradiction to 'Ownly is always cheaper' — single first-order anecdote (Mar 2026). Key contradicting evidence for H2,ai_first_pass,
LI-19-C1,linkedin,linkedin_post,comment,LI-19,https://www.linkedin.com/posts/abhishek-pandita-35b13b176_productstrategy-customerexperience-marketplaces-activity-7436102471208538112-eWWS,2026-03-18,approx_relative_age,2026-09-14,marketer_agency,,"launching early is a double-edged sword — we've seen it with review platforms too, where a bad first impression can lose you customers forever",yes,,,1,0,neutral,EARLY_LAUNCH_TRUST_RISK,EARLY_LAUNCH_TRUST_RISK,,NA_business_commentary,0,,0,0,,,,,,H12,INTERPRETATION,Commenter appears to be a review-platform business account,ai_first_pass,
LI-19-C2,linkedin,linkedin_post,comment,LI-19,https://www.linkedin.com/posts/abhishek-pandita-35b13b176_productstrategy-customerexperience-marketplaces-activity-7436102471208538112-eWWS,2026-08-24,approx_relative_age,2026-09-14,consumer,,"I ordered food and it was not delivered ... told him I will come and collect the order from him , but he refused ... I had a similar situation once happen with Swiggy .they immediately took the rider on conference call and sorted the matter",yes,,Also: customer care 'simply said we cannot do anything about it' — money-loss framing,1,1,neg,NON_DELIVERY;RIDER_CONDUCT;SUPPORT_UNRESPONSIVE;INCUMBENT_BETTER_RECOVERY;TRUST_LOSS_SCAM_FRAMING,NON_DELIVERY,4,delivery_handoff,1,away_from_ownly: Swiggy resolved similar rider issue via conference call; Ownly said nothing could be done,0,0,,rider refused handover near customer,,customer care 'cannot do anything'; multiple calls,implies money lost ('cheating him of his hard earned money'),H4;H9;H12,CONSUMER-GENERATED,~Aug 2026. Explicit incumbent-vs-Ownly service-recovery comparison,ai_first_pass,
LI-20,linkedin,linkedin_post,post,,https://www.linkedin.com/posts/kusum-khatri_flipkartfooddelivery-ownly-ondc-activity-7487768813036331008-cT7d,2026-07-28,exact_from_id,2026-09-14,unknown,11 reactions; 2 comments,"Coming right on the heels of Rapido's zero-commission platform 'Ownly,' ... Flipkart intends to address these precise pain points: ONDC Integration ... Lower Consumer Prices",yes_partial,Bengaluru,"Competitor context (Flipkart food via ONDC, Bengaluru pilot); commentary not consumer evidence",1,0,neutral,COMPETITOR_CONTEXT,COMPETITOR_CONTEXT,,NA_business_commentary,0,,0,0,Flipkart via ONDC pitches offline-close prices,,,,,H2,INTERPRETATION,"The 'no-markup' positioning is not unique to Ownly (Toing, Flipkart/ONDC)",ai_first_pass,
LI-20-C1,linkedin,linkedin_post,comment,LI-20,https://www.linkedin.com/posts/kusum-khatri_flipkartfooddelivery-ownly-ondc-activity-7487768813036331008-cT7d,2026-07-28,comment_date_unknown_parent_date_used,2026-09-14,unknown,,The real question is not entry - but whether Flipkart can balance lower costs with consistent delivery experience at scale.,yes,,,1,0,neutral,RELIABILITY_AT_SCALE_CONCERN,RELIABILITY_AT_SCALE_CONCERN,,NA_business_commentary,0,,0,0,,lower cost vs consistent delivery at scale,,,,H4,INTERPRETATION,About Flipkart but same trade-off applies,ai_first_pass,
LI-21,linkedin,linkedin_post,post,,https://www.linkedin.com/posts/moneycontrol_swiggys-toing-materially-more-successful-activity-7472235904791752704-wwsV,2026-06-15,exact_from_id,2026-09-14,investor_analyst_media,5 reactions; 1 comment,Swiggy's Toing materially more successful than Rapido's food delivery offering Ownly: JP Morgan JP Morgan noted that Toing's traction has been aided by higher marketing spends and warned that Swiggy could discontinue the offering if it fails to create incremental demand beyond countering Rapido's Ownly.,yes,,Analyst claim relayed by media; no numbers in post,1,0,neutral,COMPETITOR_CONTEXT;TOING_VS_OWNLY;ANALYST_VIEW,TOING_VS_OWNLY,,NA_business_commentary,0,,0,0,,,,,,H2;H9,MEDIA REPORT,"Jun 2026 (from activity id). JP Morgan view: Toing traction > Ownly, aided by higher marketing spend; Toing may be discontinued if not incremental. Primary analyst note not seen — Agent A to verify",ai_first_pass,
LI-21-C1,linkedin,linkedin_post,comment,LI-21,https://www.linkedin.com/posts/moneycontrol_swiggys-toing-materially-more-successful-activity-7472235904791752704-wwsV,2026-06-15,comment_date_unknown_parent_date_used,2026-09-14,unknown,1 reaction,Swiggy is a fraud company who cheats its customers…,yes_partial,,Incumbent distrust; truncated on page,1,0,neg,INCUMBENT_DISTRUST,INCUMBENT_DISTRUST,,NA_business_commentary,0,,0,0,,,,,accuses Swiggy of cheating customers,H1,CONSUMER-GENERATED,"Incumbent-side trust deficit (switching opportunity), single comment",ai_first_pass,
FO-01,forum,startuptalky_community,post,,https://community.startuptalky.com/discussions/post/some-launches-are-just-launches-Jkv5r9k2idG0gRi,2026-09-11,approx_relative_age,2026-09-14,ownly_rapido_employee_or_exec,not visible,"After a month of building supply, figuring things out from scratch, and putting in the work, Ownly is officially LIVE in Hyderabad!",yes,Hyderabad,Apparently cross-posted from LinkedIn by an Ownly team member; only public Hyderabad launch social item found,1,0,pos,HYDERABAD_LAUNCH;SUPPLY_BUILDING,HYDERABAD_LAUNCH,,NA_business_commentary,0,,0,0,,,'a month of building supply' before launch,,,H9;H10,COMPANY CLAIM,Ownly team member; ~2026-09-11 (approx). No consumer reactions visible,ai_first_pass,
X-01,x,x_post,post,,https://x.com/miless_15/status/2029066810772079024,2026-03-04,exact_from_id,2026-09-14,consumer,not visible (search-index snippet),"they claim to have no hidden charges. -low commission from restaurant owners - they already have a fleet. So I checked the prices of corn pizza on Swiggy, Zomato and Ownly.",search_snippet,Bengaluru,Bill figures reported by Oneindia 2026-03-05: Swiggy ~₹180 (after ₹50 discount + charges); Zomato ₹191.37; Ownly ₹124.95 (₹119 + ₹5.95 GST). Single order; CONSUMER-GENERATED via MEDIA REPORT,1,1,pos,PRICE_SAVINGS_OBSERVED;USER_BILL_COMPARISON,USER_BILL_COMPARISON,,pricing_checkout,1,to_ownly: ₹124.95 vs ₹180 (Swiggy) / ₹191.37 (Zomato) for one corn pizza,0,0,Ownly ~31–35% below incumbents on one low-AOV item after incumbents' discount+fees,not compared,,,,H1;H2,CONSUMER-GENERATED,"Viral, media-amplified (Oneindia 2026-03-05). Single low-AOV order; ETA/quality not compared; at launch Ownly delivery fee reportedly absent — may not reflect current fee",ai_first_pass,
X-02,x,x_post,post,,https://x.com/vishan_khadke/status/1955874112234250286,2025-08-14,exact_from_id,2026-09-14,unknown,not visible,"No platform fees for users. • Restaurants pay flat delivery fees; ZERO commission. • Orders ₹100-400: ₹29.50 fee for restaurants. • Orders below ₹100: Cost split - users ₹23.60, restaurants ₹11.80.",search_snippet,Bengaluru,,1,0,neutral,FEE_MODEL_DESCRIPTION,FEE_MODEL_DESCRIPTION,,NA_business_commentary,0,,0,0,pilot: restaurants pay ₹29.50 for ₹100–400 orders; <₹100 split user ₹23.60 / restaurant ₹11.80,,,,,H8,CONSUMER-GENERATED,Aug 2025 pilot structure; implies a per-order restaurant fee existed despite 'zero commission' framing — Agent A to verify,ai_first_pass,
X-03,x,x_post,post,,https://x.com/VaibhavSisinty/status/2029601613636325509,2026-03-05,exact_from_id,2026-09-14,marketer_agency,not visible,Rapido first killed Ola and Uber with one single killer move to become the undisputed market leader in India. Now they are using that same playbook to destroy Zomato & Swiggy.,search_snippet,Bengaluru,,1,0,pos,RAPIDO_ECOSYSTEM_ADVANTAGE,RAPIDO_ECOSYSTEM_ADVANTAGE,,NA_business_commentary,0,,0,0,,,,,,H7,INTERPRETATION,Growth-marketing influencer narrative,ai_first_pass,
X-04,x,x_post,post,,https://x.com/Dikshantgajera/status/2045006423478898712,2026-04-17,exact_from_id,2026-09-14,unknown,not visible,"Swiggy is operating two competing food delivery apps with the exact same restaurant listings. The catch? Their new app, Toing, matches offline dine-in pr…",search_snippet,,Competitor context: Swiggy Toing = incumbent's own offline-price app,1,0,neutral,COMPETITOR_CONTEXT,COMPETITOR_CONTEXT,,NA_business_commentary,0,,0,0,Swiggy Toing matches offline prices,,,,,H2,CONSUMER-GENERATED,Incumbent has its own offline-price app,ai_first_pass,
X-05,x,x_post,post,,https://x.com/bethalaluka/status/1955903164768547202,2025-08-14,exact_from_id,2026-09-14,unknown,not visible,"Rapido has finally launched its food delivery app, OWNLY ... Currently available in HSR and Koramangala, Bengaluru.",search_snippet,Bengaluru,,1,0,neutral,LAUNCH_CLAIM_RELAY,LAUNCH_CLAIM_RELAY,,discovery_onboarding,0,,0,0,,,,,,H9,CONSUMER-GENERATED,"Pilot availability (HSR, Koramangala)",ai_first_pass,
X-06,x,x_post,post,,https://x.com/Ravisutanjani/status/1955634163853443142,2025-08-13,exact_from_id,2026-09-14,investor_analyst_media,not visible,Rapido Will Follow Flat Commission Model Good To See Competitor of Zomato and Swiggy,search_snippet,Bengaluru,,1,0,pos,WELCOME_THIRD_COMPETITOR,WELCOME_THIRD_COMPETITOR,,NA_business_commentary,0,,0,0,,,,,,H1,MEDIA REPORT,News-aggregator account,ai_first_pass,
X-07,x,x_post,post,,https://x.com/chandrarsrikant/status/1932341740729733322,2025-06-10,exact_from_id,2026-09-14,investor_analyst_media,not visible,"""Every person should have the luxury of choice and the ability to order a reasonably priced meal"" is Rapido's mission as it firms up plans to enter the food delivery market",search_snippet,Bengaluru,Quoted Rapido mission = COMPANY CLAIM relayed by journalist,1,0,neutral,LAUNCH_CLAIM_RELAY,LAUNCH_CLAIM_RELAY,,NA_business_commentary,0,,0,0,'reasonably priced meal' mission,,,,,H2,COMPANY CLAIM,Journalist relaying company mission statement,ai_first_pass,
RD-1k2w5wi,reddit,r/personalfinanceindia,post,,https://www.reddit.com/r/personalfinanceindia/comments/1k2w5wi/6_months_of_living_alone_in_india_heres_what_my/,2025-04-19,exact_rss,2026-09-14,consumer_unverified,not exposed by RSS,"6 months of living alone in India — here's what my monthly expenses look like — Hey folks! I've (22) been living on my own in Bangalore for the past 6 months, and I thought I'd share a breakdown of my monthly expenses for anyone curious about the cost of living here. Food : ~₹8000/month (₹65 + ₹100 + ₹100 …",yes_truncated_60w,Bengaluru,thread focus: broader Rapido/food-delivery,1,0,neutral,DAILY_FOOD_BUDGET_ANCHOR,DAILY_FOOD_BUDGET_ANCHOR,,NA_business_commentary,0,,0,0,,,,,,H1;H6,CONSUMER-GENERATED,"2025-04-19, 22-year-old living in shared house: food ~₹8,000/month (₹65 + ₹100 + ₹100/day); Rapido used for transport, not food — context for young-professional budgets, not Ownly evidence",ai_first_pass,
RD-1k2w5wi-moeofj8,reddit,r/personalfinanceindia,comment,RD-1k2w5wi,https://www.reddit.com/r/personalfinanceindia/comments/1k2w5wi/6_months_of_living_alone_in_india_heres_what_my/moeofj8/,2025-04-22,exact_rss,2026-09-14,consumer_unverified,not exposed by RSS,"I've(24M) been working in IT field in Chennai here is my breakdown For a house 2bhk-3k My share including current and water (12k -total rent, shared with fellas) Food- 8-10k ( eating comfortably mostly nonveg) Transport -1k (mostly by bus & rapido) Home travel and personal expenses -2k My Total expenses:~ 16k For family -20k It's enough for my 20s, …",yes_truncated_60w,Chennai,thread focus: broader Rapido/food-delivery,1,0,neutral,DAILY_FOOD_BUDGET_ANCHOR,DAILY_FOOD_BUDGET_ANCHOR,,NA_business_commentary,0,,0,0,,,,,,H6,CONSUMER-GENERATED,24-year-old IT worker: food ₹8–10k/month; Rapido as transport,ai_first_pass,
RD-1nclyuy,reddit,r/swiggy,post,,https://www.reddit.com/r/swiggy/comments/1nclyuy/anyone_tried_rapidos_food_delivery_ownly/,2025-09-09,exact_rss,2026-09-14,consumer_unverified,not exposed by RSS,"Anyone tried Rapido’s food delivery (Ownly) ? — So I noticed that Rapido has launched food delivery here in Bangalore under the app name Ownly. I can see it’s available in HSR and Koramangala right now, but the catch is that there are very few restaurants listed and in most areas delivery isn’t even available yet. I downloaded the app …",yes_truncated_60w,Bengaluru,thread focus: Ownly,1,1,mixed,ASSORTMENT_LIMITED;SERVICE_AREA_LIMITED;DISCOVERY_UX_BASIC;PRICE_SAVINGS_OBSERVED,ASSORTMENT_LIMITED,1,browse_menu,0,,0,0,pricing 'caught my attention' (text truncated),,'very few restaurants listed',,,H2;H9;H10,CONSUMER-GENERATED,"Pilot (HSR, Koramangala), Sep 2025",ai_first_pass,
RD-1nclyuy-nda2voc,reddit,r/swiggy,comment,RD-1nclyuy,https://www.reddit.com/r/swiggy/comments/1nclyuy/anyone_tried_rapidos_food_delivery_ownly/nda2voc/,2025-09-09,exact_rss,2026-09-14,consumer_unverified,not exposed by RSS,"Thank you for your post, u/[redacted] ! It is currently under review and will be public after quality check. You can help in the process. We are looking for moderators. If you hang in this sub a lot and feel a sense of community here; maybe you would like to be a mod? If your account is more than 6 …",yes_truncated_60w,,thread focus: Ownly,0,0,,,,,,0,,0,0,,,,,,,,subreddit automoderator message,ai_first_pass,
RD-1nclyuy-nddymv2,reddit,r/swiggy,comment,RD-1nclyuy,https://www.reddit.com/r/swiggy/comments/1nclyuy/anyone_tried_rapidos_food_delivery_ownly/nddymv2/,2025-09-10,exact_rss,2026-09-14,consumer_unverified,not exposed by RSS,Restaurant will just overprice in this app also doesn't matter if they take commission or not in online thousands of people order food from these apps because of that they will 100 percent get orders,yes_truncated_60w,,thread focus: Ownly,1,0,neg,MENU_MARKUP_EXPECTED_ON_OWNLY,MENU_MARKUP_EXPECTED_ON_OWNLY,,NA_business_commentary,0,,0,0,,,,,,H2,CONSUMER-GENERATED,Expects restaurants to overprice on Ownly anyway,ai_first_pass,
RD-1nclyuy-nddzh25,reddit,r/swiggy,comment,RD-1nclyuy,https://www.reddit.com/r/swiggy/comments/1nclyuy/anyone_tried_rapidos_food_delivery_ownly/nddzh25/,2025-09-10,exact_rss,2026-09-14,consumer_unverified,not exposed by RSS,And right now they probably have problems regarding customer support delivery partners stealing food because their delivery app is new,yes_truncated_60w,,thread focus: Ownly,1,0,neutral,EARLY_LAUNCH_TRUST_RISK,EARLY_LAUNCH_TRUST_RISK,,NA_business_commentary,0,,0,0,,,,,,H4;H12,CONSUMER-GENERATED,"Speculative, not experience",ai_first_pass,
RD-1nclyuy-ndlcips,reddit,r/swiggy,comment,RD-1nclyuy,https://www.reddit.com/r/swiggy/comments/1nclyuy/anyone_tried_rapidos_food_delivery_ownly/ndlcips/,2025-09-11,exact_rss,2026-09-14,consumer_unverified,not exposed by RSS,I think Online apps are doing this. Not restaurents.,yes_truncated_60w,,thread focus: Ownly,1,0,neutral,INCUMBENT_BLAMED_FOR_MARKUP,INCUMBENT_BLAMED_FOR_MARKUP,,NA_business_commentary,0,,0,0,,,,,,H1,CONSUMER-GENERATED,,ai_first_pass,
RD-1nclyuy-ndm2od8,reddit,r/swiggy,comment,RD-1nclyuy,https://www.reddit.com/r/swiggy/comments/1nclyuy/anyone_tried_rapidos_food_delivery_ownly/ndm2od8/,2025-09-11,exact_rss,2026-09-14,consumer_unverified,not exposed by RSS,They might be taking 30 percent commission even if they will lower the commission restaurant will understand that people buy at this price easily so there's no point of lowering prices,yes_truncated_60w,,thread focus: Ownly,1,0,neg,MENU_MARKUP_EXPECTED_ON_OWNLY,MENU_MARKUP_EXPECTED_ON_OWNLY,,NA_business_commentary,0,,0,0,,,,,,H2,CONSUMER-GENERATED,,ai_first_pass,
RD-1nclyuy-ndgfhsw,reddit,r/swiggy,comment,RD-1nclyuy,https://www.reddit.com/r/swiggy/comments/1nclyuy/anyone_tried_rapidos_food_delivery_ownly/ndgfhsw/,2025-09-10,exact_rss,2026-09-14,consumer_unverified,not exposed by RSS,I'm not able to add my address so it's a no go for now,yes_truncated_60w,,thread focus: Ownly,1,1,neg,SERVICE_AREA_LIMITED,SERVICE_AREA_LIMITED,2,discovery_onboarding,0,,0,0,,,,,,H9,CONSUMER-GENERATED,Could not add address — not serviceable,ai_first_pass,
RD-1nclyuy-nqpoc6l,reddit,r/swiggy,comment,RD-1nclyuy,https://www.reddit.com/r/swiggy/comments/1nclyuy/anyone_tried_rapidos_food_delivery_ownly/nqpoc6l/,2025-11-25,exact_rss,2026-09-14,consumer_unverified,not exposed by RSS,"Hi, I've onboard on Ownly but I'm unable to use it, can anyone tell me is there any apk application for Ownly Rapido",yes_truncated_60w,,thread focus: Ownly,1,1,neg,SERVICE_AREA_LIMITED;APP_ACCESS_ISSUE,SERVICE_AREA_LIMITED,2,app_account,0,,0,0,,,,,,H9,CONSUMER-GENERATED,,ai_first_pass,
RD-1nclyuy-ocdb1nb,reddit,r/swiggy,comment,RD-1nclyuy,https://www.reddit.com/r/swiggy/comments/1nclyuy/anyone_tried_rapidos_food_delivery_ownly/ocdb1nb/,2026-03-25,exact_rss,2026-09-14,consumer_unverified,not exposed by RSS,They must not be available in your area,yes_truncated_60w,,thread focus: Ownly,1,0,neutral,SERVICE_AREA_LIMITED,SERVICE_AREA_LIMITED,,discovery_onboarding,0,,0,0,,,,,,H9,CONSUMER-GENERATED,,ai_first_pass,
RD-1nclyuy-nu17sk9,reddit,r/swiggy,comment,RD-1nclyuy,https://www.reddit.com/r/swiggy/comments/1nclyuy/anyone_tried_rapidos_food_delivery_ownly/nu17sk9/,2025-12-14,exact_rss,2026-09-14,consumer_unverified,not exposed by RSS,They are Legit the CTRLX is registered as Rapido child company,yes_truncated_60w,,thread focus: Ownly,1,0,pos,LEGITIMACY_REASSURANCE,LEGITIMACY_REASSURANCE,,NA_business_commentary,0,,0,0,,,,,reassures CTRLX is a registered Rapido subsidiary,H7,CONSUMER-GENERATED,,ai_first_pass,
RD-1nclyuy-o6kcdaz,reddit,r/swiggy,comment,RD-1nclyuy,https://www.reddit.com/r/swiggy/comments/1nclyuy/anyone_tried_rapidos_food_delivery_ownly/o6kcdaz/,2026-02-21,exact_rss,2026-09-14,consumer_unverified,not exposed by RSS,"Worst delivery app I've used. First driver disappeared, second driver delayed, support clueless, and over an hour later: canceled. Don’t trust your meal with them. Dont try Only!!",yes_truncated_60w,,thread focus: Ownly,0,0,,,,,,0,,0,0,,,,,,,,"same incident as RD-1qcrc1f-o6kcml5 (same minute, same details) — excluded from counts to avoid double counting",ai_first_pass,
RD-1nclyuy-o6kchdh,reddit,r/swiggy,comment,RD-1nclyuy,https://www.reddit.com/r/swiggy/comments/1nclyuy/anyone_tried_rapidos_food_delivery_ownly/o6kchdh/,2026-02-21,exact_rss,2026-09-14,consumer_unverified,not exposed by RSS,"Using Ownly was a disaster. I ordered from California Burrito, and the first driver literally drove away. Support was painfully slow, taking 10-15 minutes to respond each time. After over an hour of incompetence, they just canceled the order. This app is a complete joke, avoid it unless you enjoy wasting time and patience.",yes_truncated_60w,,thread focus: Ownly,0,0,,,,,,0,,0,0,,,,,,,,verbatim duplicate cross-post of RD-1qcrc1f-o6kcml5 — excluded from counts,ai_first_pass,
RD-1nclyuy-o7nrj28,reddit,r/swiggy,comment,RD-1nclyuy,https://www.reddit.com/r/swiggy/comments/1nclyuy/anyone_tried_rapidos_food_delivery_ownly/o7nrj28/,2026-02-27,exact_rss,2026-09-14,consumer_unverified,not exposed by RSS,Really? Can you share proofs? 😭,yes_truncated_60w,,thread focus: Ownly,0,0,,,,,,0,,0,0,,,,,,,,asks for proof; no content,ai_first_pass,
RD-1nclyuy-o8exnna,reddit,r/swiggy,comment,RD-1nclyuy,https://www.reddit.com/r/swiggy/comments/1nclyuy/anyone_tried_rapidos_food_delivery_ownly/o8exnna/,2026-03-03,exact_rss,2026-09-14,consumer_unverified,not exposed by RSS,he's been commenting the same thing on all threads. Sounds like a Swiggy agent :p,yes_truncated_60w,,thread focus: Ownly,1,0,neutral,ASTROTURF_SUSPICION,ASTROTURF_SUSPICION,,NA_business_commentary,0,,0,0,,,,,,H7,CONSUMER-GENERATED,"Says the negative poster repeats the same comment on all threads, suspects Swiggy agent",ai_first_pass,
RD-1nclyuy-p6qxdxd,reddit,r/swiggy,comment,RD-1nclyuy,https://www.reddit.com/r/swiggy/comments/1nclyuy/anyone_tried_rapidos_food_delivery_ownly/p6qxdxd/,2026-08-30,exact_rss,2026-09-14,consumer_unverified,not exposed by RSS,SWIGGY PR 🤣🤣 or or Could be ZOMATO too,yes_truncated_60w,,thread focus: Ownly,1,0,neutral,ASTROTURF_SUSPICION,ASTROTURF_SUSPICION,,NA_business_commentary,0,,0,0,,,,,,H7,CONSUMER-GENERATED,,ai_first_pass,
RD-1nclyuy-ocrpw8j,reddit,r/swiggy,comment,RD-1nclyuy,https://www.reddit.com/r/swiggy/comments/1nclyuy/anyone_tried_rapidos_food_delivery_ownly/ocrpw8j/,2026-03-27,exact_rss,2026-09-14,consumer_unverified,not exposed by RSS,I agree with this actually. The app interface is bad. But delivery is the worst! I complained about the same thing about 5 times and no fixes,yes_truncated_60w,,thread focus: Ownly,1,1,neg,DELIVERY_PROBLEMS_RECURRING;APP_UX_SLOW_GLITCHY;SUPPORT_UNRESPONSIVE,DELIVERY_PROBLEMS_RECURRING,3,dispatch_eta,0,,0,1,,,,"complained ~5 times, no fixes",,H4;H12,CONSUMER-GENERATED,,ai_first_pass,
RD-1nclyuy-ocrq382,reddit,r/swiggy,comment,RD-1nclyuy,https://www.reddit.com/r/swiggy/comments/1nclyuy/anyone_tried_rapidos_food_delivery_ownly/ocrq382/,2026-03-27,exact_rss,2026-09-14,consumer_unverified,not exposed by RSS,Yeah I used it for 2 weeks and I'm going to delete my account! The app interface is really bad - slow and glitchy. And it looks like they hired a bunch of delivery partners without training them about the app. They're constantly confused,yes_truncated_60w,,thread focus: Ownly,0,0,,,,,,0,,0,0,,,,,,,,verbatim duplicate cross-post of RD-1qcrc1f-ocrqfj6 — excluded from counts,ai_first_pass,
RD-1nclyuy-ocwxxxt,reddit,r/swiggy,comment,RD-1nclyuy,https://www.reddit.com/r/swiggy/comments/1nclyuy/anyone_tried_rapidos_food_delivery_ownly/ocwxxxt/,2026-03-28,exact_rss,2026-09-14,consumer_unverified,not exposed by RSS,"Less restaurants, normal pricing, I like it. No pricing mess swiggy zomato create.",yes_truncated_60w,,thread focus: Ownly,1,1,pos,SIMPLE_PRICING_POSITIVE;ASSORTMENT_LIMITED;NO_HIDDEN_FEES_POSITIVE,SIMPLE_PRICING_POSITIVE,,pricing_checkout,1,to_ownly: fewer restaurants accepted for 'normal pricing',0,0,"'normal pricing, I like it. No pricing mess swiggy zomato create'",,'Less restaurants' — accepted,,,H2;H5;H10,CONSUMER-GENERATED,Accepts smaller assortment for simple pricing (H5/H10),ai_first_pass,
RD-1nclyuy-od40bi7,reddit,r/swiggy,comment,RD-1nclyuy,https://www.reddit.com/r/swiggy/comments/1nclyuy/anyone_tried_rapidos_food_delivery_ownly/od40bi7/,2026-03-29,exact_rss,2026-09-14,consumer_unverified,not exposed by RSS,Is it available in bangalore only?,yes_truncated_60w,,thread focus: Ownly,1,0,neutral,CITY_AVAILABILITY_QUESTION,CITY_AVAILABILITY_QUESTION,,discovery_onboarding,0,,0,0,,,,,,H9,CONSUMER-GENERATED,,ai_first_pass,
RD-1nclyuy-odj5wgc,reddit,r/swiggy,comment,RD-1nclyuy,https://www.reddit.com/r/swiggy/comments/1nclyuy/anyone_tried_rapidos_food_delivery_ownly/odj5wgc/,2026-03-31,exact_rss,2026-09-14,consumer_unverified,not exposed by RSS,"I’m having the biggest jeopardy now.. I had ordered from the app and an hour later, the delivery guy calls and says the shop is closed and told us to cancel.. now I can’t reach the customer care, the shop or the delivery person.. that cash is gone",yes_truncated_60w,,thread focus: Ownly,1,1,neg,LISTING_MENU_ACCURACY;PLATFORM_RESTAURANT_CANCELLATION;SUPPORT_UNRESPONSIVE,LISTING_MENU_ACCURACY,4,post_order_support_refund,0,,0,0,,rider called after an hour: shop closed,,"cannot reach customer care, shop or rider",'that cash is gone',H4;H9;H12,CONSUMER-GENERATED,,ai_first_pass,
RD-1nclyuy-odnsfqk,reddit,r/swiggy,comment,RD-1nclyuy,https://www.reddit.com/r/swiggy/comments/1nclyuy/anyone_tried_rapidos_food_delivery_ownly/odnsfqk/,2026-04-01,exact_rss,2026-09-14,consumer_unverified,not exposed by RSS,"Worst experience with this app.please don't use it.waste of money and time, delivered to wrong location",yes_truncated_60w,,thread focus: Ownly,1,1,neg,NON_DELIVERY,NON_DELIVERY,3,delivery_handoff,1,away_from_ownly: 'please don't use it',0,0,,,,,,H4,CONSUMER-GENERATED,Delivered to wrong location,ai_first_pass,
RD-1nclyuy-oe3k4qv,reddit,r/swiggy,comment,RD-1nclyuy,https://www.reddit.com/r/swiggy/comments/1nclyuy/anyone_tried_rapidos_food_delivery_ownly/oe3k4qv/,2026-04-03,exact_rss,2026-09-14,consumer_unverified,not exposed by RSS,"Never ever order from this app, unless you want to go hungry and end up ordering in swiggy/zomato anyway. They have no idea what is going on with their delivery partners. I cant believe the app with this service is being reported as disruptive! https://preview.redd.it/t7qx5eau50tg1.jpeg?width=1080&format=pjpg&auto=webp&s=44ac4482f7f8707b5d66d6e4463e1d36f3185b4a",yes_truncated_60w,,thread focus: Ownly,1,1,neg,NON_DELIVERY;FALLBACK_TO_INCUMBENT;RIDER_COORDINATION_FAILURE,NON_DELIVERY,3,delivery_handoff,1,away_from_ownly: ends up ordering on Swiggy/Zomato anyway,0,0,,,,,,H4;H9;H12,CONSUMER-GENERATED,'no idea what is going on with their delivery partners',ai_first_pass,
RD-1nclyuy-og3ay3d,reddit,r/swiggy,comment,RD-1nclyuy,https://www.reddit.com/r/swiggy/comments/1nclyuy/anyone_tried_rapidos_food_delivery_ownly/og3ay3d/,2026-04-14,exact_rss,2026-09-14,consumer_unverified,not exposed by RSS,"Yes, I did it.. I suggest no one tries this.. firstly app has a lot of issues and the main thing is they have very few restaurant options I tried to order twice through the app. Their prices are comparitively lesser because they only take delivery fee on the restaurant cost but both the times, they canceled in the very …",yes_truncated_60w,,thread focus: Ownly,1,1,neg,PLATFORM_RESTAURANT_CANCELLATION;ASSORTMENT_LIMITED;APP_UX_SLOW_GLITCHY;PRICE_SAVINGS_OBSERVED,PLATFORM_RESTAURANT_CANCELLATION,3,dispatch_eta,1,away_from_ownly: two last-minute cancellations despite lower prices,0,1,'prices are comparitively lesser',,'very few restaurant options',,,H2;H4;H10;H12,CONSUMER-GENERATED,Tried twice; both cancelled at the end while app showed rider at restaurant,ai_first_pass,
RD-1nclyuy-oganv2f,reddit,r/swiggy,comment,RD-1nclyuy,https://www.reddit.com/r/swiggy/comments/1nclyuy/anyone_tried_rapidos_food_delivery_ownly/oganv2f/,2026-04-15,exact_rss,2026-09-14,consumer_unverified,not exposed by RSS,Why on earth one would not include COD as one of the payment methods? What's the reasoning behind this crap is something I am still wondering about?,yes_truncated_60w,,thread focus: Ownly,1,0,neg,NO_CASH_ON_DELIVERY,NO_CASH_ON_DELIVERY,1,payment,0,,0,0,,,,,,H9,CONSUMER-GENERATED,,ai_first_pass,
RD-1nclyuy-ojuxr45,reddit,r/swiggy,comment,RD-1nclyuy,https://www.reddit.com/r/swiggy/comments/1nclyuy/anyone_tried_rapidos_food_delivery_ownly/ojuxr45/,2026-05-04,exact_rss,2026-09-14,consumer_unverified,not exposed by RSS,"They are runnung some kinda scame , i have ordered Regular Rice bowl and they deliver mini each time and dont refund a penny out of it . https://preview.redd.it/wrje4s20d4zg1.jpeg?width=1440&format=pjpg&auto=webp&s=2c58c7dde76cc4d66418db05fc9222bfcff96634 This is their customer service",yes_truncated_60w,,thread focus: Ownly,1,1,neg,MISSING_WRONG_ITEMS;REFUND_ISSUE;TRUST_LOSS_SCAM_FRAMING,MISSING_WRONG_ITEMS,4,food_quality_accuracy,0,,0,1,,,,,"ordered regular rice bowl, got mini 'each time'; no refund",H4;H12,CONSUMER-GENERATED,Screenshot of support not retrievable,ai_first_pass,
RD-1nclyuy-onzmqoc,reddit,r/swiggy,comment,RD-1nclyuy,https://www.reddit.com/r/swiggy/comments/1nclyuy/anyone_tried_rapidos_food_delivery_ownly/onzmqoc/,2026-05-26,exact_rss,2026-09-14,consumer_unverified,not exposed by RSS,Absolutely poor experience received wrong order and the customer support specialist said its not refundable wasted 400rs.,yes_truncated_60w,,thread focus: Ownly,1,1,neg,MISSING_WRONG_ITEMS;REFUND_ISSUE,MISSING_WRONG_ITEMS,4,post_order_support_refund,0,,0,0,,,,wrong order declared 'not refundable','wasted 400rs',H4;H12,CONSUMER-GENERATED,,ai_first_pass,
RD-1nclyuy-oo7vq9m,reddit,r/swiggy,comment,RD-1nclyuy,https://www.reddit.com/r/swiggy/comments/1nclyuy/anyone_tried_rapidos_food_delivery_ownly/oo7vq9m/,2026-05-27,exact_rss,2026-09-14,consumer_unverified,not exposed by RSS,"pathetic app i ordered sabudana khichadi from truth bowl, delivery guy marked order delivered but not received ... they dont have pay on delivery option as well",yes_truncated_60w,,thread focus: Ownly,0,0,,,,,,0,,0,0,,,,,,,,verbatim duplicate cross-post of RD-1qcrc1f-oo7vwmt — excluded from counts,ai_first_pass,
RD-1nclyuy-ouh03z1,reddit,r/swiggy,comment,RD-1nclyuy,https://www.reddit.com/r/swiggy/comments/1nclyuy/anyone_tried_rapidos_food_delivery_ownly/ouh03z1/,2026-06-29,exact_rss,2026-09-14,consumer_unverified,not exposed by RSS,https://preview.redd.it/t2jnbbx507ah1.jpeg?width=1170&format=pjpg&auto=webp&s=5abb24dd2dbb5a3e89b4f29818fab87bc7a5cd01 Driver ran away with my order,yes_truncated_60w,,thread focus: Ownly,1,1,neg,RIDER_CONDUCT;NON_DELIVERY,RIDER_CONDUCT,3,delivery_handoff,0,,0,0,,,,,,H4;H9,CONSUMER-GENERATED,'Driver ran away with my order' (screenshot not retrievable),ai_first_pass,
RD-1nclyuy-our2y87,reddit,r/swiggy,comment,RD-1nclyuy,https://www.reddit.com/r/swiggy/comments/1nclyuy/anyone_tried_rapidos_food_delivery_ownly/our2y87/,2026-06-30,exact_rss,2026-09-14,consumer_unverified,not exposed by RSS,"Guys !! i have used it,it's Available at my area North Blr Limited Options Reasonable Fares (Not fully affordable) still way better than all apps It still doesn't have huge options",yes_truncated_60w,Bengaluru,thread focus: Ownly,1,1,mixed,ASSORTMENT_LIMITED;PRICE_SAVINGS_OBSERVED,ASSORTMENT_LIMITED,,browse_menu,0,,0,0,'Reasonable Fares (Not fully affordable) still way better than all apps',,'Limited Options',,,H2;H10,CONSUMER-GENERATED,"North Bengaluru, Jun 2026",ai_first_pass,
RD-1nclzlx,reddit,r/Zomato,post,,https://www.reddit.com/r/Zomato/comments/1nclzlx/anyone_tried_rapidos_food_delivery_ownly/,2025-09-09,exact_rss,2026-09-14,consumer_unverified,not exposed by RSS,"Anyone tried Rapido’s food delivery (Ownly) ? — So I noticed that Rapido has launched food delivery here in Bangalore under the app name Ownly. I can see it’s available in HSR and Koramangala right now, but the catch is that there are very few restaurants listed and in most areas delivery isn’t even available yet. I downloaded the app …",yes_truncated_60w,,thread focus: Ownly,0,0,,,,,,0,,0,0,,,,,,,,"verbatim cross-post of RD-1nclyuy (same author, same text) — excluded from counts",ai_first_pass,
RD-1nclzlx-ndcbc4d,reddit,r/Zomato,comment,RD-1nclzlx,https://www.reddit.com/r/Zomato/comments/1nclzlx/anyone_tried_rapidos_food_delivery_ownly/ndcbc4d/,2025-09-09,exact_rss,2026-09-14,consumer_unverified,not exposed by RSS,"Question to OP? Which food delivery app do you habitually use, Zomato or Swiggy? If Rapido enters the market full fledgedly with a fixed delivery zero commission model as we have heard, would it be enough for you to switch from your current go to app or is there something more that you need to switch to Rapido? I am …",yes_truncated_60w,,thread focus: Ownly,0,0,,,,,,0,,0,0,,,,,,,,survey/research solicitation by an academic researcher; no Ownly experience,ai_first_pass,
RD-1nclzlx-nddnreu,reddit,r/Zomato,comment,RD-1nclzlx,https://www.reddit.com/r/Zomato/comments/1nclzlx/anyone_tried_rapidos_food_delivery_ownly/nddnreu/,2025-09-10,exact_rss,2026-09-14,consumer_unverified,not exposed by RSS,Currently using both. Pricing is a big factor for a switch!,yes_truncated_60w,,thread focus: Ownly,1,0,neutral,PRICE_AS_SWITCH_TRIGGER;MULTI_HOMING_PRICE_COMPARISON,PRICE_AS_SWITCH_TRIGGER,,NA_business_commentary,1,to_ownly (conditional): 'Pricing is a big factor for a switch!',0,0,,,,,,H1;H2,CONSUMER-GENERATED,Uses both Swiggy and Zomato,ai_first_pass,
RD-1nclzlx-ntzggfd,reddit,r/Zomato,comment,RD-1nclzlx,https://www.reddit.com/r/Zomato/comments/1nclzlx/anyone_tried_rapidos_food_delivery_ownly/ntzggfd/,2025-12-14,exact_rss,2026-09-14,consumer_unverified,not exposed by RSS,Completely useless. The restaurants list almost the same exorbitant prices as they do on Swiggy or Zomato. But Swiggy and Zomato offer discounts to reduce the prices. Ownly doesn't. Ownly only offers high profit margin to restaurants but nothing to the customer.,yes_truncated_60w,,thread focus: Ownly,1,1,neg,RESTAURANT_CAPTURES_SAVINGS;NO_DISCOUNTS_ON_OWNLY;INCUMBENT_CHEAPER_AFTER_OFFERS,RESTAURANT_CAPTURES_SAVINGS,2,pricing_checkout,1,away_from_ownly: same menu prices as incumbents but no discounts — 'Completely useless',0,0,"restaurants list 'almost the same exorbitant prices' as Swiggy/Zomato, which then discount; Ownly doesn't",,,,,H2,CONSUMER-GENERATED,"Dec 2025. Mechanism: zero commission benefits restaurant margin, not customer price",ai_first_pass,
RD-1nclzlx-nzb4quo,reddit,r/Zomato,comment,RD-1nclzlx,https://www.reddit.com/r/Zomato/comments/1nclzlx/anyone_tried_rapidos_food_delivery_ownly/nzb4quo/,2026-01-13,exact_rss,2026-09-14,consumer_unverified,not exposed by RSS,Second this. No point of flat fee if restaurants prices are same as on other platforms.,yes_truncated_60w,,thread focus: Ownly,1,0,neg,RESTAURANT_CAPTURES_SAVINGS,RESTAURANT_CAPTURES_SAVINGS,,pricing_checkout,0,,0,0,'No point of flat fee if restaurants prices are same as on other platforms',,,,,H2,CONSUMER-GENERATED,,ai_first_pass,
RD-1nclzlx-o6kcxtm,reddit,r/Zomato,comment,RD-1nclzlx,https://www.reddit.com/r/Zomato/comments/1nclzlx/anyone_tried_rapidos_food_delivery_ownly/o6kcxtm/,2026-02-21,exact_rss,2026-09-14,consumer_unverified,not exposed by RSS,"Using Ownly was a disaster. I ordered from California Burrito, and the first driver literally drove away. Support was painfully slow, taking 10-15 minutes to respond each time. After over an hour of incompetence, they just canceled the order. This app is a complete joke, avoid it unless you enjoy wasting time and patience. Also commented on other posts as …",yes_truncated_60w,,thread focus: Ownly,0,0,,,,,,0,,0,0,,,,,,,,third cross-post of RD-1qcrc1f-o6kcml5; author states they 'commented on other posts as well' — confirms de-duplication; excluded from counts,ai_first_pass,
RD-1nk2ror,reddit,r/ShareBazarIndia,post,,https://www.reddit.com/r/ShareBazarIndia/comments/1nk2ror/rapido_entered_the_food_delivery_space_with_ownly/,2025-09-18,exact_rss,2026-09-14,investor_analyst_media,not exposed by RSS,"Rapido entered the food delivery space with Ownly, with a very different model from Swiggy & Zomato — Instead of commissions, it’s going flat fee for restaurants & zero delivery charges for users Effective order values are 17-49% cheaper vs Swiggy & Zomato Rapido’s large rider network & brand in mobility provide cross leverage advantage Win win for both → …",yes_truncated_60w,,thread focus: Ownly,1,0,pos,LAUNCH_CLAIM_RELAY;FEE_MODEL_DESCRIPTION;RAPIDO_ECOSYSTEM_ADVANTAGE,LAUNCH_CLAIM_RELAY,,NA_business_commentary,0,,0,0,"relays 'effective order values 17–49% cheaper'; flat restaurant fee, zero user delivery charge (pilot)",,,,,H2;H7,MEDIA REPORT,Figures unsourced in post (likely brokerage/media research),ai_first_pass,
RD-1nk2ror-nev20nr,reddit,r/ShareBazarIndia,comment,RD-1nk2ror,https://www.reddit.com/r/ShareBazarIndia/comments/1nk2ror/rapido_entered_the_food_delivery_space_with_ownly/nev20nr/,2025-09-18,exact_rss,2026-09-14,consumer_unverified,not exposed by RSS,Eternal and swiggy should bite the dust Suppory ownly,yes_truncated_60w,,thread focus: Ownly,1,0,pos,WELCOME_THIRD_COMPETITOR;INCUMBENT_DISTRUST,WELCOME_THIRD_COMPETITOR,,NA_business_commentary,0,,0,0,,,,,,H1,CONSUMER-GENERATED,,ai_first_pass,
RD-1nk2ror-nf7kcb2,reddit,r/ShareBazarIndia,comment,RD-1nk2ror,https://www.reddit.com/r/ShareBazarIndia/comments/1nk2ror/rapido_entered_the_food_delivery_space_with_ownly/nf7kcb2/,2025-09-20,exact_rss,2026-09-14,consumer_unverified,not exposed by RSS,Imagine riding around 10kms with E20 petrol and earn 25rs.,yes_truncated_60w,,thread focus: Ownly,1,0,neg,RIDER_EARNINGS_CONCERN,RIDER_EARNINGS_CONCERN,,NA_business_commentary,0,,0,0,,,,,,H9,CONSUMER-GENERATED,Doubts captain economics (~₹25 for 10 km on E20 petrol) — supply-side risk,ai_first_pass,
RD-1nk2ror-nfi8jqw,reddit,r/ShareBazarIndia,comment,RD-1nk2ror,https://www.reddit.com/r/ShareBazarIndia/comments/1nk2ror/rapido_entered_the_food_delivery_space_with_ownly/nfi8jqw/,2025-09-21,exact_rss,2026-09-14,consumer_unverified,not exposed by RSS,Came here to say this.. 😂,yes_truncated_60w,,thread focus: Ownly,1,0,neg,RIDER_EARNINGS_CONCERN,RIDER_EARNINGS_CONCERN,,NA_business_commentary,0,,0,0,,,,,,H9,CONSUMER-GENERATED,,ai_first_pass,
RD-1nk2ror-nfok3th,reddit,r/ShareBazarIndia,comment,RD-1nk2ror,https://www.reddit.com/r/ShareBazarIndia/comments/1nk2ror/rapido_entered_the_food_delivery_space_with_ownly/nfok3th/,2025-09-22,exact_rss,2026-09-14,consumer_unverified,not exposed by RSS,how is delivery not distance based...,yes_truncated_60w,,thread focus: Ownly,1,0,neutral,RIDER_EARNINGS_CONCERN;FEE_MODEL_DESCRIPTION,RIDER_EARNINGS_CONCERN,,NA_business_commentary,0,,0,0,,,,,,H8;H9,CONSUMER-GENERATED,Questions non-distance-based delivery fee,ai_first_pass,
RD-1o842dl,reddit,r/Storyboard18,post,,https://www.reddit.com/r/Storyboard18/comments/1o842dl/eternals_deepinder_goyal_on_swiggy_toing_rapido/,2025-10-16,exact_rss,2026-09-14,investor_analyst_media,not exposed by RSS,"Eternal’s Deepinder Goyal on Swiggy Toing, Rapido Ownly: ‘We don’t need another app' — Speaking on the company’s approach, Deepinder Goyal said that the Zomato app itself can cater to value-seeking users. Read more",yes_truncated_60w,,thread focus: Ownly,1,0,neutral,COMPETITOR_CONTEXT;TOING_VS_OWNLY,COMPETITOR_CONTEXT,,NA_business_commentary,0,,0,0,,,,,,H2,MEDIA REPORT,Eternal CEO: Zomato app itself can serve value-seeking users; 'We don't need another app' (2025-10-16),ai_first_pass,
RD-1o842dl-nl9p5an,reddit,r/Storyboard18,comment,RD-1o842dl,https://www.reddit.com/r/Storyboard18/comments/1o842dl/eternals_deepinder_goyal_on_swiggy_toing_rapido/nl9p5an/,2025-10-25,exact_rss,2026-09-14,consumer_unverified,not exposed by RSS,Probably he needs losses again what the hell even was the reason to make free delivery in gold at 99 like how zomato would make profit in 100 ruppes order toing will get shut down due to losses same with ownly zomato doesn't need to accept an 100 ruppes order and give free delivery on it they could have used …,yes_truncated_60w,,thread focus: Ownly,1,0,neg,SUSTAINABILITY_SKEPTICISM;INCUMBENT_FREE_DELIVERY_SUBSCRIPTION,SUSTAINABILITY_SKEPTICISM,,NA_business_commentary,0,,0,0,criticises Zomato Gold free delivery on ₹99 orders; predicts Toing and Ownly shut down on losses,,,,,H2;H8,CONSUMER-GENERATED,,ai_first_pass,
RD-1p6erff,reddit,r/Ownly,post,,https://www.reddit.com/r/Ownly/comments/1p6erff/ownly_rapido/,2025-11-25,exact_rss,2026-09-14,restaurant_owner_or_staff,not exposed by RSS,"Ownly Rapido — Hi, fan anyone Guide me, How to Use Ownly Merchant ??",yes_truncated_60w,,thread focus: Ownly,1,0,neutral,MERCHANT_ONBOARDING_QUESTION,MERCHANT_ONBOARDING_QUESTION,,NA_business_commentary,0,,0,0,,,,,,H10,CONSUMER-GENERATED,"Asks how to use Ownly Merchant app (2025-11-25) — restaurant-side, context only",ai_first_pass,
RD-1p6errn,reddit,r/Ownly,post,,https://www.reddit.com/r/Ownly/comments/1p6errn/ownly_rapido/,2025-11-25,exact_rss,2026-09-14,consumer_unverified,not exposed by RSS,Ownly Rapido —,yes_truncated_60w,,thread focus: Ownly,0,0,,,,,,0,,0,0,,,,,,,,empty post (title only),ai_first_pass,
RD-1q7cvbt,reddit,r/Bangalorestartups,post,,https://www.reddit.com/r/Bangalorestartups/comments/1q7cvbt/anyone_here_from_rapidos_ownly_teamplease_tell_me/,2026-01-08,exact_rss,2026-09-14,consumer_unverified,not exposed by RSS,"Anyone here from Rapido's ownly team?please tell me whether their subscription model is working or not ,I am genuinely curious you can dm me too if you feel you can't say it in public. —",yes_truncated_60w,,thread focus: Ownly,1,0,neutral,FEE_MODEL_DESCRIPTION,FEE_MODEL_DESCRIPTION,,NA_business_commentary,0,,0,0,,,,,,H9,CONSUMER-GENERATED,Asks whether Ownly's restaurant subscription model works (2026-01-08),ai_first_pass,
RD-1q7cvbt-nyejjaz,reddit,r/Bangalorestartups,comment,RD-1q7cvbt,https://www.reddit.com/r/Bangalorestartups/comments/1q7cvbt/anyone_here_from_rapidos_ownly_teamplease_tell_me/nyejjaz/,2026-01-08,exact_rss,2026-09-14,consumer_unverified,not exposed by RSS,"i am from west bengal where ownly isnt available here,but thanks for sharing customer's side of view just 2 questions 1. 4-5order means?4-5 foods in an order or 4-5 times ordering in a day? 2. restaurant missed it means?why did they miss it?",yes_truncated_60w,West Bengal,thread focus: Ownly,1,0,neutral,CITY_AVAILABILITY_QUESTION,CITY_AVAILABILITY_QUESTION,,NA_business_commentary,0,,0,0,,,,,,H9,CONSUMER-GENERATED,Replies to a customer comment not present in RSS,ai_first_pass,
RD-1q7cvyi,reddit,r/IndianEntrepreneur,post,,https://www.reddit.com/r/IndianEntrepreneur/comments/1q7cvyi/anyone_here_from_rapidos_ownly_teamplease_tell_me/,2026-01-08,exact_rss,2026-09-14,consumer_unverified,not exposed by RSS,"Anyone here from Rapido's ownly team?please tell me whether their subscription model is working or not ,I am genuinely curious you can dm me too if you feel you can't say it in public. —",yes_truncated_60w,,thread focus: Ownly,0,0,,,,,,0,,0,0,,,,,,,,cross-post of RD-1q7cvbt,ai_first_pass,
RD-1qcrc1f,reddit,r/BangaloreSocial,post,,https://www.reddit.com/r/BangaloreSocial/comments/1qcrc1f/anyone_using_ownlyrapidos_food_delivery/,2026-01-14,exact_rss,2026-09-14,consumer_unverified,not exposed by RSS,"Anyone using Ownly(Rapido's food delivery) — Ownly has been awesome, atleast so far Have been using on/off for the past 3 months apart from Swiggy due to some exclusive restaurants and always so in awe of how cheap the final pricing is. Of course I'm not naive to the idea that they'll probably be changing this (or not) depending on …",yes_truncated_60w,Bengaluru,thread focus: Ownly,1,1,pos,PRICE_SAVINGS_OBSERVED;MULTI_HOMING_ASSORTMENT;FUTURE_FEE_CREEP_EXPECTED,PRICE_SAVINGS_OBSERVED,,pricing_checkout,0,,0,1,'always so in awe of how cheap the final pricing is',,keeps Swiggy for some exclusive restaurants,,,H2;H10;H12,CONSUMER-GENERATED,3 months on/off use alongside Swiggy,ai_first_pass,
RD-1qcrc1f-nzkcrwd,reddit,r/BangaloreSocial,comment,RD-1qcrc1f,https://www.reddit.com/r/BangaloreSocial/comments/1qcrc1f/anyone_using_ownlyrapidos_food_delivery/nzkcrwd/,2026-01-14,exact_rss,2026-09-14,consumer_unverified,not exposed by RSS,Didn't know about this,yes_truncated_60w,,thread focus: Ownly,1,0,neutral,LOW_AWARENESS,LOW_AWARENESS,,discovery_onboarding,0,,0,0,,,,,,H7,CONSUMER-GENERATED,,ai_first_pass,
RD-1qcrc1f-nzkgt0d,reddit,r/BangaloreSocial,comment,RD-1qcrc1f,https://www.reddit.com/r/BangaloreSocial/comments/1qcrc1f/anyone_using_ownlyrapidos_food_delivery/nzkgt0d/,2026-01-14,exact_rss,2026-09-14,consumer_unverified,not exposed by RSS,"Its really good, but only operating in some areas in Bangalore",yes_truncated_60w,Bengaluru,thread focus: Ownly,1,0,pos,SERVICE_AREA_LIMITED,SERVICE_AREA_LIMITED,,discovery_onboarding,0,,0,0,,,,,,H9,CONSUMER-GENERATED,Jan 2026: only some areas of Bangalore,ai_first_pass,
RD-1qcrc1f-ocrqahg,reddit,r/BangaloreSocial,comment,RD-1qcrc1f,https://www.reddit.com/r/BangaloreSocial/comments/1qcrc1f/anyone_using_ownlyrapidos_food_delivery/ocrqahg/,2026-03-27,exact_rss,2026-09-14,consumer_unverified,not exposed by RSS,"Yeah it's not good! If you've actually used it (and aren't from Ownly's marketing team), you'd know that!! 🤣",yes_truncated_60w,,thread focus: Ownly,1,0,neg,ASTROTURF_SUSPICION,ASTROTURF_SUSPICION,,NA_business_commentary,0,,0,0,,,,,suspects positive posts are Ownly marketing,H7,CONSUMER-GENERATED,,ai_first_pass,
RD-1qcrc1f-nzkr1nx,reddit,r/BangaloreSocial,comment,RD-1qcrc1f,https://www.reddit.com/r/BangaloreSocial/comments/1qcrc1f/anyone_using_ownlyrapidos_food_delivery/nzkr1nx/,2026-01-14,exact_rss,2026-09-14,consumer_unverified,not exposed by RSS,"Never tried, gotta try it. How’s the menu",yes_truncated_60w,,thread focus: Ownly,1,0,neutral,TRIAL_CURIOSITY,TRIAL_CURIOSITY,,browse_menu,0,,0,0,,,asks about menu before trying,,,H10,CONSUMER-GENERATED,,ai_first_pass,
RD-1qcrc1f-nzkv72b,reddit,r/BangaloreSocial,comment,RD-1qcrc1f,https://www.reddit.com/r/BangaloreSocial/comments/1qcrc1f/anyone_using_ownlyrapidos_food_delivery/nzkv72b/,2026-01-14,exact_rss,2026-09-14,consumer_unverified,not exposed by RSS,"Great but not extensive, still rolling out so that's that. Pricing is where it's killer",yes_truncated_60w,,thread focus: Ownly,1,1,mixed,ASSORTMENT_LIMITED;PRICE_SAVINGS_OBSERVED,ASSORTMENT_LIMITED,,browse_menu,0,,0,0,'Pricing is where it's killer',,'Great but not extensive',,,H2;H10,CONSUMER-GENERATED,,ai_first_pass,
RD-1qcrc1f-nzketdz,reddit,r/BangaloreSocial,comment,RD-1qcrc1f,https://www.reddit.com/r/BangaloreSocial/comments/1qcrc1f/anyone_using_ownlyrapidos_food_delivery/nzketdz/,2026-01-14,exact_rss,2026-09-14,consumer_unverified,not exposed by RSS,Is it cheaper than Swiggy and zomato?,yes_truncated_60w,,thread focus: Ownly,1,0,neutral,TRIAL_CURIOSITY,TRIAL_CURIOSITY,,pricing_checkout,0,,0,0,,,,,,H2,CONSUMER-GENERATED,,ai_first_pass,
RD-1qcrc1f-nzkh0ra,reddit,r/BangaloreSocial,comment,RD-1qcrc1f,https://www.reddit.com/r/BangaloreSocial/comments/1qcrc1f/anyone_using_ownlyrapidos_food_delivery/nzkh0ra/,2026-01-14,exact_rss,2026-09-14,consumer_unverified,not exposed by RSS,"Laughably cheap, you can order as low as 40Rs and the final price will be Rs45 after delivery",yes_truncated_60w,,thread focus: Ownly,1,1,pos,PRICE_SAVINGS_OBSERVED;LOW_AOV_ORDERING,PRICE_SAVINGS_OBSERVED,,pricing_checkout,0,,0,0,order as low as ₹40 → ₹45 final after delivery,,,,,H2;H8,CONSUMER-GENERATED,Jan 2026 pilot-era fee; not current,ai_first_pass,
RD-1qcrc1f-p0wrhum,reddit,r/BangaloreSocial,comment,RD-1qcrc1f,https://www.reddit.com/r/BangaloreSocial/comments/1qcrc1f/anyone_using_ownlyrapidos_food_delivery/p0wrhum/,2026-07-31,exact_rss,2026-09-14,consumer_unverified,not exposed by RSS,https://preview.redd.it/kpvhwbutjlgh1.jpeg?width=3852&format=pjpg&auto=webp&s=eed5beb065082de9ca1cc2d159738fab38eb5a1a ￼​￼​almost same price if no card discount in Swiggy,yes_truncated_60w,,thread focus: Ownly,1,1,neutral,PRICE_PARITY_OBSERVED,PRICE_PARITY_OBSERVED,,pricing_checkout,0,,0,0,'almost same price if no card discount in Swiggy',,,,,H2,CONSUMER-GENERATED,2026-07-31; screenshots not retrievable; direction of comparison ambiguous — AMBIGUOUS,ai_first_pass,
RD-1qcrc1f-ocrqfj6,reddit,r/BangaloreSocial,comment,RD-1qcrc1f,https://www.reddit.com/r/BangaloreSocial/comments/1qcrc1f/anyone_using_ownlyrapidos_food_delivery/ocrqfj6/,2026-03-27,exact_rss,2026-09-14,consumer_unverified,not exposed by RSS,Yeah I used it for 2 weeks and I'm going to delete my account! The app interface is really bad - slow and glitchy. And it looks like they hired a bunch of delivery partners without training them about the app. They're constantly confused! Btw the only people supporting this app are from Ownly's marketing team!! 🤣,yes_truncated_60w,,thread focus: Ownly,1,1,neg,APP_UX_SLOW_GLITCHY;RIDER_UNTRAINED;ASTROTURF_SUSPICION,APP_UX_SLOW_GLITCHY,2,app_account,1,away_from_ownly: slow glitchy app; confused riders,1,1,,,,,suspects supporters are marketing team,H9;H12,CONSUMER-GENERATED,Used 2 weeks; 'going to delete my account',ai_first_pass,
RD-1qcrc1f-ocrvht0,reddit,r/BangaloreSocial,comment,RD-1qcrc1f,https://www.reddit.com/r/BangaloreSocial/comments/1qcrc1f/anyone_using_ownlyrapidos_food_delivery/ocrvht0/,2026-03-27,exact_rss,2026-09-14,consumer_unverified,not exposed by RSS,"Oh damn, I heavily agree with you on the UI. It's so bad but I guess they are burning cash massively so that's probably a good reason. Delivery drivers have been okaish for me, although funnily they use swiggy and zomato packaging xD. I think you're very right on the last point, no one seems to know about them lol",yes_truncated_60w,,thread focus: Ownly,1,1,mixed,APP_UX_SLOW_GLITCHY;RIDER_MULTI_APP_OBSERVED;LOW_AWARENESS,APP_UX_SLOW_GLITCHY,2,app_account,0,,0,0,,,,,,H7;H9,CONSUMER-GENERATED,Riders 'okaish'; use Swiggy/Zomato packaging; 'no one seems to know about them',ai_first_pass,
RD-1qcrc1f-o6kcml5,reddit,r/BangaloreSocial,comment,RD-1qcrc1f,https://www.reddit.com/r/BangaloreSocial/comments/1qcrc1f/anyone_using_ownlyrapidos_food_delivery/o6kcml5/,2026-02-21,exact_rss,2026-09-14,consumer_unverified,not exposed by RSS,"Using Ownly was a disaster. I ordered from California Burrito, and the first driver literally drove away. Support was painfully slow, taking 10-15 minutes to respond each time. After over an hour of incompetence, they just canceled the order. This app is a complete joke, avoid it unless you enjoy wasting time and patience.",yes_truncated_60w,,thread focus: Ownly,1,1,neg,RIDER_CONDUCT;SUPPORT_SLOW;PLATFORM_RESTAURANT_CANCELLATION;TRUST_LOSS_SCAM_FRAMING,RIDER_CONDUCT,3,delivery_handoff,1,away_from_ownly: 'avoid it',0,0,,over an hour then cancelled,,10–15 min per support response,,H4;H9;H12,CONSUMER-GENERATED,Feb 2026; first rider drove away,ai_first_pass,
RD-1qcrc1f-p2huep3,reddit,r/BangaloreSocial,comment,RD-1qcrc1f,https://www.reddit.com/r/BangaloreSocial/comments/1qcrc1f/anyone_using_ownlyrapidos_food_delivery/p2huep3/,2026-08-08,exact_rss,2026-09-14,consumer_unverified,not exposed by RSS,happens on every app dude it happened to me on swiggy and it was the same,yes_truncated_60w,,thread focus: Ownly,1,0,neutral,INCUMBENT_SAME_PROBLEMS,INCUMBENT_SAME_PROBLEMS,,NA_business_commentary,0,,0,0,,,,,,H4,CONSUMER-GENERATED,,ai_first_pass,
RD-1qcrc1f-oo7vwmt,reddit,r/BangaloreSocial,comment,RD-1qcrc1f,https://www.reddit.com/r/BangaloreSocial/comments/1qcrc1f/anyone_using_ownlyrapidos_food_delivery/oo7vwmt/,2026-05-27,exact_rss,2026-09-14,consumer_unverified,not exposed by RSS,"pathetic app i ordered sabudana khichadi from truth bowl, delivery guy marked order delivered but not received ... they dont have pay on delivery option as well",yes_truncated_60w,,thread focus: Ownly,1,1,neg,NON_DELIVERY;NO_CASH_ON_DELIVERY,NON_DELIVERY,3,delivery_handoff,0,,0,0,,,,,,H4;H9,CONSUMER-GENERATED,Marked delivered but not received; no pay-on-delivery,ai_first_pass,
RD-1qcrc1f-oome4g5,reddit,r/BangaloreSocial,comment,RD-1qcrc1f,https://www.reddit.com/r/BangaloreSocial/comments/1qcrc1f/anyone_using_ownlyrapidos_food_delivery/oome4g5/,2026-05-29,exact_rss,2026-09-14,consumer_unverified,not exposed by RSS,Its a scam got scammed for 3k,yes_truncated_60w,,thread focus: Ownly,1,1,neg,TRUST_LOSS_SCAM_FRAMING,TRUST_LOSS_SCAM_FRAMING,4,post_order_support_refund,0,,0,0,,,,,claims ₹3k lost ('scammed for 3k'),H7;H12,CONSUMER-GENERATED,No detail; unverified allegation,ai_first_pass,
RD-1qcrc1f-owap5ff,reddit,r/BangaloreSocial,comment,RD-1qcrc1f,https://www.reddit.com/r/BangaloreSocial/comments/1qcrc1f/anyone_using_ownlyrapidos_food_delivery/owap5ff/,2026-07-08,exact_rss,2026-09-14,consumer_unverified,not exposed by RSS,"Concept is really good. Very cheap, and no extra charges. There can be little hassle sometimes, but I'll discount that for the money I am saving",yes_truncated_60w,,thread focus: Ownly,1,1,pos,ACCEPTS_HASSLE_FOR_SAVINGS;PRICE_SAVINGS_OBSERVED;NO_HIDDEN_FEES_POSITIVE,ACCEPTS_HASSLE_FOR_SAVINGS,,pricing_checkout,1,to_ownly: 'I'll discount that for the money I am saving',0,1,"'Very cheap, and no extra charges'",,,,,H2;H4;H12,CONSUMER-GENERATED,Tolerates 'little hassle' for savings — H4 counter-evidence to reliability-first,ai_first_pass,
RD-1qyeu24,reddit,r/CreditCardsIndia,post,,https://www.reddit.com/r/CreditCardsIndia/comments/1qyeu24/does_hsbc_live_plus_credit_card_offer_10_cashback/,2026-02-07,exact_rss,2026-09-14,consumer_unverified,not exposed by RSS,"Does HSBC Live Plus credit card offer 10% cashback on Ownly (Rapido), First Club, and Swish? — I'm considering getting the HSBC Live Plus credit card. I'm planning to move my food/grocery spends from Swiggy to FirstClub, Swish, and Ownly (which is owned by Rapido). I'm evaluating which credit card would work best for these platforms, and HSBC Live Plus …",yes_truncated_60w,,thread focus: Ownly,1,0,neutral,PLANNED_SPEND_SHIFT_FROM_INCUMBENT;CARD_CASHBACK_OPTIMISATION,PLANNED_SPEND_SHIFT_FROM_INCUMBENT,,payment,1,"to_ownly (planned): moving food/grocery spend from Swiggy to FirstClub, Swish and Ownly",0,0,,,,,,H2;H12,CONSUMER-GENERATED,2026-02-07; asks if a 10% cashback card applies — shows card offers matter in platform choice,ai_first_pass,
RD-1qyeu24-o432xm1,reddit,r/CreditCardsIndia,comment,RD-1qyeu24,https://www.reddit.com/r/CreditCardsIndia/comments/1qyeu24/does_hsbc_live_plus_credit_card_offer_10_cashback/o432xm1/,2026-02-07,exact_rss,2026-09-14,consumer_unverified,not exposed by RSS,"It depends on what MCC code they're using. Do a small transaction (you'll get 1.5% back anyways), and ask on Chat Support if the last transaction is eligible for 10% category. They can tell immediately after the transaction is done.",yes_truncated_60w,,thread focus: Ownly,0,0,,,,,,0,,0,0,,,,,,,,credit-card MCC/cashback mechanics; no Ownly experience,ai_first_pass,
RD-1qyeu24-oe05ivl,reddit,r/CreditCardsIndia,comment,RD-1qyeu24,https://www.reddit.com/r/CreditCardsIndia/comments/1qyeu24/does_hsbc_live_plus_credit_card_offer_10_cashback/oe05ivl/,2026-04-03,exact_rss,2026-09-14,consumer_unverified,not exposed by RSS,"Hey OP, did you confirm whether you get cashback on first club",yes_truncated_60w,,thread focus: Ownly,0,0,,,,,,0,,0,0,,,,,,,,credit-card MCC/cashback mechanics; no Ownly experience,ai_first_pass,
RD-1rme2x8,reddit,r/electronic_city,post,,https://www.reddit.com/r/electronic_city/comments/1rme2x8/worst_exp_ownly_food_delivery/,2026-03-06,exact_rss,2026-09-14,consumer_unverified,not exposed by RSS,"Worst exp -ownly food delivery — Today I downloaded the Ownly app by Rapido to try ordering food. My first order was from a nearby hotel, but after waiting for some time the order got cancelled. I thought okay, maybe it happens sometimes, so I contacted customer service. They asked me to order again, so I ordered from a different …",yes_truncated_60w,Bengaluru,thread focus: Ownly,1,1,neg,PLATFORM_RESTAURANT_CANCELLATION;SUPPORT_UNRESPONSIVE;FIRST_ORDER_FAILURE,PLATFORM_RESTAURANT_CANCELLATION,3,dispatch_eta,1,away_from_ownly (first-time user): two consecutive cancellations,0,0,,,,support told user to reorder; second order also cancelled,,H4;H12,CONSUMER-GENERATED,"2026-03-06, Electronic City, launch week",ai_first_pass,
RD-1rme2x8-o8z08hs,reddit,r/electronic_city,comment,RD-1rme2x8,https://www.reddit.com/r/electronic_city/comments/1rme2x8/worst_exp_ownly_food_delivery/o8z08hs/,2026-03-06,exact_rss,2026-09-14,consumer_unverified,not exposed by RSS,"Bro, but kuska is non veg rice.",yes_truncated_60w,,thread focus: Ownly,0,0,,,,,,0,,0,0,,,,,,,,dish-ingredient (veg/non-veg kuska) side discussion,ai_first_pass,
RD-1rme2x8-o92gh0x,reddit,r/electronic_city,comment,RD-1rme2x8,https://www.reddit.com/r/electronic_city/comments/1rme2x8/worst_exp_ownly_food_delivery/o92gh0x/,2026-03-07,exact_rss,2026-09-14,consumer_unverified,not exposed by RSS,It doesn't have chicken right?,yes_truncated_60w,,thread focus: Ownly,0,0,,,,,,0,,0,0,,,,,,,,dish-ingredient (veg/non-veg kuska) side discussion,ai_first_pass,
RD-1rme2x8-o96xcot,reddit,r/electronic_city,comment,RD-1rme2x8,https://www.reddit.com/r/electronic_city/comments/1rme2x8/worst_exp_ownly_food_delivery/o96xcot/,2026-03-07,exact_rss,2026-09-14,consumer_unverified,not exposed by RSS,"Brother kushka is 99% non veg in most restaurants So if you pure veg person highly remind you not eat that, bcoz in Same vessel in most restaurants and while they serve Kushka they dish out only fish to you and for biryani homies it goes with pieces and rice Hence choose others or if you fine with it continue …",yes_truncated_60w,,thread focus: Ownly,0,0,,,,,,0,,0,0,,,,,,,,dish-ingredient (veg/non-veg kuska) side discussion,ai_first_pass,
RD-1rme2x8-o925ag6,reddit,r/electronic_city,comment,RD-1rme2x8,https://www.reddit.com/r/electronic_city/comments/1rme2x8/worst_exp_ownly_food_delivery/o925ag6/,2026-03-06,exact_rss,2026-09-14,consumer_unverified,not exposed by RSS,"Order from a restaurant which is open in swiggy, here they are not checking if it’s accepting orders or not. Same happened with me.",yes_truncated_60w,,thread focus: Ownly,1,1,neg,LISTING_MENU_ACCURACY;PLATFORM_RESTAURANT_CANCELLATION,LISTING_MENU_ACCURACY,3,browse_menu,0,,0,0,,,,,,H4;H10,CONSUMER-GENERATED,Advises checking the restaurant is open on Swiggy — Ownly shows restaurants not accepting orders,ai_first_pass,
RD-1rme2x8-o92gcb5,reddit,r/electronic_city,comment,RD-1rme2x8,https://www.reddit.com/r/electronic_city/comments/1rme2x8/worst_exp_ownly_food_delivery/o92gcb5/,2026-03-07,exact_rss,2026-09-14,consumer_unverified,not exposed by RSS,"Yah you could be right but the first restaurant which i orderd not even far from me its like 300 mtr and I'm damm sure it was open, may be they cancelled it due to small cart or smthng",yes_truncated_60w,,thread focus: Ownly,1,1,neutral,SMALL_CART_CANCELLATION_SUSPECTED,SMALL_CART_CANCELLATION_SUSPECTED,,dispatch_eta,0,,0,0,,,,,,H8,CONSUMER-GENERATED,[SAME_INCIDENT:RD-1rme2x8] restaurant 300 m away and open; suspects small-cart cancellation,ai_first_pass,
RD-1rme2x8-ocrqm4d,reddit,r/electronic_city,comment,RD-1rme2x8,https://www.reddit.com/r/electronic_city/comments/1rme2x8/worst_exp_ownly_food_delivery/ocrqm4d/,2026-03-27,exact_rss,2026-09-14,consumer_unverified,not exposed by RSS,"No, I used it too and I'm deleting the app! It's actually really bad",yes_truncated_60w,,thread focus: Ownly,0,0,,,,,,0,,0,0,,,,,,,,"same author as RD-1qcrc1f-ocrqfj6 (same day, cross-posted churn statement) — excluded",ai_first_pass,
RD-1rme2x8-oo7wae1,reddit,r/electronic_city,comment,RD-1rme2x8,https://www.reddit.com/r/electronic_city/comments/1rme2x8/worst_exp_ownly_food_delivery/oo7wae1/,2026-05-27,exact_rss,2026-09-14,consumer_unverified,not exposed by RSS,"pathetic app i ordered sabudana khichadi from truth bowl, delivery guy marked order delivered but not received ... they dont have pay on delivery option as well",yes_truncated_60w,,thread focus: Ownly,0,0,,,,,,0,,0,0,,,,,,,,verbatim duplicate of RD-1qcrc1f-oo7vwmt — excluded,ai_first_pass,
RD-1rme2x8-oo7yi8v,reddit,r/electronic_city,comment,RD-1rme2x8,https://www.reddit.com/r/electronic_city/comments/1rme2x8/worst_exp_ownly_food_delivery/oo7yi8v/,2026-05-27,exact_rss,2026-09-14,consumer_unverified,not exposed by RSS,Yep some time the hotels itself cancel ur order if its small orders (under rs 150),yes_truncated_60w,,thread focus: Ownly,1,0,neutral,SMALL_CART_CANCELLATION_SUSPECTED,SMALL_CART_CANCELLATION_SUSPECTED,,NA_business_commentary,0,,0,0,,,,,,H8,CONSUMER-GENERATED,Says restaurants sometimes cancel orders under ₹150 — tension with low-AOV value proposition,ai_first_pass,
RD-1rme2x8-o8yoszw,reddit,r/electronic_city,comment,RD-1rme2x8,https://www.reddit.com/r/electronic_city/comments/1rme2x8/worst_exp_ownly_food_delivery/o8yoszw/,2026-03-06,exact_rss,2026-09-14,consumer_unverified,not exposed by RSS,"Ok thank you, not gonna use it then..",yes_truncated_60w,,thread focus: Ownly,1,0,neg,TRIAL_DETERRED_BY_NEGATIVE_POSTS,TRIAL_DETERRED_BY_NEGATIVE_POSTS,,discovery_onboarding,0,,0,0,,,,,,H7;H12,CONSUMER-GENERATED,'not gonna use it then' — prospective user deterred by others' failures,ai_first_pass,
RD-1sko63h,reddit,r/Ownly,post,,https://www.reddit.com/r/Ownly/comments/1sko63h/welcome_to_rownly_introduce_yourself_and_read/,2026-04-13,exact_rss,2026-09-14,restaurant_owner_or_staff,not exposed by RSS,"👋Welcome to r/Ownly - Introduce Yourself and Read First! — Hello Everyone, Let me introduce myself, I'm a Cloud Kitchen Chef & Co-owner. I've created This to understand Ownly More Closely and Resolve the issues we're facing.",yes_truncated_60w,,thread focus: Ownly,1,0,neutral,MERCHANT_ISSUES_COMMUNITY,MERCHANT_ISSUES_COMMUNITY,,NA_business_commentary,0,,0,0,,,,,,H10,CONSUMER-GENERATED,r/Ownly created by a cloud-kitchen co-owner 'to understand Ownly more closely and resolve the issues we're facing' (2026-04-13) — unofficial,ai_first_pass,
RD-1sko63h-ougezcb,reddit,r/Ownly,comment,RD-1sko63h,https://www.reddit.com/r/Ownly/comments/1sko63h/welcome_to_rownly_introduce_yourself_and_read/ougezcb/,2026-06-29,exact_rss,2026-09-14,consumer_unverified,not exposed by RSS,can u show the breakout of charges ?,yes_truncated_60w,,thread focus: Ownly,1,0,neutral,FEE_TRANSPARENCY_QUESTION,FEE_TRANSPARENCY_QUESTION,,NA_business_commentary,0,,0,0,,,,,,H8,CONSUMER-GENERATED,Asks for breakdown of (restaurant) charges,ai_first_pass,
RD-1szs0vx,reddit,r/BangaloreSocial,post,,https://www.reddit.com/r/BangaloreSocial/comments/1szs0vx/price_difference_on_meghana_briyani_ownly_rapido/,2026-04-30,exact_rss,2026-09-14,consumer_unverified,not exposed by RSS,Price difference on meghana briyani - ownly (rapido owned company) VS Zomato ( eternal) — Ownly has increased MRP of chicken briyani and then passing discount on it - what a scam Onwly committed to zero hidden charges and zero inflated menu price as per their tag line and following same malpratice like competitor. Ohh !!! Please save yourself from …,yes_truncated_60w,,thread focus: Ownly,1,1,neg,MENU_PRICE_INFLATION_ON_OWNLY;SLOGAN_THROWN_BACK;TRUST_LOSS_SCAM_FRAMING,MENU_PRICE_INFLATION_ON_OWNLY,2,pricing_checkout,0,,0,0,alleges Ownly raised MRP of Meghana chicken biryani then applied a discount,,,,says this breaks 'zero inflated menu price' tagline,H2;H7,CONSUMER-GENERATED,Replies dispute it (MRP set by restaurant; portions differ offline). Allegation unverified — the kind of 'strike-through MRP' practice the competitor audit should record,ai_first_pass,
RD-1szs0vx-oj4f7ce,reddit,r/BangaloreSocial,comment,RD-1szs0vx,https://www.reddit.com/r/BangaloreSocial/comments/1szs0vx/price_difference_on_meghana_briyani_ownly_rapido/oj4f7ce/,2026-04-30,exact_rss,2026-09-14,consumer_unverified,not exposed by RSS,which one you like most ?,yes_truncated_60w,,thread focus: Ownly,0,0,,,,,,0,,0,0,,,,,,,,biryani recommendation banter,ai_first_pass,
RD-1szs0vx-ojb1i2n,reddit,r/BangaloreSocial,comment,RD-1szs0vx,https://www.reddit.com/r/BangaloreSocial/comments/1szs0vx/price_difference_on_meghana_briyani_ownly_rapido/ojb1i2n/,2026-05-01,exact_rss,2026-09-14,consumer_unverified,not exposed by RSS,bangalore paradise is not good,yes_truncated_60w,,thread focus: Ownly,0,0,,,,,,0,,0,0,,,,,,,,biryani recommendation banter,ai_first_pass,
RD-1szs0vx-oj4g63v,reddit,r/BangaloreSocial,comment,RD-1szs0vx,https://www.reddit.com/r/BangaloreSocial/comments/1szs0vx/price_difference_on_meghana_briyani_ownly_rapido/oj4g63v/,2026-04-30,exact_rss,2026-09-14,consumer_unverified,not exposed by RSS,Meghana chicken boneless biryani (alt acc),yes_truncated_60w,,thread focus: Ownly,0,0,,,,,,0,,0,0,,,,,,,,biryani recommendation banter,ai_first_pass,
RD-1szs0vx-oj4h4u0,reddit,r/BangaloreSocial,comment,RD-1szs0vx,https://www.reddit.com/r/BangaloreSocial/comments/1szs0vx/price_difference_on_meghana_briyani_ownly_rapido/oj4h4u0/,2026-04-30,exact_rss,2026-09-14,consumer_unverified,not exposed by RSS,"I've tried it but ion remember the taste anymore lol, it was long back",yes_truncated_60w,,thread focus: Ownly,0,0,,,,,,0,,0,0,,,,,,,,biryani recommendation banter,ai_first_pass,
RD-1szs0vx-oj4hivx,reddit,r/BangaloreSocial,comment,RD-1szs0vx,https://www.reddit.com/r/BangaloreSocial/comments/1szs0vx/price_difference_on_meghana_briyani_ownly_rapido/oj4hivx/,2026-04-30,exact_rss,2026-09-14,consumer_unverified,not exposed by RSS,try it out. both are from same family - meghana and nandhana,yes_truncated_60w,,thread focus: Ownly,0,0,,,,,,0,,0,0,,,,,,,,biryani recommendation banter,ai_first_pass,
RD-1szs0vx-oj4hrc0,reddit,r/BangaloreSocial,comment,RD-1szs0vx,https://www.reddit.com/r/BangaloreSocial/comments/1szs0vx/price_difference_on_meghana_briyani_ownly_rapido/oj4hrc0/,2026-04-30,exact_rss,2026-09-14,consumer_unverified,not exposed by RSS,"I'll give it a try, thanks for the suggestion:))",yes_truncated_60w,,thread focus: Ownly,0,0,,,,,,0,,0,0,,,,,,,,biryani recommendation banter,ai_first_pass,
RD-1szs0vx-oj4chb0,reddit,r/BangaloreSocial,comment,RD-1szs0vx,https://www.reddit.com/r/BangaloreSocial/comments/1szs0vx/price_difference_on_meghana_briyani_ownly_rapido/oj4chb0/,2026-04-30,exact_rss,2026-09-14,consumer_unverified,not exposed by RSS,Loot aaur loot le .,yes_truncated_60w,,thread focus: Ownly,1,0,neg,TRUST_LOSS_SCAM_FRAMING,TRUST_LOSS_SCAM_FRAMING,,NA_business_commentary,0,,0,0,,,,,,H7,CONSUMER-GENERATED,Hindi: 'loot and loot more',ai_first_pass,
RD-1szs0vx-ojfkmah,reddit,r/BangaloreSocial,comment,RD-1szs0vx,https://www.reddit.com/r/BangaloreSocial/comments/1szs0vx/price_difference_on_meghana_briyani_ownly_rapido/ojfkmah/,2026-05-02,exact_rss,2026-09-14,consumer_unverified,not exposed by RSS,Meghana pretty much charges the same across platforms and restaurants. Even offline prices are same but quantity differs. Ownly is indeed cheaper. Why don't you compare other restaurants than sitting on it.,yes_truncated_60w,,thread focus: Ownly,1,0,pos,PRICE_SAVINGS_OBSERVED;PORTION_SIZE_DIFFERS_OFFLINE,PRICE_SAVINGS_OBSERVED,,pricing_checkout,0,,0,0,'Ownly is indeed cheaper'; says Meghana prices same across channels but offline quantity differs,,,,,H2,CONSUMER-GENERATED,,ai_first_pass,
RD-1szs0vx-ojgqrge,reddit,r/BangaloreSocial,comment,RD-1szs0vx,https://www.reddit.com/r/BangaloreSocial/comments/1szs0vx/price_difference_on_meghana_briyani_ownly_rapido/ojgqrge/,2026-05-02,exact_rss,2026-09-14,consumer_unverified,not exposed by RSS,"quantity differs? in offline, are we getting more qty as compared to online ( online it is supposed to 1kg) Because I was ordering from Meghana... thats why I raised price parity issue. thats simple.",yes_truncated_60w,,thread focus: Ownly,1,0,neutral,PORTION_SIZE_DIFFERS_OFFLINE,PORTION_SIZE_DIFFERS_OFFLINE,,NA_business_commentary,0,,0,0,,,,,,H2,CONSUMER-GENERATED,,ai_first_pass,
RD-1szs0vx-ojgvwc4,reddit,r/BangaloreSocial,comment,RD-1szs0vx,https://www.reddit.com/r/BangaloreSocial/comments/1szs0vx/price_difference_on_meghana_briyani_ownly_rapido/ojgvwc4/,2026-05-02,exact_rss,2026-09-14,consumer_unverified,not exposed by RSS,Offline you get like half of home delivery.,yes_truncated_60w,,thread focus: Ownly,1,0,neutral,PORTION_SIZE_DIFFERS_OFFLINE,PORTION_SIZE_DIFFERS_OFFLINE,,NA_business_commentary,0,,0,0,,,,,,H2,CONSUMER-GENERATED,Claims offline portion ~half of delivery — relevant to 'offline price' comparisons in audit,ai_first_pass,
RD-1szs0vx-oj48n4f,reddit,r/BangaloreSocial,comment,RD-1szs0vx,https://www.reddit.com/r/BangaloreSocial/comments/1szs0vx/price_difference_on_meghana_briyani_ownly_rapido/oj48n4f/,2026-04-30,exact_rss,2026-09-14,consumer_unverified,not exposed by RSS,Check price on checkout,yes_truncated_60w,,thread focus: Ownly,1,0,neutral,CHECKOUT_PRICE_FOCUS,CHECKOUT_PRICE_FOCUS,,pricing_checkout,0,,0,0,,,,,,H2,CONSUMER-GENERATED,'Check price on checkout',ai_first_pass,
RD-1szs0vx-oj4bqtm,reddit,r/BangaloreSocial,comment,RD-1szs0vx,https://www.reddit.com/r/BangaloreSocial/comments/1szs0vx/price_difference_on_meghana_briyani_ownly_rapido/oj4bqtm/,2026-04-30,exact_rss,2026-09-14,consumer_unverified,not exposed by RSS,first impression is last impression... putting inflated MRP and then passing a discount is unfair practice...,yes_truncated_60w,,thread focus: Ownly,1,0,neg,EARLY_LAUNCH_TRUST_RISK;MENU_PRICE_INFLATION_ON_OWNLY,EARLY_LAUNCH_TRUST_RISK,,NA_business_commentary,0,,0,0,,,,,'first impression is last impression'; inflated MRP + discount seen as unfair,H7;H12,CONSUMER-GENERATED,,ai_first_pass,
RD-1szs0vx-oj4ilm4,reddit,r/BangaloreSocial,comment,RD-1szs0vx,https://www.reddit.com/r/BangaloreSocial/comments/1szs0vx/price_difference_on_meghana_briyani_ownly_rapido/oj4ilm4/,2026-04-30,exact_rss,2026-09-14,consumer_unverified,not exposed by RSS,"It's not really what's happening. MRP is put by the restaurant owners. They just give the same mrp in all online apps. It's kinda defeating the purpose, but other than a few restaurants all are doing it. Personally asked a restaurant owner, and all i got was a smile for an answer.",yes_truncated_60w,,thread focus: Ownly,1,0,neutral,RESTAURANT_SETS_PRICES,RESTAURANT_SETS_PRICES,,NA_business_commentary,0,,0,0,,,,,,H2,INTERPRETATION,Says restaurants set one MRP for all apps; asked an owner,ai_first_pass,
RD-1szs0vx-oj5idup,reddit,r/BangaloreSocial,comment,RD-1szs0vx,https://www.reddit.com/r/BangaloreSocial/comments/1szs0vx/price_difference_on_meghana_briyani_ownly_rapido/oj5idup/,2026-04-30,exact_rss,2026-09-14,consumer_unverified,not exposed by RSS,Rather call up restaurant directly and ask them to keep parcel ready Then rapido app book a parcel delivery. It will atleast save you 300-400 rs,yes_truncated_60w,,thread focus: Ownly,1,0,neutral,AGGREGATOR_MARKUP_WORKAROUND;RAPIDO_PARCEL_SUBSTITUTE,AGGREGATOR_MARKUP_WORKAROUND,,pricing_checkout,0,,0,0,call restaurant + book Rapido parcel 'will atleast save you 300-400 rs',,,,,H1;H7,CONSUMER-GENERATED,,ai_first_pass,
RD-1szs0vx-oj723wi,reddit,r/BangaloreSocial,comment,RD-1szs0vx,https://www.reddit.com/r/BangaloreSocial/comments/1szs0vx/price_difference_on_meghana_briyani_ownly_rapido/oj723wi/,2026-04-30,exact_rss,2026-09-14,consumer_unverified,not exposed by RSS,Only if they are ordering more than >4,yes_truncated_60w,,thread focus: Ownly,1,0,neutral,AGGREGATOR_MARKUP_WORKAROUND,AGGREGATOR_MARKUP_WORKAROUND,,NA_business_commentary,0,,0,0,,,,,,H8,CONSUMER-GENERATED,Workaround worthwhile only for large (>4 items) orders,ai_first_pass,
RD-1szs0vx-oj99fqc,reddit,r/BangaloreSocial,comment,RD-1szs0vx,https://www.reddit.com/r/BangaloreSocial/comments/1szs0vx/price_difference_on_meghana_briyani_ownly_rapido/oj99fqc/,2026-05-01,exact_rss,2026-09-14,consumer_unverified,not exposed by RSS,did you ever try this ?,yes_truncated_60w,,thread focus: Ownly,0,0,,,,,,0,,0,0,,,,,,,,biryani recommendation banter,ai_first_pass,
RD-1szs0vx-oj9noze,reddit,r/BangaloreSocial,comment,RD-1szs0vx,https://www.reddit.com/r/BangaloreSocial/comments/1szs0vx/price_difference_on_meghana_briyani_ownly_rapido/oj9noze/,2026-05-01,exact_rss,2026-09-14,consumer_unverified,not exposed by RSS,Yes...I have regular restaurant to order food whenever we don't feel like cooking They take order on phone and keep it ready If the order in above 1k they deliver to home at free of cost,yes_truncated_60w,,thread focus: Ownly,1,0,neutral,AGGREGATOR_MARKUP_WORKAROUND,AGGREGATOR_MARKUP_WORKAROUND,,NA_business_commentary,0,,0,0,,,,,,H1,CONSUMER-GENERATED,Orders by phone from regular restaurant; free delivery above ₹1k,ai_first_pass,
RD-1tmgwrf,reddit,r/BangaloreSocial,post,,https://www.reddit.com/r/BangaloreSocial/comments/1tmgwrf/refrain_from_ordering_from_ownly_late_night_i/,2026-05-24,exact_rss,2026-09-14,consumer_unverified,not exposed by RSS,"Refrain from ordering from ownly late night, I have been scammed and wanna make sure nothing happens to anyone again!! — I have been scammed by ownly i ordered food as usual the delivery agent marked it delivered but i did not revieve it cheched security camera and all neighbours no one came, when try contacting the agent he fucking …",yes_truncated_60w,,thread focus: Ownly,1,1,neg,NON_DELIVERY;RIDER_CONDUCT;SUPPORT_UNRESPONSIVE;REFUND_ISSUE;LATE_NIGHT_RELIABILITY_RISK;TRUST_LOSS_SCAM_FRAMING,NON_DELIVERY,4,delivery_handoff,1,away_from_ownly: 'Refrain from ordering from ownly late night',0,0,,,,"no refund, no escalation",marked delivered; CCTV/neighbours show no rider; rider phone switched off,H3;H4;H12,CONSUMER-GENERATED,2026-05-24. Thread became a collection point: ≥12 further users report the same pattern through Sep 2026,ai_first_pass,
RD-1tmgwrf-onmte5s,reddit,r/BangaloreSocial,comment,RD-1tmgwrf,https://www.reddit.com/r/BangaloreSocial/comments/1tmgwrf/refrain_from_ordering_from_ownly_late_night_i/onmte5s/,2026-05-24,exact_rss,2026-09-14,consumer_unverified,not exposed by RSS,"Share his number online, let’s try to contact him until he sends you the actual money back. Just a suggestion try to use more of COD later pay through UPI to the delivery person (not all are like that, but even a drop of lemon can spoil an litre of milk)",yes_truncated_60w,,thread focus: Ownly,1,0,neutral,COD_AS_TRUST_SAFEGUARD,COD_AS_TRUST_SAFEGUARD,,payment,0,,0,0,,,,,,H4;H9,CONSUMER-GENERATED,Suggests COD/pay-on-delivery as protection (also suggests posting rider's number — not reproduced),ai_first_pass,
RD-1tmgwrf-onno8o8,reddit,r/BangaloreSocial,comment,RD-1tmgwrf,https://www.reddit.com/r/BangaloreSocial/comments/1tmgwrf/refrain_from_ordering_from_ownly_late_night_i/onno8o8/,2026-05-24,exact_rss,2026-09-14,consumer_unverified,not exposed by RSS,"Ownly doesn’t have COD, or at least I don’t see the option.",yes_truncated_60w,,thread focus: Ownly,1,1,neutral,NO_CASH_ON_DELIVERY,NO_CASH_ON_DELIVERY,1,payment,0,,0,0,,,,,,H9,CONSUMER-GENERATED,,ai_first_pass,
RD-1tmgwrf-p2osu3v,reddit,r/BangaloreSocial,comment,RD-1tmgwrf,https://www.reddit.com/r/BangaloreSocial/comments/1tmgwrf/refrain_from_ordering_from_ownly_late_night_i/p2osu3v/,2026-08-09,exact_rss,2026-09-14,consumer_unverified,not exposed by RSS,[phone redacted] restaurant sent an order but this delivery agent scammed same thing happened today,yes_truncated_60w,,thread focus: Ownly,1,1,neg,NON_DELIVERY;RIDER_CONDUCT,NON_DELIVERY,4,delivery_handoff,0,,0,0,,,,,,H4,CONSUMER-GENERATED,Alleged repeat-offender rider (same phone number reported by several users) — unverified allegation; PII redacted. 2026-08-09,ai_first_pass,
RD-1tmgwrf-p2p0x02,reddit,r/BangaloreSocial,comment,RD-1tmgwrf,https://www.reddit.com/r/BangaloreSocial/comments/1tmgwrf/refrain_from_ordering_from_ownly_late_night_i/p2p0x02/,2026-08-09,exact_rss,2026-09-14,consumer_unverified,not exposed by RSS,Happened with me just now,yes_truncated_60w,,thread focus: Ownly,1,1,neg,NON_DELIVERY,NON_DELIVERY,3,delivery_handoff,0,,0,0,,,,,,H4,CONSUMER-GENERATED,Brief 'happened with me just now',ai_first_pass,
RD-1tmgwrf-onn8bjy,reddit,r/BangaloreSocial,comment,RD-1tmgwrf,https://www.reddit.com/r/BangaloreSocial/comments/1tmgwrf/refrain_from_ordering_from_ownly_late_night_i/onn8bjy/,2026-05-24,exact_rss,2026-09-14,consumer_unverified,not exposed by RSS,"The exact same thing just happened to me, delivery person marked delivered, but I never got my food. It's actually pretty funny that this post showed up on my feed right now. For me, they processed refund without much hassle. I hope you get your refund too! Maybe try bothering them a couple more times.",yes_truncated_60w,,thread focus: Ownly,1,1,mixed,NON_DELIVERY;SUPPORT_RECOVERY_POSITIVE,NON_DELIVERY,2,post_order_support_refund,0,,0,0,,,,'processed refund without much hassle',,H4;H12,CONSUMER-GENERATED,,ai_first_pass,
RD-1tmgwrf-orfhkxt,reddit,r/BangaloreSocial,comment,RD-1tmgwrf,https://www.reddit.com/r/BangaloreSocial/comments/1tmgwrf/refrain_from_ordering_from_ownly_late_night_i/orfhkxt/,2026-06-13,exact_rss,2026-09-14,consumer_unverified,not exposed by RSS,Maybe Ownly should take some security deposit from the Delivery Partners before onboarding them 🤔,yes_truncated_60w,,thread focus: Ownly,1,0,neutral,RIDER_VETTING_SUGGESTION,RIDER_VETTING_SUGGESTION,,NA_business_commentary,0,,0,0,,,,,,H9,CONSUMER-GENERATED,Suggests security deposits from delivery partners,ai_first_pass,
RD-1tmgwrf-opjoob7,reddit,r/BangaloreSocial,comment,RD-1tmgwrf,https://www.reddit.com/r/BangaloreSocial/comments/1tmgwrf/refrain_from_ordering_from_ownly_late_night_i/opjoob7/,2026-06-03,exact_rss,2026-09-14,consumer_unverified,not exposed by RSS,Add me on this as well. Just got fucking scammed. Support? They are dead. The live agent never joins the chat. The delivery captain doesn't pick up the call. [phone redacted] -- [name redacted] this is the delivery captain,yes_truncated_60w,,thread focus: Ownly,1,1,neg,NON_DELIVERY;RIDER_CONDUCT;SUPPORT_UNRESPONSIVE,NON_DELIVERY,4,delivery_handoff,0,,0,0,,,,'live agent never joins the chat',,H4;H12,CONSUMER-GENERATED,Alleged repeat-offender rider (same phone number reported by several users) — unverified allegation; PII redacted. 2026-06-03,ai_first_pass,
RD-1tmgwrf-oq1lqwp,reddit,r/BangaloreSocial,comment,RD-1tmgwrf,https://www.reddit.com/r/BangaloreSocial/comments/1tmgwrf/refrain_from_ordering_from_ownly_late_night_i/oq1lqwp/,2026-06-06,exact_rss,2026-09-14,consumer_unverified,not exposed by RSS,OMG YES!!! THIS FUCKING GUY TOOK AND RAN AWAY WITH THE ORDER I MADE YESTERDAY NIGHT! SAME NUMBER! SAME GUY! SO THIS GUY HAS MADE ROBBING HIS PART TIME JOB?,yes_truncated_60w,,thread focus: Ownly,1,1,neg,NON_DELIVERY;RIDER_CONDUCT,NON_DELIVERY,4,delivery_handoff,0,,0,0,,,,,,H4;H9,CONSUMER-GENERATED,Alleged repeat-offender rider (same phone number reported by several users) — unverified allegation; PII redacted. 2026-06-06 ('SAME NUMBER! SAME GUY!'),ai_first_pass,
RD-1tmgwrf-oq1lhij,reddit,r/BangaloreSocial,comment,RD-1tmgwrf,https://www.reddit.com/r/BangaloreSocial/comments/1tmgwrf/refrain_from_ordering_from_ownly_late_night_i/oq1lhij/,2026-06-06,exact_rss,2026-09-14,consumer_unverified,not exposed by RSS,Same happened to me yesterday. And they kept closing the customer service chat saying it is resolved WHEN ABSOLUTELY NOTHING WAS RESOLVED. I didnt leave their a$$...I kept reopening and I told them I want refund or else I am raising a complaint against them in consumer court. I told I will be after them even if I lose my …,yes_truncated_60w,,thread focus: Ownly,1,1,mixed,NON_DELIVERY;SUPPORT_CLOSES_UNRESOLVED;SUPPORT_RECOVERY_AFTER_ESCALATION,NON_DELIVERY,3,post_order_support_refund,0,,0,0,,,,chats repeatedly closed as 'resolved'; refund only after threatening consumer court,,H4;H12,CONSUMER-GENERATED,,ai_first_pass,
RD-1tmgwrf-p0wks8m,reddit,r/BangaloreSocial,comment,RD-1tmgwrf,https://www.reddit.com/r/BangaloreSocial/comments/1tmgwrf/refrain_from_ordering_from_ownly_late_night_i/p0wks8m/,2026-07-31,exact_rss,2026-09-14,consumer_unverified,not exposed by RSS,"Poor customer support, tried placing an order, payment successfully but order cancelled with comments payment failed! Again tried payment with different method again payment successfully but order cancelled! When connected to customer care was initially told payment issue and got free gyan not to open other tab, close tab and make calls when payment is being transferred! Had to ask …",yes_truncated_60w,,thread focus: Ownly,1,1,neg,PAYMENT_DEDUCTED_ORDER_FAILED;SUPPORT_UNRESPONSIVE,PAYMENT_DEDUCTED_ORDER_FAILED,3,payment,0,,0,0,,,,support blamed customer's tab-switching,,H4;H9,CONSUMER-GENERATED,"Twice: payment succeeded, order cancelled as 'payment failed' (2026-07-31)",ai_first_pass,
RD-1tmgwrf-p0wogno,reddit,r/BangaloreSocial,comment,RD-1tmgwrf,https://www.reddit.com/r/BangaloreSocial/comments/1tmgwrf/refrain_from_ordering_from_ownly_late_night_i/p0wogno/,2026-07-31,exact_rss,2026-09-14,consumer_unverified,not exposed by RSS,File chargeback dispute if paid credit card,yes_truncated_60w,,thread focus: Ownly,1,0,neutral,SUPPORT_WORKAROUND,SUPPORT_WORKAROUND,,post_order_support_refund,0,,0,0,,,,,,H4,CONSUMER-GENERATED,Suggests credit-card chargeback,ai_first_pass,
RD-1tmgwrf-p2p14i9,reddit,r/BangaloreSocial,comment,RD-1tmgwrf,https://www.reddit.com/r/BangaloreSocial/comments/1tmgwrf/refrain_from_ordering_from_ownly_late_night_i/p2p14i9/,2026-08-09,exact_rss,2026-09-14,consumer_unverified,not exposed by RSS,Same happened. Support mail ID or number? Anyone?,yes_truncated_60w,,thread focus: Ownly,1,1,neg,NON_DELIVERY;SUPPORT_CHANNEL_UNKNOWN,NON_DELIVERY,3,post_order_support_refund,0,,0,0,,,,,,H4,CONSUMER-GENERATED,Asks for a support email/number — none known,ai_first_pass,
RD-1tmgwrf-p31bwis,reddit,r/BangaloreSocial,comment,RD-1tmgwrf,https://www.reddit.com/r/BangaloreSocial/comments/1tmgwrf/refrain_from_ordering_from_ownly_late_night_i/p31bwis/,2026-08-11,exact_rss,2026-09-14,consumer_unverified,not exposed by RSS,"bro i was so pissed at my delivery guy. He was supposed to deliver my platter 2 hours back. He switched off his phone, and I got so mad, complained to customer care, and finally he showed up after 4 hours...but with a kid in the back of his seat, so I decided not to shout at him...such a messy …",yes_truncated_60w,,thread focus: Ownly,1,1,mixed,LATE_DELIVERY;RIDER_CONDUCT,LATE_DELIVERY,3,dispatch_eta,0,,0,0,,due 2 h earlier; arrived after ~4 h; rider phone off,,,,H3;H4,CONSUMER-GENERATED,Platform assumed Ownly from thread context,ai_first_pass,
RD-1tmgwrf-p4p288t,reddit,r/BangaloreSocial,comment,RD-1tmgwrf,https://www.reddit.com/r/BangaloreSocial/comments/1tmgwrf/refrain_from_ordering_from_ownly_late_night_i/p4p288t/,2026-08-19,exact_rss,2026-09-14,consumer_unverified,not exposed by RSS,"Same thing happened with me today , I had ordered around 1.24am and it's been like an hour, when I called the delivery agent after getting number from customer help he told it's been delivered,but he didn't even come near to my location nor called to my number, and the customer help is so frustrating and no one is replying",yes_truncated_60w,,thread focus: Ownly,1,1,neg,LATE_NIGHT_RELIABILITY_RISK;NON_DELIVERY;SUPPORT_UNRESPONSIVE,LATE_NIGHT_RELIABILITY_RISK,3,delivery_handoff,0,,0,0,,ordered ~1:24 am; rider claimed delivered without coming near,,,,H3;H4,CONSUMER-GENERATED,2026-08-19,ai_first_pass,
RD-1tmgwrf-p5ah0t7,reddit,r/BangaloreSocial,comment,RD-1tmgwrf,https://www.reddit.com/r/BangaloreSocial/comments/1tmgwrf/refrain_from_ordering_from_ownly_late_night_i/p5ah0t7/,2026-08-22,exact_rss,2026-09-14,consumer_unverified,not exposed by RSS,Did you get the refund because same thing happened with me just now Edit: I just got the refund but my item was only of 68 rupees. Did you get yours?,yes_truncated_60w,,thread focus: Ownly,1,1,mixed,NON_DELIVERY;SUPPORT_RECOVERY_POSITIVE;LOW_AOV_ORDERING,NON_DELIVERY,2,post_order_support_refund,0,,0,0,,,,refund received; item only ₹68,,H4;H6,CONSUMER-GENERATED,Contrast with large-order refund disputes (RD-1w8qx26),ai_first_pass,
RD-1tmgwrf-p6913ng,reddit,r/BangaloreSocial,comment,RD-1tmgwrf,https://www.reddit.com/r/BangaloreSocial/comments/1tmgwrf/refrain_from_ordering_from_ownly_late_night_i/p6913ng/,2026-08-27,exact_rss,2026-09-14,consumer_unverified,not exposed by RSS,"Got scammed too. Placed an order. ETA frozen at 15 mins, captain’s number is wrong, restaurant’s number is wrong, and support is a bot that never connects to a human. https://preview.redd.it/8wxetjsqaylh1.jpeg?width=1206&format=pjpg&auto=webp&s=d493c8e5c9f908f4383a3415dc3a6c0e97ec4516",yes_truncated_60w,,thread focus: Ownly,1,1,neg,ETA_DISPLAY_MISLEADING;CONTACT_DETAILS_WRONG;SUPPORT_BOT_NO_HUMAN;TRUST_LOSS_SCAM_FRAMING,ETA_DISPLAY_MISLEADING,3,dispatch_eta,0,,0,0,,ETA frozen at 15 min,,'a bot that never connects to a human',,H4;H12,CONSUMER-GENERATED,Captain's and restaurant's numbers both wrong,ai_first_pass,
RD-1tmgwrf-p6g6fcj,reddit,r/BangaloreSocial,comment,RD-1tmgwrf,https://www.reddit.com/r/BangaloreSocial/comments/1tmgwrf/refrain_from_ordering_from_ownly_late_night_i/p6g6fcj/,2026-08-28,exact_rss,2026-09-14,consumer_unverified,not exposed by RSS,Same thing happened.delivery guy was in next road.but suddenly it showed delivered.i called delivery agent he didn't pick.if they have problem with company.take it with them or leave job for someone who wants it.why waste our money and time.,yes_truncated_60w,,thread focus: Ownly,1,1,neg,NON_DELIVERY;RIDER_CONDUCT,NON_DELIVERY,3,delivery_handoff,0,,0,0,,,,,,H4,CONSUMER-GENERATED,Marked delivered while rider was a road away; rider didn't answer,ai_first_pass,
RD-1tmgwrf-p75f38q,reddit,r/BangaloreSocial,comment,RD-1tmgwrf,https://www.reddit.com/r/BangaloreSocial/comments/1tmgwrf/refrain_from_ordering_from_ownly_late_night_i/p75f38q/,2026-09-01,exact_rss,2026-09-14,consumer_unverified,not exposed by RSS,"The exact same thing happened to me. And the customer support just says ""delivery agent says order is delivered"" and close the chat!! It's really bad",yes_truncated_60w,,thread focus: Ownly,1,1,neg,SUPPORT_CLOSES_UNRESOLVED;NON_DELIVERY,SUPPORT_CLOSES_UNRESOLVED,4,post_order_support_refund,0,,0,0,,,,support says 'delivery agent says order is delivered' and closes chat,,H4;H12,CONSUMER-GENERATED,[SAME_INCIDENT:RD-1vw5429-p75fa7u] same minute as two similar comments in other threads — counted once,ai_first_pass,
RD-1tmgwrf-p9cp00m,reddit,r/BangaloreSocial,comment,RD-1tmgwrf,https://www.reddit.com/r/BangaloreSocial/comments/1tmgwrf/refrain_from_ordering_from_ownly_late_night_i/p9cp00m/,2026-09-12,exact_rss,2026-09-14,consumer_unverified,not exposed by RSS,"Same happened with me today, but I got refund",yes_truncated_60w,,thread focus: Ownly,1,1,mixed,NON_DELIVERY;SUPPORT_RECOVERY_POSITIVE,NON_DELIVERY,2,post_order_support_refund,0,,0,0,,,,got refund,,H4,CONSUMER-GENERATED,2026-09-12 — issue still occurring two days before collection,ai_first_pass,
RD-1u4t85s,reddit,r/BangaloreSocial,post,,https://www.reddit.com/r/BangaloreSocial/comments/1u4t85s/why_is_ownly_forcing_me_to_rate_a_restaurant/,2026-06-13,exact_rss,2026-09-14,consumer_unverified,not exposed by RSS,"Why is ownly forcing me to rate a restaurant — I used ownly for the last 2-3 orders, It worked fine for a while, now I don't see any option to skip this rating screen, I can't even go back, i use 3 button navigation as I don't like swipe one.",yes_truncated_60w,,thread focus: Ownly,1,1,neg,FORCED_RATING_UX,FORCED_RATING_UX,2,app_account,0,,0,1,,,,,,H12,CONSUMER-GENERATED,Cannot skip restaurant-rating screen; 2–3 orders 'worked fine',ai_first_pass,
RD-1u4t85s-orfo76h,reddit,r/BangaloreSocial,comment,RD-1u4t85s,https://www.reddit.com/r/BangaloreSocial/comments/1u4t85s/why_is_ownly_forcing_me_to_rate_a_restaurant/orfo76h/,2026-06-13,exact_rss,2026-09-14,consumer_unverified,not exposed by RSS,After rating it shows “Chef will kiss you 🥀🥀🥀🥀” Just kidding,yes_truncated_60w,,thread focus: Ownly,0,0,,,,,,0,,0,0,,,,,,,,banter/off-topic; no Ownly-relevant content,ai_first_pass,
RD-1u4t85s-orfgiva,reddit,r/BangaloreSocial,comment,RD-1u4t85s,https://www.reddit.com/r/BangaloreSocial/comments/1u4t85s/why_is_ownly_forcing_me_to_rate_a_restaurant/orfgiva/,2026-06-13,exact_rss,2026-09-14,consumer_unverified,not exposed by RSS,delete the app and rate them in playstore they will get their rating,yes_truncated_60w,,thread focus: Ownly,1,0,neg,CHURN_ADVOCACY,CHURN_ADVOCACY,,NA_business_commentary,0,,0,0,,,,,,H12,CONSUMER-GENERATED,,ai_first_pass,
RD-1u4t85s-owaosy0,reddit,r/BangaloreSocial,comment,RD-1u4t85s,https://www.reddit.com/r/BangaloreSocial/comments/1u4t85s/why_is_ownly_forcing_me_to_rate_a_restaurant/owaosy0/,2026-07-08,exact_rss,2026-09-14,consumer_unverified,not exposed by RSS,"Why man. It is so cheap and concept is pretty good. No extra charges, better to bring down duopoly of Swiggy zomato",yes_truncated_60w,,thread focus: Ownly,1,1,pos,PRICE_SAVINGS_OBSERVED;NO_HIDDEN_FEES_POSITIVE;WELCOME_THIRD_COMPETITOR,PRICE_SAVINGS_OBSERVED,,pricing_checkout,0,,0,0,,,,,,H1;H2,CONSUMER-GENERATED,[SAME_INCIDENT:RD-1qcrc1f-owap5ff] same minute and wording — counted once,ai_first_pass,
RD-1u4t85s-orgbeey,reddit,r/BangaloreSocial,comment,RD-1u4t85s,https://www.reddit.com/r/BangaloreSocial/comments/1u4t85s/why_is_ownly_forcing_me_to_rate_a_restaurant/orgbeey/,2026-06-13,exact_rss,2026-09-14,consumer_unverified,not exposed by RSS,"Its been there for much longer and yeah its annoying and not justified. That being said, it works and not the dump that magic pin has now become",yes_truncated_60w,,thread focus: Ownly,1,1,mixed,FORCED_RATING_UX;RELIABLE_EXPERIENCE_POSITIVE;COMPETITOR_CONTEXT,FORCED_RATING_UX,1,app_account,0,,0,0,,,,,,H4;H12,CONSUMER-GENERATED,'it works and not the dump that magic pin has now become',ai_first_pass,
RD-1u4t85s-orqjidr,reddit,r/BangaloreSocial,comment,RD-1u4t85s,https://www.reddit.com/r/BangaloreSocial/comments/1u4t85s/why_is_ownly_forcing_me_to_rate_a_restaurant/orqjidr/,2026-06-15,exact_rss,2026-09-14,consumer_unverified,not exposed by RSS,"Tradeoff, u are getting no additional fees (minimal fees like +5 rupees) in return just rate the restaurant.",yes_truncated_60w,,thread focus: Ownly,1,1,pos,TRADEOFF_ACCEPTED;FEE_LEVEL_OBSERVED,TRADEOFF_ACCEPTED,,pricing_checkout,0,,0,0,'no additional fees (minimal fees like +5 rupees)',,,,,H8,CONSUMER-GENERATED,Jun 2026 fee observation (+₹5) — unverified,ai_first_pass,
RD-1v0w2lx,reddit,r/BangaloreSocial,post,,https://www.reddit.com/r/BangaloreSocial/comments/1v0w2lx/is_ownly_fifa_offer_working/,2026-07-19,exact_rss,2026-09-14,consumer_unverified,not exposed by RSS,Is ownly fifa offer working — I ordered a bunch of items for 60 rupees but they cancelled on me I knew something bad would happen so I'm not too disappointed but wanna know if it worked for anyone or is it lagging for everyone,yes_truncated_60w,,thread focus: Ownly,1,1,neutral,PROMO_ORDER_CANCELLED;LAUNCH_PROMOTION_OBSERVED,PROMO_ORDER_CANCELLED,2,dispatch_eta,0,,0,0,'FIFA offer' — bunch of items for ₹60; order cancelled,,,,,H2;H12,CONSUMER-GENERATED,2026-07-19: evidence Ownly runs deep promotional offers (not only everyday pricing),ai_first_pass,
RD-1v8r1w7,reddit,r/Storyboard18,post,,https://www.reddit.com/r/Storyboard18/comments/1v8r1w7/rapido_brings_ownly_to_main_app_deepens_challenge/,2026-07-28,exact_rss,2026-09-14,investor_analyst_media,not exposed by RSS,"Rapido brings Ownly to main app, deepens challenge to Swiggy and Zomato — Ride-hailing platform Rapido has integrated its food delivery service Ownly into its main app, a move that significantly expands the startup’s push into India’s highly competitive food delivery market. The integration allows users in Bengaluru to order food directly through the Rapido app while still being able …",yes_truncated_60w,,thread focus: Ownly,1,0,neutral,LAUNCH_CLAIM_RELAY;RAPIDO_APP_INTEGRATION,LAUNCH_CLAIM_RELAY,,NA_business_commentary,0,,0,0,,,,,,H7,MEDIA REPORT,News-relay subreddit post (2026-07-28): Ownly integrated into main Rapido app in Bengaluru,ai_first_pass,
RD-1vbqoq9,reddit,r/StartupFuture,post,,https://www.reddit.com/r/StartupFuture/comments/1vbqoq9/rapidoowned_fooddelivery_platform_ownly_has/,2026-07-31,exact_rss,2026-09-14,investor_analyst_media,not exposed by RSS,"Rapido-owned food-delivery platform Ownly has reportedly reached around 7% of Bengaluru’s market, translating to more than 40,000 daily orders through approximately 25,000 restaurant partners. — The company is now said to be preparing for expansion beyond Bengaluru. Ownly formally rolled out citywide in March after an earlier neighbourhood pilot, positioning itself as a zero-commission, restaurant-first platform built around transparent and …",yes_truncated_60w,,thread focus: Ownly,1,0,neutral,LAUNCH_CLAIM_RELAY,LAUNCH_CLAIM_RELAY,,NA_business_commentary,0,,0,0,,,,,,H9,MEDIA REPORT,"Relays ~7% Bengaluru share, >40,000 daily orders, ~25,000 restaurants; post itself says share 'not independently confirmed by Rapido'; 'preparing for expansion beyond Bengaluru' (2026-07-31)",ai_first_pass,
RD-1vj71um,reddit,r/Ownly,post,,https://www.reddit.com/r/Ownly/comments/1vj71um/wtf_ownly/,2026-08-08,exact_rss,2026-09-14,consumer_unverified,not exposed by RSS,"Wtf Ownly? — Pathetic service, and horrible customer support!",yes_truncated_60w,,thread focus: Ownly,1,1,neg,SUPPORT_UNRESPONSIVE;GENERAL_SERVICE_COMPLAINT,SUPPORT_UNRESPONSIVE,2,post_order_support_refund,0,,0,0,,,,'horrible customer support',,H4;H12,CONSUMER-GENERATED,"r/Ownly (unofficial community sub), 2026-08-08; no detail",ai_first_pass,
RD-1vkoo9i,reddit,r/Zomato,post,,https://www.reddit.com/r/Zomato/comments/1vkoo9i/ownly_trolling_other_food_delivery_companies_lol/,2026-08-10,exact_rss,2026-09-14,consumer_unverified,not exposed by RSS,Ownly trolling other food delivery companies lol —,yes_truncated_60w,,thread focus: Ownly,1,0,neutral,COMPANY_MARKETING_OBSERVED,COMPANY_MARKETING_OBSERVED,,NA_business_commentary,0,,0,0,,,,,,H7,CONSUMER-GENERATED,Image of an Ownly ad mocking competitors' fees (2026-08-10); image not retrievable,ai_first_pass,
RD-1vkoo9i-p2v20cd,reddit,r/Zomato,comment,RD-1vkoo9i,https://www.reddit.com/r/Zomato/comments/1vkoo9i/ownly_trolling_other_food_delivery_companies_lol/p2v20cd/,2026-08-10,exact_rss,2026-09-14,consumer_unverified,not exposed by RSS,Burning investors money 🤑,yes_truncated_60w,,thread focus: Ownly,1,0,neg,SUSTAINABILITY_SKEPTICISM,SUSTAINABILITY_SKEPTICISM,,NA_business_commentary,0,,0,0,,,,,,H2,CONSUMER-GENERATED,,ai_first_pass,
RD-1vkoo9i-p35yh8q,reddit,r/Zomato,comment,RD-1vkoo9i,https://www.reddit.com/r/Zomato/comments/1vkoo9i/ownly_trolling_other_food_delivery_companies_lol/p35yh8q/,2026-08-12,exact_rss,2026-09-14,consumer_unverified,not exposed by RSS,Profit? Nope Unit economics? We're not those guys,yes_truncated_60w,,thread focus: Ownly,1,0,neg,SUSTAINABILITY_SKEPTICISM,SUSTAINABILITY_SKEPTICISM,,NA_business_commentary,0,,0,0,,,,,,H2,CONSUMER-GENERATED,,ai_first_pass,
RD-1vkoo9i-p386za1,reddit,r/Zomato,comment,RD-1vkoo9i,https://www.reddit.com/r/Zomato/comments/1vkoo9i/ownly_trolling_other_food_delivery_companies_lol/p386za1/,2026-08-12,exact_rss,2026-09-14,consumer_unverified,not exposed by RSS,Bhai fayda de rhe h na toh usme bhi dikkat Fees charge karein usme bhi dikkt Aakhir kya chahte ho tum zindagi m Arvind kejriwal ho tum,yes_truncated_60w,,thread focus: Ownly,1,0,pos,GENERAL_SUPPORT_FOR_OWNLY,GENERAL_SUPPORT_FOR_OWNLY,,NA_business_commentary,0,,0,0,,,,,,H7,CONSUMER-GENERATED,Hinglish: critics complain whether Ownly gives benefits or charges fees,ai_first_pass,
RD-1vkoo9i-p2uvrz2,reddit,r/Zomato,comment,RD-1vkoo9i,https://www.reddit.com/r/Zomato/comments/1vkoo9i/ownly_trolling_other_food_delivery_companies_lol/p2uvrz2/,2026-08-10,exact_rss,2026-09-14,consumer_unverified,not exposed by RSS,But ownly is only available in Bengaluru,yes_truncated_60w,Bengaluru,thread focus: Ownly,1,0,neutral,CITY_AVAILABILITY_QUESTION,CITY_AVAILABILITY_QUESTION,,NA_business_commentary,0,,0,0,,,,,,H9,CONSUMER-GENERATED,,ai_first_pass,
RD-1vkoo9i-p2vs813,reddit,r/Zomato,comment,RD-1vkoo9i,https://www.reddit.com/r/Zomato/comments/1vkoo9i/ownly_trolling_other_food_delivery_companies_lol/p2vs813/,2026-08-10,exact_rss,2026-09-14,consumer_unverified,not exposed by RSS,"It's available, I just now ordered fried rice",yes_truncated_60w,,thread focus: Ownly,1,1,neutral,CITY_AVAILABILITY_QUESTION,CITY_AVAILABILITY_QUESTION,,NA_business_commentary,0,,0,0,,,,,,H9,CONSUMER-GENERATED,'I just now ordered fried rice' — availability confirmation,ai_first_pass,
RD-1vkoo9i-p2wdkae,reddit,r/Zomato,comment,RD-1vkoo9i,https://www.reddit.com/r/Zomato/comments/1vkoo9i/ownly_trolling_other_food_delivery_companies_lol/p2wdkae/,2026-08-10,exact_rss,2026-09-14,consumer_unverified,not exposed by RSS,Yeah ownly for a reason,yes_truncated_60w,,thread focus: Ownly,0,0,,,,,,0,,0,0,,,,,,,,wordplay/meme/image-only/one-line nostalgia,ai_first_pass,
RD-1vkoo9i-p2wo951,reddit,r/Zomato,comment,RD-1vkoo9i,https://www.reddit.com/r/Zomato/comments/1vkoo9i/ownly_trolling_other_food_delivery_companies_lol/p2wo951/,2026-08-10,exact_rss,2026-09-14,consumer_unverified,not exposed by RSS,Ownly present in Bangalore*,yes_truncated_60w,,thread focus: Ownly,0,0,,,,,,0,,0,0,,,,,,,,wordplay/meme/image-only/one-line nostalgia,ai_first_pass,
RD-1vkoo9i-p2woj77,reddit,r/Zomato,comment,RD-1vkoo9i,https://www.reddit.com/r/Zomato/comments/1vkoo9i/ownly_trolling_other_food_delivery_companies_lol/p2woj77/,2026-08-10,exact_rss,2026-09-14,consumer_unverified,not exposed by RSS,Word play kaise hota fir,yes_truncated_60w,,thread focus: Ownly,0,0,,,,,,0,,0,0,,,,,,,,wordplay/meme/image-only/one-line nostalgia,ai_first_pass,
RD-1vkoo9i-p2veri2,reddit,r/Zomato,comment,RD-1vkoo9i,https://www.reddit.com/r/Zomato/comments/1vkoo9i/ownly_trolling_other_food_delivery_companies_lol/p2veri2/,2026-08-10,exact_rss,2026-09-14,consumer_unverified,not exposed by RSS,"The starting phase is the same for everyone. I remember Zomato had a flat 50 percent off offer and free delivery up until COVID. They ran on investors' money, so all kinds of offers and gimmicks were used. Once people were addicted, they slowly kept adding charges to merchants, and those costs were passed on to customers. And hidden charges …",yes_truncated_60w,,thread focus: Ownly,1,0,neutral,HISTORICAL_PRICE_CONVERGENCE,HISTORICAL_PRICE_CONVERGENCE,,NA_business_commentary,0,,0,0,,,,,,H1;H2,CONSUMER-GENERATED,Nostalgia for early Zomato/Swiggy/Uber Eats/Foodpanda discounts that later disappeared,ai_first_pass,
RD-1vkoo9i-p2vokxj,reddit,r/Zomato,comment,RD-1vkoo9i,https://www.reddit.com/r/Zomato/comments/1vkoo9i/ownly_trolling_other_food_delivery_companies_lol/p2vokxj/,2026-08-10,exact_rss,2026-09-14,consumer_unverified,not exposed by RSS,"When zomato and food panda started, we literally had biriyani for 29rs from a restaurant back in hostel days. We had that for nearly 2-3 weeks regularly.",yes_truncated_60w,,thread focus: Ownly,1,0,neutral,HISTORICAL_PRICE_CONVERGENCE,HISTORICAL_PRICE_CONVERGENCE,,NA_business_commentary,0,,0,0,,,,,,H1;H2,CONSUMER-GENERATED,Nostalgia for early Zomato/Swiggy/Uber Eats/Foodpanda discounts that later disappeared,ai_first_pass,
RD-1vkoo9i-p2w2k6a,reddit,r/Zomato,comment,RD-1vkoo9i,https://www.reddit.com/r/Zomato/comments/1vkoo9i/ownly_trolling_other_food_delivery_companies_lol/p2w2k6a/,2026-08-10,exact_rss,2026-09-14,consumer_unverified,not exposed by RSS,"Same here. In 2018, most of the days we had biryani for 50 rs. Swiggy used to take 2 to 5 rs delivery fee.",yes_truncated_60w,,thread focus: Ownly,1,0,neutral,HISTORICAL_PRICE_CONVERGENCE,HISTORICAL_PRICE_CONVERGENCE,,NA_business_commentary,0,,0,0,,,,,,H1;H2,CONSUMER-GENERATED,Nostalgia for early Zomato/Swiggy/Uber Eats/Foodpanda discounts that later disappeared,ai_first_pass,
RD-1vkoo9i-p2ws5dj,reddit,r/Zomato,comment,RD-1vkoo9i,https://www.reddit.com/r/Zomato/comments/1vkoo9i/ownly_trolling_other_food_delivery_companies_lol/p2ws5dj/,2026-08-10,exact_rss,2026-09-14,consumer_unverified,not exposed by RSS,UBER EATS was the GOAT back then,yes_truncated_60w,,thread focus: Ownly,0,0,,,,,,0,,0,0,,,,,,,,wordplay/meme/image-only/one-line nostalgia,ai_first_pass,
RD-1vkoo9i-p2yyt00,reddit,r/Zomato,comment,RD-1vkoo9i,https://www.reddit.com/r/Zomato/comments/1vkoo9i/ownly_trolling_other_food_delivery_companies_lol/p2yyt00/,2026-08-11,exact_rss,2026-09-14,consumer_unverified,not exposed by RSS,Only true OG's remember Uber Eats and food panda for discount,yes_truncated_60w,,thread focus: Ownly,1,0,neutral,HISTORICAL_PRICE_CONVERGENCE,HISTORICAL_PRICE_CONVERGENCE,,NA_business_commentary,0,,0,0,,,,,,H1;H2,CONSUMER-GENERATED,Nostalgia for early Zomato/Swiggy/Uber Eats/Foodpanda discounts that later disappeared,ai_first_pass,
RD-1vkoo9i-p30nt1y,reddit,r/Zomato,comment,RD-1vkoo9i,https://www.reddit.com/r/Zomato/comments/1vkoo9i/ownly_trolling_other_food_delivery_companies_lol/p30nt1y/,2026-08-11,exact_rss,2026-09-14,consumer_unverified,not exposed by RSS,I remember the delivery boy on Uber Eats used to drive to my home from faraway just to deliver five Laccha Paratha in ₹25.,yes_truncated_60w,,thread focus: Ownly,1,0,neutral,HISTORICAL_PRICE_CONVERGENCE,HISTORICAL_PRICE_CONVERGENCE,,NA_business_commentary,0,,0,0,,,,,,H1;H2,CONSUMER-GENERATED,Nostalgia for early Zomato/Swiggy/Uber Eats/Foodpanda discounts that later disappeared,ai_first_pass,
RD-1vkoo9i-p383wbr,reddit,r/Zomato,comment,RD-1vkoo9i,https://www.reddit.com/r/Zomato/comments/1vkoo9i/ownly_trolling_other_food_delivery_companies_lol/p383wbr/,2026-08-12,exact_rss,2026-09-14,consumer_unverified,not exposed by RSS,"Lol, food panda was crazy on burning investor money,no wonder they had to shut shop in India",yes_truncated_60w,,thread focus: Ownly,1,0,neg,SUSTAINABILITY_SKEPTICISM,SUSTAINABILITY_SKEPTICISM,,NA_business_commentary,0,,0,0,,,,,,H2,CONSUMER-GENERATED,,ai_first_pass,
RD-1vkoo9i-p2w6262,reddit,r/Zomato,comment,RD-1vkoo9i,https://www.reddit.com/r/Zomato/comments/1vkoo9i/ownly_trolling_other_food_delivery_companies_lol/p2w6262/,2026-08-10,exact_rss,2026-09-14,consumer_unverified,not exposed by RSS,"But its good that if there are other major contenders coz duopoly isnt good for consumers whatsoever so its good if there are more companies competing, basically",yes_truncated_60w,,thread focus: Ownly,1,0,pos,WELCOME_THIRD_COMPETITOR,WELCOME_THIRD_COMPETITOR,,NA_business_commentary,0,,0,0,,,,,,H1,CONSUMER-GENERATED,,ai_first_pass,
RD-1vkoo9i-p2v9oav,reddit,r/Zomato,comment,RD-1vkoo9i,https://www.reddit.com/r/Zomato/comments/1vkoo9i/ownly_trolling_other_food_delivery_companies_lol/p2v9oav/,2026-08-10,exact_rss,2026-09-14,consumer_unverified,not exposed by RSS,"Just wait till they get a stable customer base, it’s gonna become the said “those guys”",yes_truncated_60w,,thread focus: Ownly,1,0,neg,FUTURE_FEE_CREEP_EXPECTED,FUTURE_FEE_CREEP_EXPECTED,,NA_business_commentary,0,,0,0,,,,,,H2;H7,CONSUMER-GENERATED,,ai_first_pass,
RD-1vkoo9i-p32sokv,reddit,r/Zomato,comment,RD-1vkoo9i,https://www.reddit.com/r/Zomato/comments/1vkoo9i/ownly_trolling_other_food_delivery_companies_lol/p32sokv/,2026-08-11,exact_rss,2026-09-14,consumer_unverified,not exposed by RSS,"They could just increase the delivery fees. Tbh, the platform fees is utter nonsense, which infected everyone and on top of it, e-commerce guys add ""offer processing fee"".",yes_truncated_60w,,thread focus: Ownly,1,0,neutral,TRANSPARENT_DELIVERY_FEE_PREFERENCE;INCUMBENT_FEE_STACK_FRUSTRATION,TRANSPARENT_DELIVERY_FEE_PREFERENCE,,pricing_checkout,0,,0,0,prefers higher delivery fee over 'utter nonsense' platform fee,,,,,H1;H8,CONSUMER-GENERATED,,ai_first_pass,
RD-1vkoo9i-p2vhimd,reddit,r/Zomato,comment,RD-1vkoo9i,https://www.reddit.com/r/Zomato/comments/1vkoo9i/ownly_trolling_other_food_delivery_companies_lol/p2vhimd/,2026-08-10,exact_rss,2026-09-14,consumer_unverified,not exposed by RSS,"I've been using toing , for the past few months , they advertise no delivery fees ( actually its was free after a certain cart value ) but now it's on every order... https://giphy.com/gifs/5NbbVJeSLs1etZYjpT",yes_truncated_60w,,thread focus: Ownly,1,0,neutral,TOING_VS_OWNLY;COMPETITOR_FEE_CREEP_OBSERVED,TOING_VS_OWNLY,,pricing_checkout,0,,0,0,Toing advertised no delivery fee; now charged on every order,,,,,H2;H8,CONSUMER-GENERATED,First-hand Toing use — incumbent value app already added fees,ai_first_pass,
RD-1vkoo9i-p2vxpig,reddit,r/Zomato,comment,RD-1vkoo9i,https://www.reddit.com/r/Zomato/comments/1vkoo9i/ownly_trolling_other_food_delivery_companies_lol/p2vxpig/,2026-08-10,exact_rss,2026-09-14,consumer_unverified,not exposed by RSS,The only time I ever used toing was like you could upload a ss of a cheaper cart from other app and get 50rs off and I did get it,yes_truncated_60w,,thread focus: Ownly,1,0,neutral,TOING_VS_OWNLY,TOING_VS_OWNLY,,pricing_checkout,0,,0,0,,,,,,H2,CONSUMER-GENERATED,Toing gave ₹50 off for a screenshot of a cheaper cart elsewhere,ai_first_pass,
RD-1vkoo9i-p2vz8sq,reddit,r/Zomato,comment,RD-1vkoo9i,https://www.reddit.com/r/Zomato/comments/1vkoo9i/ownly_trolling_other_food_delivery_companies_lol/p2vz8sq/,2026-08-10,exact_rss,2026-09-14,consumer_unverified,not exposed by RSS,"Ooh okay , maybe they patched it ... Well unfortunately it was another gimmick to get you hooked on the app",yes_truncated_60w,,thread focus: Ownly,1,0,neg,TOING_VS_OWNLY;FUTURE_FEE_CREEP_EXPECTED,TOING_VS_OWNLY,,NA_business_commentary,0,,0,0,,,,,,H2,CONSUMER-GENERATED,,ai_first_pass,
RD-1vkoo9i-p2uyvyq,reddit,r/Zomato,comment,RD-1vkoo9i,https://www.reddit.com/r/Zomato/comments/1vkoo9i/ownly_trolling_other_food_delivery_companies_lol/p2uyvyq/,2026-08-10,exact_rss,2026-09-14,consumer_unverified,not exposed by RSS,All these companies that run on minimal profit margins start making up new fees to compensate.,yes_truncated_60w,,thread focus: Ownly,1,0,neg,FUTURE_FEE_CREEP_EXPECTED,FUTURE_FEE_CREEP_EXPECTED,,NA_business_commentary,0,,0,0,,,,,,H2;H7,CONSUMER-GENERATED,,ai_first_pass,
RD-1vkoo9i-p2w9pjy,reddit,r/Zomato,comment,RD-1vkoo9i,https://www.reddit.com/r/Zomato/comments/1vkoo9i/ownly_trolling_other_food_delivery_companies_lol/p2w9pjy/,2026-08-10,exact_rss,2026-09-14,consumer_unverified,not exposed by RSS,"They definitely don't have minimal profit margins . They earn from commission, ads and platform fee. That's huge",yes_truncated_60w,,thread focus: Ownly,1,0,neutral,INCUMBENT_MARGIN_BELIEF,INCUMBENT_MARGIN_BELIEF,,NA_business_commentary,0,,0,0,,,,,,H1,CONSUMER-GENERATED,,ai_first_pass,
RD-1vkoo9i-p2v5nmx,reddit,r/Zomato,comment,RD-1vkoo9i,https://www.reddit.com/r/Zomato/comments/1vkoo9i/ownly_trolling_other_food_delivery_companies_lol/p2v5nmx/,2026-08-10,exact_rss,2026-09-14,consumer_unverified,not exposed by RSS,Is it good ?,yes_truncated_60w,,thread focus: Ownly,1,0,neutral,TRIAL_CURIOSITY,TRIAL_CURIOSITY,,NA_business_commentary,0,,0,0,,,,,,H12,CONSUMER-GENERATED,,ai_first_pass,
RD-1vkoo9i-p2vs9q2,reddit,r/Zomato,comment,RD-1vkoo9i,https://www.reddit.com/r/Zomato/comments/1vkoo9i/ownly_trolling_other_food_delivery_companies_lol/p2vs9q2/,2026-08-10,exact_rss,2026-09-14,consumer_unverified,not exposed by RSS,Wait till they run out of their funding,yes_truncated_60w,,thread focus: Ownly,1,0,neg,SUSTAINABILITY_SKEPTICISM,SUSTAINABILITY_SKEPTICISM,,NA_business_commentary,0,,0,0,,,,,,H2,CONSUMER-GENERATED,,ai_first_pass,
RD-1vkoo9i-p2vuuiw,reddit,r/Zomato,comment,RD-1vkoo9i,https://www.reddit.com/r/Zomato/comments/1vkoo9i/ownly_trolling_other_food_delivery_companies_lol/p2vuuiw/,2026-08-10,exact_rss,2026-09-14,consumer_unverified,not exposed by RSS,Old uber eats and food panda days,yes_truncated_60w,,thread focus: Ownly,0,0,,,,,,0,,0,0,,,,,,,,wordplay/meme/image-only/one-line nostalgia,ai_first_pass,
RD-1vkoo9i-p2vx5b9,reddit,r/Zomato,comment,RD-1vkoo9i,https://www.reddit.com/r/Zomato/comments/1vkoo9i/ownly_trolling_other_food_delivery_companies_lol/p2vx5b9/,2026-08-10,exact_rss,2026-09-14,consumer_unverified,not exposed by RSS,"When zomato and Swiggy started they had crazy discounts too, i remember ordering deserts for 50rs from food panda and uber eats daily too.",yes_truncated_60w,,thread focus: Ownly,1,0,neutral,HISTORICAL_PRICE_CONVERGENCE,HISTORICAL_PRICE_CONVERGENCE,,NA_business_commentary,0,,0,0,,,,,,H1;H2,CONSUMER-GENERATED,Nostalgia for early Zomato/Swiggy/Uber Eats/Foodpanda discounts that later disappeared,ai_first_pass,
RD-1vkoo9i-p2vy6iu,reddit,r/Zomato,comment,RD-1vkoo9i,https://www.reddit.com/r/Zomato/comments/1vkoo9i/ownly_trolling_other_food_delivery_companies_lol/p2vy6iu/,2026-08-10,exact_rss,2026-09-14,consumer_unverified,not exposed by RSS,Zomato in 2019 used to give flat 50% off a lot of times. We were doing internship living in rent and we literally used to get full egg biryanis two plates for 100 rupees. And it was good quantity and also good quality food. We literally used to survive on that because cooking would probably cost more. They all start …,yes_truncated_60w,,thread focus: Ownly,1,0,neutral,HISTORICAL_PRICE_CONVERGENCE;DISCOUNT_DRIVEN_ORDERING,HISTORICAL_PRICE_CONVERGENCE,,NA_business_commentary,0,,0,0,,,,,,H1;H6,CONSUMER-GENERATED,"As interns renting, survived on 50%-off Zomato ('cooking would probably cost more') — price anchor for young renters",ai_first_pass,
RD-1vkoo9i-p36mkdo,reddit,r/Zomato,comment,RD-1vkoo9i,https://www.reddit.com/r/Zomato/comments/1vkoo9i/ownly_trolling_other_food_delivery_companies_lol/p36mkdo/,2026-08-12,exact_rss,2026-09-14,consumer_unverified,not exposed by RSS,"Burning investors’ money again lol 2 years down the line, they will also charge these fees",yes_truncated_60w,,thread focus: Ownly,1,0,neg,FUTURE_FEE_CREEP_EXPECTED,FUTURE_FEE_CREEP_EXPECTED,,NA_business_commentary,0,,0,0,,,,,,H2;H7,CONSUMER-GENERATED,,ai_first_pass,
RD-1vkoo9i-p2v7q1a,reddit,r/Zomato,comment,RD-1vkoo9i,https://www.reddit.com/r/Zomato/comments/1vkoo9i/ownly_trolling_other_food_delivery_companies_lol/p2v7q1a/,2026-08-10,exact_rss,2026-09-14,consumer_unverified,not exposed by RSS,Just today i was ordering something and swiggy added the said platform & packaging fees. For some restaurants as a added bonus they had written no packaging charges🤣 Lol. Ofc i ordered from zomato saved Rs42. Might look like a small difference but a person like me who orders very frequently will save quite some money on a monthly basis. …,yes_truncated_60w,,thread focus: Ownly,1,0,neutral,MULTI_HOMING_PRICE_COMPARISON;FUTURE_FEE_CREEP_EXPECTED,MULTI_HOMING_PRICE_COMPARISON,,pricing_checkout,0,,0,0,Swiggy added platform+packaging fees; ordered on Zomato and saved ₹42; frequent orderer counts monthly savings,,,,,H1;H12,CONSUMER-GENERATED,,ai_first_pass,
RD-1vkoo9i-p2vuq0z,reddit,r/Zomato,comment,RD-1vkoo9i,https://www.reddit.com/r/Zomato/comments/1vkoo9i/ownly_trolling_other_food_delivery_companies_lol/p2vuq0z/,2026-08-10,exact_rss,2026-09-14,consumer_unverified,not exposed by RSS,It's like how Samsung used to mock apple for no charger/earphones in box and removable battery,yes_truncated_60w,,thread focus: Ownly,1,0,neg,FUTURE_FEE_CREEP_EXPECTED,FUTURE_FEE_CREEP_EXPECTED,,NA_business_commentary,0,,0,0,,,,,,H2;H7,CONSUMER-GENERATED,,ai_first_pass,
RD-1vkoo9i-p2wtl39,reddit,r/Zomato,comment,RD-1vkoo9i,https://www.reddit.com/r/Zomato/comments/1vkoo9i/ownly_trolling_other_food_delivery_companies_lol/p2wtl39/,2026-08-10,exact_rss,2026-09-14,consumer_unverified,not exposed by RSS,Only applicable on first order..,yes_truncated_60w,,thread focus: Ownly,1,0,neutral,LAUNCH_DISCOUNT_TEMPORARY,LAUNCH_DISCOUNT_TEMPORARY,,pricing_checkout,0,,0,0,,,,,,H2,CONSUMER-GENERATED,Claims advertised benefit 'Only applicable on first order' — unverified,ai_first_pass,
RD-1vkoo9i-p2yropj,reddit,r/Zomato,comment,RD-1vkoo9i,https://www.reddit.com/r/Zomato/comments/1vkoo9i/ownly_trolling_other_food_delivery_companies_lol/p2yropj/,2026-08-11,exact_rss,2026-09-14,consumer_unverified,not exposed by RSS,"I know that they are in the building phase, but I seriously hope that they stick to this forever. At the max, I'll allow subscriptions ( with offers and benefits ) for frequent customers but that's about it. Don't do offers that are not real ( like artificially jacking up the prices and discounting at actual price ). Even delivery …",yes_truncated_60w,,thread focus: Ownly,1,0,pos,STAY_TRANSPARENT_DEMAND;SUBSCRIPTION_ACCEPTABLE;TRANSPARENT_DELIVERY_FEE_PREFERENCE,STAY_TRANSPARENT_DEMAND,,NA_business_commentary,0,,0,0,would accept subscriptions for frequent users; rejects inflate-then-discount offers,,,,,H2;H8,CONSUMER-GENERATED,States the conditions under which future monetisation would be acceptable,ai_first_pass,
RD-1vkoo9i-p2zbnhg,reddit,r/Zomato,comment,RD-1vkoo9i,https://www.reddit.com/r/Zomato/comments/1vkoo9i/ownly_trolling_other_food_delivery_companies_lol/p2zbnhg/,2026-08-11,exact_rss,2026-09-14,consumer_unverified,not exposed by RSS,Not happening. Zomato/Swiggy with all their charges and comissions from customers and restaurants have a margin of 3-5% in the best case (this also includes their ad income). There is no way they will be profitable with low fees.,yes_truncated_60w,,thread focus: Ownly,1,0,neg,SUSTAINABILITY_SKEPTICISM,SUSTAINABILITY_SKEPTICISM,,NA_business_commentary,0,,0,0,,,,,,H2,CONSUMER-GENERATED,,ai_first_pass,
RD-1vkoo9i-p2yvz60,reddit,r/Zomato,comment,RD-1vkoo9i,https://www.reddit.com/r/Zomato/comments/1vkoo9i/ownly_trolling_other_food_delivery_companies_lol/p2yvz60/,2026-08-11,exact_rss,2026-09-14,consumer_unverified,not exposed by RSS,Lol it literally charged me gst and platform fee...abt 40 rs extra,yes_truncated_60w,,thread focus: Ownly,1,1,neg,OWNLY_FEES_OBSERVED,OWNLY_FEES_OBSERVED,2,pricing_checkout,0,,0,0,'charged me gst and platform fee...abt 40 rs extra',,,,,H2;H8,CONSUMER-GENERATED,Reply under the Ownly ad; platform not named explicitly — AMBIGUOUS,ai_first_pass,
RD-1vkoo9i-p2z31qu,reddit,r/Zomato,comment,RD-1vkoo9i,https://www.reddit.com/r/Zomato/comments/1vkoo9i/ownly_trolling_other_food_delivery_companies_lol/p2z31qu/,2026-08-11,exact_rss,2026-09-14,consumer_unverified,not exposed by RSS,Slowly they will also start increasing prices,yes_truncated_60w,,thread focus: Ownly,1,0,neg,FUTURE_FEE_CREEP_EXPECTED,FUTURE_FEE_CREEP_EXPECTED,,NA_business_commentary,0,,0,0,,,,,,H2;H7,CONSUMER-GENERATED,,ai_first_pass,
RD-1vkoo9i-p2zasin,reddit,r/Zomato,comment,RD-1vkoo9i,https://www.reddit.com/r/Zomato/comments/1vkoo9i/ownly_trolling_other_food_delivery_companies_lol/p2zasin/,2026-08-11,exact_rss,2026-09-14,consumer_unverified,not exposed by RSS,Sundaes at 1 whole class use to order if there's any discount on good item,yes_truncated_60w,,thread focus: Ownly,1,0,neutral,DISCOUNT_DRIVEN_ORDERING,DISCOUNT_DRIVEN_ORDERING,,NA_business_commentary,0,,0,0,,,,,,H6,CONSUMER-GENERATED,Whole class ordered when discounts appeared (student context),ai_first_pass,
RD-1vkoo9i-p2zhwu3,reddit,r/Zomato,comment,RD-1vkoo9i,https://www.reddit.com/r/Zomato/comments/1vkoo9i/ownly_trolling_other_food_delivery_companies_lol/p2zhwu3/,2026-08-11,exact_rss,2026-09-14,consumer_unverified,not exposed by RSS,"I don't understand what is the point of making more and more such apps. Initially, all provide heavy discounts then hide those coupons which give high discount and then no discount. Infact, this is something now easy to build it seems with less programming and less risky. Also, please correct me if I am wrong.",yes_truncated_60w,,thread focus: Ownly,1,0,neg,FUTURE_FEE_CREEP_EXPECTED,FUTURE_FEE_CREEP_EXPECTED,,NA_business_commentary,0,,0,0,,,,,,H2;H7,CONSUMER-GENERATED,,ai_first_pass,
RD-1vkoo9i-p2zj0iu,reddit,r/Zomato,comment,RD-1vkoo9i,https://www.reddit.com/r/Zomato/comments/1vkoo9i/ownly_trolling_other_food_delivery_companies_lol/p2zj0iu/,2026-08-11,exact_rss,2026-09-14,consumer_unverified,not exposed by RSS,I don't even live in India but this happens with all new platforms. Minimal fees and maximum discounts.,yes_truncated_60w,,thread focus: Ownly,1,0,neg,FUTURE_FEE_CREEP_EXPECTED,FUTURE_FEE_CREEP_EXPECTED,,NA_business_commentary,0,,0,0,,,,,,H2;H7,CONSUMER-GENERATED,,ai_first_pass,
RD-1vkoo9i-p2znga2,reddit,r/Zomato,comment,RD-1vkoo9i,https://www.reddit.com/r/Zomato/comments/1vkoo9i/ownly_trolling_other_food_delivery_companies_lol/p2znga2/,2026-08-11,exact_rss,2026-09-14,consumer_unverified,not exposed by RSS,"They are just getting started, once they gain popularity they will also start , companies ALWAYS eat up their own words in the distant future",yes_truncated_60w,,thread focus: Ownly,1,0,neg,FUTURE_FEE_CREEP_EXPECTED,FUTURE_FEE_CREEP_EXPECTED,,NA_business_commentary,0,,0,0,,,,,,H2;H7,CONSUMER-GENERATED,,ai_first_pass,
RD-1vkoo9i-p2zsfyq,reddit,r/Zomato,comment,RD-1vkoo9i,https://www.reddit.com/r/Zomato/comments/1vkoo9i/ownly_trolling_other_food_delivery_companies_lol/p2zsfyq/,2026-08-11,exact_rss,2026-09-14,consumer_unverified,not exposed by RSS,"Btw, I got a smaller portion from California burritos",yes_truncated_60w,,thread focus: Ownly,1,1,neg,PORTION_SMALLER_THAN_EXPECTED,PORTION_SMALLER_THAN_EXPECTED,2,food_quality_accuracy,0,,0,0,,,,,,H4,CONSUMER-GENERATED,Smaller portion from a burrito chain,ai_first_pass,
RD-1vkoo9i-p2zzs8n,reddit,r/Zomato,comment,RD-1vkoo9i,https://www.reddit.com/r/Zomato/comments/1vkoo9i/ownly_trolling_other_food_delivery_companies_lol/p2zzs8n/,2026-08-11,exact_rss,2026-09-14,consumer_unverified,not exposed by RSS,they scammed me 😭😭 money got debited from my account but the app said otherwise,yes_truncated_60w,,thread focus: Ownly,1,1,neg,PAYMENT_DEDUCTED_ORDER_FAILED;TRUST_LOSS_SCAM_FRAMING,PAYMENT_DEDUCTED_ORDER_FAILED,3,payment,0,,0,0,,,,,,H4;H7,CONSUMER-GENERATED,,ai_first_pass,
RD-1vkoo9i-p302tfa,reddit,r/Zomato,comment,RD-1vkoo9i,https://www.reddit.com/r/Zomato/comments/1vkoo9i/ownly_trolling_other_food_delivery_companies_lol/p302tfa/,2026-08-11,exact_rss,2026-09-14,consumer_unverified,not exposed by RSS,They are still charging platform fee...I have zomato gold,yes_truncated_60w,,thread focus: Ownly,1,0,neg,SUBSCRIPTION_STILL_FEES;INCUMBENT_FEE_STACK_FRUSTRATION,SUBSCRIPTION_STILL_FEES,,pricing_checkout,0,,0,0,,,,,,H1,CONSUMER-GENERATED,Zomato Gold member still charged platform fee,ai_first_pass,
RD-1vkoo9i-p303vba,reddit,r/Zomato,comment,RD-1vkoo9i,https://www.reddit.com/r/Zomato/comments/1vkoo9i/ownly_trolling_other_food_delivery_companies_lol/p303vba/,2026-08-11,exact_rss,2026-09-14,consumer_unverified,not exposed by RSS,Which app is it???,yes_truncated_60w,,thread focus: Ownly,0,0,,,,,,0,,0,0,,,,,,,,wordplay/meme/image-only/one-line nostalgia,ai_first_pass,
RD-1vkoo9i-p308quz,reddit,r/Zomato,comment,RD-1vkoo9i,https://www.reddit.com/r/Zomato/comments/1vkoo9i/ownly_trolling_other_food_delivery_companies_lol/p308quz/,2026-08-11,exact_rss,2026-09-14,consumer_unverified,not exposed by RSS,Zomato still ends up cheaper than ownly smh,yes_truncated_60w,,thread focus: Ownly,1,1,neg,INCUMBENT_CHEAPER_AFTER_OFFERS,INCUMBENT_CHEAPER_AFTER_OFFERS,,pricing_checkout,0,,0,0,'Zomato still ends up cheaper than ownly',,,,,H2,CONSUMER-GENERATED,,ai_first_pass,
RD-1vkoo9i-p30cdmr,reddit,r/Zomato,comment,RD-1vkoo9i,https://www.reddit.com/r/Zomato/comments/1vkoo9i/ownly_trolling_other_food_delivery_companies_lol/p30cdmr/,2026-08-11,exact_rss,2026-09-14,consumer_unverified,not exposed by RSS,Actually I did some research and OWNLY still has higher prices than restaurants when you order from a few specific places. Toing is actually the only legit one I guess.,yes_truncated_60w,,thread focus: Ownly,1,1,neg,OWNLY_PRICIER_OBSERVED;TOING_VS_OWNLY,OWNLY_PRICIER_OBSERVED,,pricing_checkout,0,,0,0,Ownly prices above restaurant prices at 'a few specific places'; 'Toing is actually the only legit one',,,,,H2,CONSUMER-GENERATED,,ai_first_pass,
RD-1vkoo9i-p310aq0,reddit,r/Zomato,comment,RD-1vkoo9i,https://www.reddit.com/r/Zomato/comments/1vkoo9i/ownly_trolling_other_food_delivery_companies_lol/p310aq0/,2026-08-11,exact_rss,2026-09-14,consumer_unverified,not exposed by RSS,They also charge alot. This might vary from city to city,yes_truncated_60w,,thread focus: Ownly,1,0,neutral,FEES_VARY_BY_CITY_BELIEF,FEES_VARY_BY_CITY_BELIEF,,NA_business_commentary,0,,0,0,,,,,,H9,CONSUMER-GENERATED,'This might vary from city to city' — platform ambiguous,ai_first_pass,
RD-1vkoo9i-p31xtqr,reddit,r/Zomato,comment,RD-1vkoo9i,https://www.reddit.com/r/Zomato/comments/1vkoo9i/ownly_trolling_other_food_delivery_companies_lol/p31xtqr/,2026-08-11,exact_rss,2026-09-14,consumer_unverified,not exposed by RSS,Love the UI; very minimal.,yes_truncated_60w,,thread focus: Ownly,1,1,pos,CLEAN_APP_NO_UPSELL,CLEAN_APP_NO_UPSELL,,NA_business_commentary,0,,0,0,,,,,,H12,CONSUMER-GENERATED,'Love the UI; very minimal' (contrast with 'slow and glitchy' reports),ai_first_pass,
RD-1vkoo9i-p330oms,reddit,r/Zomato,comment,RD-1vkoo9i,https://www.reddit.com/r/Zomato/comments/1vkoo9i/ownly_trolling_other_food_delivery_companies_lol/p330oms/,2026-08-11,exact_rss,2026-09-14,consumer_unverified,not exposed by RSS,Wow what a lollipop congrats.,yes_truncated_60w,,thread focus: Ownly,0,0,,,,,,0,,0,0,,,,,,,,wordplay/meme/image-only/one-line nostalgia,ai_first_pass,
RD-1vkoo9i-p33kcgv,reddit,r/Zomato,comment,RD-1vkoo9i,https://www.reddit.com/r/Zomato/comments/1vkoo9i/ownly_trolling_other_food_delivery_companies_lol/p33kcgv/,2026-08-11,exact_rss,2026-09-14,consumer_unverified,not exposed by RSS,They do have platform fee & restaurant packaging fees,yes_truncated_60w,,thread focus: Ownly,1,0,neg,OWNLY_FEES_OBSERVED,OWNLY_FEES_OBSERVED,,pricing_checkout,0,,0,0,,,,,,H2;H8,CONSUMER-GENERATED,'They do have platform fee & restaurant packaging fees' — platform AMBIGUOUS,ai_first_pass,
RD-1vkoo9i-p33nevq,reddit,r/Zomato,comment,RD-1vkoo9i,https://www.reddit.com/r/Zomato/comments/1vkoo9i/ownly_trolling_other_food_delivery_companies_lol/p33nevq/,2026-08-11,exact_rss,2026-09-14,consumer_unverified,not exposed by RSS,Not in delhi https://preview.redd.it/nhqd2jy0usih1.jpeg?width=1214&format=pjpg&auto=webp&s=701c4b373081622205ab94f4bd3c3795f586007b,yes_truncated_60w,Delhi,thread focus: Ownly,1,0,neutral,CITY_AVAILABILITY_QUESTION,CITY_AVAILABILITY_QUESTION,,NA_business_commentary,0,,0,0,,,,,,H9,CONSUMER-GENERATED,,ai_first_pass,
RD-1vkoo9i-p33pfcw,reddit,r/Zomato,comment,RD-1vkoo9i,https://www.reddit.com/r/Zomato/comments/1vkoo9i/ownly_trolling_other_food_delivery_companies_lol/p33pfcw/,2026-08-11,exact_rss,2026-09-14,consumer_unverified,not exposed by RSS,https://preview.redd.it/yvghtfskvsih1.jpeg?width=1284&format=pjpg&auto=webp&s=65b842120bfede1086185b966c945d443edbde96 This was fun,yes_truncated_60w,,thread focus: Ownly,0,0,,,,,,0,,0,0,,,,,,,,wordplay/meme/image-only/one-line nostalgia,ai_first_pass,
RD-1vkoo9i-p33u7ba,reddit,r/Zomato,comment,RD-1vkoo9i,https://www.reddit.com/r/Zomato/comments/1vkoo9i/ownly_trolling_other_food_delivery_companies_lol/p33u7ba/,2026-08-11,exact_rss,2026-09-14,consumer_unverified,not exposed by RSS,Reminds me of Uber Eats.,yes_truncated_60w,,thread focus: Ownly,0,0,,,,,,0,,0,0,,,,,,,,wordplay/meme/image-only/one-line nostalgia,ai_first_pass,
RD-1vkoo9i-p35szbv,reddit,r/Zomato,comment,RD-1vkoo9i,https://www.reddit.com/r/Zomato/comments/1vkoo9i/ownly_trolling_other_food_delivery_companies_lol/p35szbv/,2026-08-12,exact_rss,2026-09-14,consumer_unverified,not exposed by RSS,"Remember when playstation, oneplus, xiaomi and samsung were trolling xbox/apple and then they ended up doing the same bs because greed. RemindMe! 1 year",yes_truncated_60w,,thread focus: Ownly,1,0,neg,FUTURE_FEE_CREEP_EXPECTED,FUTURE_FEE_CREEP_EXPECTED,,NA_business_commentary,0,,0,0,,,,,,H2;H7,CONSUMER-GENERATED,,ai_first_pass,
RD-1vkoo9i-p35tssl,reddit,r/Zomato,comment,RD-1vkoo9i,https://www.reddit.com/r/Zomato/comments/1vkoo9i/ownly_trolling_other_food_delivery_companies_lol/p35tssl/,2026-08-12,exact_rss,2026-09-14,consumer_unverified,not exposed by RSS,"Eventually they'll do the same thing, we've seen this play out before.",yes_truncated_60w,,thread focus: Ownly,1,0,neg,FUTURE_FEE_CREEP_EXPECTED,FUTURE_FEE_CREEP_EXPECTED,,NA_business_commentary,0,,0,0,,,,,,H2;H7,CONSUMER-GENERATED,,ai_first_pass,
RD-1vkoo9i-p36gipd,reddit,r/Zomato,comment,RD-1vkoo9i,https://www.reddit.com/r/Zomato/comments/1vkoo9i/ownly_trolling_other_food_delivery_companies_lol/p36gipd/,2026-08-12,exact_rss,2026-09-14,consumer_unverified,not exposed by RSS,Soon they will start charging their customers to meet their expenses 🤣,yes_truncated_60w,,thread focus: Ownly,1,0,neg,FUTURE_FEE_CREEP_EXPECTED,FUTURE_FEE_CREEP_EXPECTED,,NA_business_commentary,0,,0,0,,,,,,H2;H7,CONSUMER-GENERATED,,ai_first_pass,
RD-1vkoo9i-p36jp7u,reddit,r/Zomato,comment,RD-1vkoo9i,https://www.reddit.com/r/Zomato/comments/1vkoo9i/ownly_trolling_other_food_delivery_companies_lol/p36jp7u/,2026-08-12,exact_rss,2026-09-14,consumer_unverified,not exposed by RSS,"As a consumer, make the most of it and move on. 🕺",yes_truncated_60w,,thread focus: Ownly,1,0,pos,SWITCH_DESPITE_TEMPORARY_PRICING,SWITCH_DESPITE_TEMPORARY_PRICING,,NA_business_commentary,0,,0,0,,,,,,H12,CONSUMER-GENERATED,,ai_first_pass,
RD-1vkoo9i-p36kc9g,reddit,r/Zomato,comment,RD-1vkoo9i,https://www.reddit.com/r/Zomato/comments/1vkoo9i/ownly_trolling_other_food_delivery_companies_lol/p36kc9g/,2026-08-12,exact_rss,2026-09-14,consumer_unverified,not exposed by RSS,This is not a sustainable business model. How in the company going to meet its expenses if it doesn’t charge a fee? I’d much rather see a flat platform fee that is clearly labelled. That kind of transparency is a win for both sides. Otherwise down the line they will end up adopting the same shady practices as others.,yes_truncated_60w,,thread focus: Ownly,1,0,neutral,TRANSPARENT_DELIVERY_FEE_PREFERENCE;SUSTAINABILITY_SKEPTICISM,TRANSPARENT_DELIVERY_FEE_PREFERENCE,,pricing_checkout,0,,0,0,'I'd much rather see a flat platform fee that is clearly labelled',,,,,H2;H8,CONSUMER-GENERATED,,ai_first_pass,
RD-1vkoo9i-p36zfqf,reddit,r/Zomato,comment,RD-1vkoo9i,https://www.reddit.com/r/Zomato/comments/1vkoo9i/ownly_trolling_other_food_delivery_companies_lol/p36zfqf/,2026-08-12,exact_rss,2026-09-14,consumer_unverified,not exposed by RSS,Phase 1- The feeding phase,yes_truncated_60w,,thread focus: Ownly,1,0,neg,FUTURE_FEE_CREEP_EXPECTED,FUTURE_FEE_CREEP_EXPECTED,,NA_business_commentary,0,,0,0,,,,,,H2;H7,CONSUMER-GENERATED,,ai_first_pass,
RD-1vkoo9i-p376jva,reddit,r/Zomato,comment,RD-1vkoo9i,https://www.reddit.com/r/Zomato/comments/1vkoo9i/ownly_trolling_other_food_delivery_companies_lol/p376jva/,2026-08-12,exact_rss,2026-09-14,consumer_unverified,not exposed by RSS,https://preview.redd.it/uxqkhkt9hwih1.jpeg?width=1170&format=pjpg&auto=webp&s=8226ed6c81a485555231951f2e7acaf6bfa3b8b7 Zomato and Swiggy are Jim and Dwight of Indian corporates,yes_truncated_60w,,thread focus: Ownly,0,0,,,,,,0,,0,0,,,,,,,,wordplay/meme/image-only/one-line nostalgia,ai_first_pass,
RD-1vkoo9i-p37z1cu,reddit,r/Zomato,comment,RD-1vkoo9i,https://www.reddit.com/r/Zomato/comments/1vkoo9i/ownly_trolling_other_food_delivery_companies_lol/p37z1cu/,2026-08-12,exact_rss,2026-09-14,consumer_unverified,not exposed by RSS,"Are you happy with rapido. Since it's the parent company, it will use the same strategy. Get market share Raise price slowly Start a tipping system. Pay more to assign a delivery partner.... Right now they have funding, so they are bearing the cost. As there business expands they will start passing on the cost to customer only",yes_truncated_60w,,thread focus: Ownly,1,0,neg,RAPIDO_BRAND_NEGATIVE_SPILLOVER;FUTURE_FEE_CREEP_EXPECTED,RAPIDO_BRAND_NEGATIVE_SPILLOVER,,NA_business_commentary,0,,0,0,,,,,"expects Rapido playbook: raise prices slowly, tipping, pay more to get a delivery partner assigned",H7,CONSUMER-GENERATED,,ai_first_pass,
RD-1vkoo9i-p38j20x,reddit,r/Zomato,comment,RD-1vkoo9i,https://www.reddit.com/r/Zomato/comments/1vkoo9i/ownly_trolling_other_food_delivery_companies_lol/p38j20x/,2026-08-12,exact_rss,2026-09-14,consumer_unverified,not exposed by RSS,Zomato Swiggy did the same in initial years,yes_truncated_60w,,thread focus: Ownly,1,0,neutral,HISTORICAL_PRICE_CONVERGENCE,HISTORICAL_PRICE_CONVERGENCE,,NA_business_commentary,0,,0,0,,,,,,H1;H2,CONSUMER-GENERATED,Nostalgia for early Zomato/Swiggy/Uber Eats/Foodpanda discounts that later disappeared,ai_first_pass,
RD-1vkoo9i-p3913em,reddit,r/Zomato,comment,RD-1vkoo9i,https://www.reddit.com/r/Zomato/comments/1vkoo9i/ownly_trolling_other_food_delivery_companies_lol/p3913em/,2026-08-12,exact_rss,2026-09-14,consumer_unverified,not exposed by RSS,Zomato u should learn something,yes_truncated_60w,,thread focus: Ownly,1,0,pos,GENERAL_SUPPORT_FOR_OWNLY,GENERAL_SUPPORT_FOR_OWNLY,,NA_business_commentary,0,,0,0,,,,,,H7,CONSUMER-GENERATED,,ai_first_pass,
RD-1vkoo9i-p3aaig4,reddit,r/Zomato,comment,RD-1vkoo9i,https://www.reddit.com/r/Zomato/comments/1vkoo9i/ownly_trolling_other_food_delivery_companies_lol/p3aaig4/,2026-08-12,exact_rss,2026-09-14,consumer_unverified,not exposed by RSS,Hein tho Swiggy ka hi bacha na! Awkat dikhane waqt nhi lagega,yes_truncated_60w,,thread focus: Ownly,1,0,neg,SWIGGY_OWNERSHIP_ASSOCIATION;FUTURE_FEE_CREEP_EXPECTED,SWIGGY_OWNERSHIP_ASSOCIATION,,NA_business_commentary,0,,0,0,,,,,,H7,CONSUMER-GENERATED,Hinglish: 'it's Swiggy's child after all' — associates Ownly/Rapido with Swiggy's (former) stake,ai_first_pass,
RD-1vkoo9i-p3ea3bq,reddit,r/Zomato,comment,RD-1vkoo9i,https://www.reddit.com/r/Zomato/comments/1vkoo9i/ownly_trolling_other_food_delivery_companies_lol/p3ea3bq/,2026-08-13,exact_rss,2026-09-14,consumer_unverified,not exposed by RSS,I mean you really expect a company to be doing this long term ? They are burning money atp. Not sustainable eventually after grabbing as much of the market as possible they will start adding charges some way or another. So honestly this backhanded sentences feel weird to me.,yes_truncated_60w,,thread focus: Ownly,1,0,neg,SUSTAINABILITY_SKEPTICISM,SUSTAINABILITY_SKEPTICISM,,NA_business_commentary,0,,0,0,,,,,,H2,CONSUMER-GENERATED,,ai_first_pass,
RD-1vkoo9i-p3ei8be,reddit,r/Zomato,comment,RD-1vkoo9i,https://www.reddit.com/r/Zomato/comments/1vkoo9i/ownly_trolling_other_food_delivery_companies_lol/p3ei8be/,2026-08-13,exact_rss,2026-09-14,consumer_unverified,not exposed by RSS,The image will be a future meme of itself.,yes_truncated_60w,,thread focus: Ownly,1,0,neg,FUTURE_FEE_CREEP_EXPECTED,FUTURE_FEE_CREEP_EXPECTED,,NA_business_commentary,0,,0,0,,,,,,H2;H7,CONSUMER-GENERATED,,ai_first_pass,
RD-1vkoo9i-p3es98p,reddit,r/Zomato,comment,RD-1vkoo9i,https://www.reddit.com/r/Zomato/comments/1vkoo9i/ownly_trolling_other_food_delivery_companies_lol/p3es98p/,2026-08-13,exact_rss,2026-09-14,consumer_unverified,not exposed by RSS,https://preview.redd.it/d9dz9w2o14jh1.jpeg?width=1170&format=pjpg&auto=webp&s=f[phone redacted]c4d09da8bc89b8ec8877ae346e1ae Are you komedy me?,yes_truncated_60w,,thread focus: Ownly,0,0,,,,,,0,,0,0,,,,,,,,wordplay/meme/image-only/one-line nostalgia,ai_first_pass,
RD-1vkoo9i-p3l6wvy,reddit,r/Zomato,comment,RD-1vkoo9i,https://www.reddit.com/r/Zomato/comments/1vkoo9i/ownly_trolling_other_food_delivery_companies_lol/p3l6wvy/,2026-08-14,exact_rss,2026-09-14,consumer_unverified,not exposed by RSS,What platform is this ?,yes_truncated_60w,,thread focus: Ownly,1,0,neutral,LOW_AWARENESS,LOW_AWARENESS,,NA_business_commentary,0,,0,0,,,,,,H7,CONSUMER-GENERATED,'What platform is this?',ai_first_pass,
RD-1vn73gn,reddit,r/swiggy,post,,https://www.reddit.com/r/swiggy/comments/1vn73gn/ownly_is_charging_way_less/,2026-08-13,exact_rss,2026-09-14,consumer_unverified,not exposed by RSS,Ownly is charging way less — I tried ordering the same food from same restaurant and Swiggy charging 367/- rupees. Cost of the dish only is 100/- difference forget about other cost. I am switching to Ownly and delete Swiggy from my phone.,yes_truncated_60w,,thread focus: Ownly,1,1,pos,USER_BILL_COMPARISON;PRICE_SAVINGS_OBSERVED;FULL_SWITCH_TO_OWNLY,USER_BILL_COMPARISON,,pricing_checkout,1,to_ownly: 'switching to Ownly and delete Swiggy',0,0,"same restaurant, same food: Swiggy ₹367; dish price alone ₹100 higher on Swiggy",,,,,H2;H12,CONSUMER-GENERATED,2026-08-13,ai_first_pass,
RD-1vn73gn-p3f1ux7,reddit,r/swiggy,comment,RD-1vn73gn,https://www.reddit.com/r/swiggy/comments/1vn73gn/ownly_is_charging_way_less/p3f1ux7/,2026-08-13,exact_rss,2026-09-14,consumer_unverified,not exposed by RSS,"Thank you for your post, u/[redacted] ! It is currently under review and will be public after quality check. You can help in the process. We are looking for moderators. If you hang in this sub a lot and feel a sense of community here; maybe you would like to be a mod? If your account is more than 6 …",yes_truncated_60w,,thread focus: Ownly,0,0,,,,,,0,,0,0,,,,,,,,automoderator,ai_first_pass,
RD-1vn73gn-p3idt64,reddit,r/swiggy,comment,RD-1vn73gn,https://www.reddit.com/r/swiggy/comments/1vn73gn/ownly_is_charging_way_less/p3idt64/,2026-08-13,exact_rss,2026-09-14,consumer_unverified,not exposed by RSS,Haha this is the beginning eventually they will be the same or that company won't survive,yes_truncated_60w,,thread focus: Ownly,1,0,neg,FUTURE_FEE_CREEP_EXPECTED,FUTURE_FEE_CREEP_EXPECTED,,NA_business_commentary,0,,0,0,,,,,,H2,CONSUMER-GENERATED,,ai_first_pass,
RD-1vo68qd,reddit,r/indiranagar,post,,https://www.reddit.com/r/indiranagar/comments/1vo68qd/tomorrow_every_order_from_my_little_cloud_kitchen/,2026-08-14,exact_rss,2026-09-14,restaurant_owner_or_staff,not exposed by RSS,"Tomorrow, every order from my little cloud kitchen comes with a free watermelon juice 🍉🇮🇳 — Hi, I’m [name redacted] ❤️ I run a little cloud kitchen called** Protein Ba y in C.V. Raman Nagar. Tomorrow, on 15th August, I’ve decided I’ll be givin g a fresh watermelon juice with every order, completely on me .🍉❤️ If you’re craving **Salads, …",yes_truncated_60w,Bengaluru,thread focus: Ownly,1,0,pos,RESTAURANT_MULTI_PLATFORM_LISTING,RESTAURANT_MULTI_PLATFORM_LISTING,,NA_business_commentary,0,,0,0,,,,,,H10,CONSUMER-GENERATED,"Cloud kitchen (C.V. Raman Nagar) lists on Ownly, Swiggy and Zomato; promo post 2026-08-14",ai_first_pass,
RD-1vo68qd-p3n6ayi,reddit,r/indiranagar,comment,RD-1vo68qd,https://www.reddit.com/r/indiranagar/comments/1vo68qd/tomorrow_every_order_from_my_little_cloud_kitchen/p3n6ayi/,2026-08-14,exact_rss,2026-09-14,consumer_unverified,not exposed by RSS,Who'd be mean to someone just trying to sell their food which looks quite nice. Good luck.,yes_truncated_60w,,thread focus: Ownly,0,0,,,,,,0,,0,0,,,,,,,,well-wishes / menu questions / order confirmations without platform — no Ownly content,ai_first_pass,
RD-1vo68qd-p3nehoo,reddit,r/indiranagar,comment,RD-1vo68qd,https://www.reddit.com/r/indiranagar/comments/1vo68qd/tomorrow_every_order_from_my_little_cloud_kitchen/p3nehoo/,2026-08-14,exact_rss,2026-09-14,consumer_unverified,not exposed by RSS,Thank you so much! You are so kind🥹🧿,yes_truncated_60w,,thread focus: Ownly,0,0,,,,,,0,,0,0,,,,,,,,well-wishes / menu questions / order confirmations without platform — no Ownly content,ai_first_pass,
RD-1vo68qd-p3n0ofo,reddit,r/indiranagar,comment,RD-1vo68qd,https://www.reddit.com/r/indiranagar/comments/1vo68qd/tomorrow_every_order_from_my_little_cloud_kitchen/p3n0ofo/,2026-08-14,exact_rss,2026-09-14,consumer_unverified,not exposed by RSS,All the best! I hope you receive alot of orders :) 💗,yes_truncated_60w,,thread focus: Ownly,0,0,,,,,,0,,0,0,,,,,,,,well-wishes / menu questions / order confirmations without platform — no Ownly content,ai_first_pass,
RD-1vo68qd-p3n195p,reddit,r/indiranagar,comment,RD-1vo68qd,https://www.reddit.com/r/indiranagar/comments/1vo68qd/tomorrow_every_order_from_my_little_cloud_kitchen/p3n195p/,2026-08-14,exact_rss,2026-09-14,consumer_unverified,not exposed by RSS,Thank You so much! 🥹 You are so kind🧿,yes_truncated_60w,,thread focus: Ownly,0,0,,,,,,0,,0,0,,,,,,,,well-wishes / menu questions / order confirmations without platform — no Ownly content,ai_first_pass,
RD-1vo68qd-p3te3tx,reddit,r/indiranagar,comment,RD-1vo68qd,https://www.reddit.com/r/indiranagar/comments/1vo68qd/tomorrow_every_order_from_my_little_cloud_kitchen/p3te3tx/,2026-08-15,exact_rss,2026-09-14,consumer_unverified,not exposed by RSS,"Hey, a suggestion for you, I saw you on zomato, can you please also add the content of protein, carbs, calories, etc.? Since you are health focused, it’ll help know what’s actually in there. The catalogue is good though, looks really yummy, gonna try it, only problem seems to me is that it’s too far, around 15km from my place …",yes_truncated_60w,,thread focus: Ownly,1,0,neutral,SERVICE_RADIUS_LIMIT;NUTRITION_INFO_REQUEST,SERVICE_RADIUS_LIMIT,,browse_menu,0,,0,0,,,,,,H10,CONSUMER-GENERATED,~15 km away — too far,ai_first_pass,
RD-1vo68qd-p3n1wpf,reddit,r/indiranagar,comment,RD-1vo68qd,https://www.reddit.com/r/indiranagar/comments/1vo68qd/tomorrow_every_order_from_my_little_cloud_kitchen/p3n1wpf/,2026-08-14,exact_rss,2026-09-14,consumer_unverified,not exposed by RSS,The spread looks yum. Good luck for tomorrow. Also definitely trying it once when I am back to Bangalore. 😁,yes_truncated_60w,,thread focus: Ownly,0,0,,,,,,0,,0,0,,,,,,,,well-wishes / menu questions / order confirmations without platform — no Ownly content,ai_first_pass,
RD-1vo68qd-p3nepw8,reddit,r/indiranagar,comment,RD-1vo68qd,https://www.reddit.com/r/indiranagar/comments/1vo68qd/tomorrow_every_order_from_my_little_cloud_kitchen/p3nepw8/,2026-08-14,exact_rss,2026-09-14,consumer_unverified,not exposed by RSS,Thannkkkk you!!! Will wait for your order🥹🧿,yes_truncated_60w,,thread focus: Ownly,0,0,,,,,,0,,0,0,,,,,,,,well-wishes / menu questions / order confirmations without platform — no Ownly content,ai_first_pass,
RD-1vo68qd-p3nf2wm,reddit,r/indiranagar,comment,RD-1vo68qd,https://www.reddit.com/r/indiranagar/comments/1vo68qd/tomorrow_every_order_from_my_little_cloud_kitchen/p3nf2wm/,2026-08-14,exact_rss,2026-09-14,restaurant_owner_or_staff,not exposed by RSS,Sure we can do that! I am working on it. For now you can order on the Ownly app by Rapido! We have kept our prices there much much lower than Swiggy/ Zomato.,yes_truncated_60w,,thread focus: Ownly,1,0,pos,RESTAURANT_PRICES_LOWER_ON_OWNLY,RESTAURANT_PRICES_LOWER_ON_OWNLY,,pricing_checkout,0,,0,0,'We have kept our prices there much much lower than Swiggy/ Zomato',,,,,H2,COMPANY CLAIM,"Seller's own claim (labelled COMPANY CLAIM = seller claim); shows lower Ownly price is a restaurant choice, not guaranteed",ai_first_pass,
RD-1vo68qd-p3nza09,reddit,r/indiranagar,comment,RD-1vo68qd,https://www.reddit.com/r/indiranagar/comments/1vo68qd/tomorrow_every_order_from_my_little_cloud_kitchen/p3nza09/,2026-08-14,exact_rss,2026-09-14,consumer_unverified,not exposed by RSS,"Everything looks so yum OP, all the best will surely order once back to Bangalore.",yes_truncated_60w,,thread focus: Ownly,0,0,,,,,,0,,0,0,,,,,,,,well-wishes / menu questions / order confirmations without platform — no Ownly content,ai_first_pass,
RD-1vo68qd-p3ta77h,reddit,r/indiranagar,comment,RD-1vo68qd,https://www.reddit.com/r/indiranagar/comments/1vo68qd/tomorrow_every_order_from_my_little_cloud_kitchen/p3ta77h/,2026-08-15,exact_rss,2026-09-14,consumer_unverified,not exposed by RSS,Hey OP ordered a few things. The menu is sublime! Thanks for this post!,yes_truncated_60w,,thread focus: Ownly,0,0,,,,,,0,,0,0,,,,,,,,well-wishes / menu questions / order confirmations without platform — no Ownly content,ai_first_pass,
RD-1vo68qd-p3tfing,reddit,r/indiranagar,comment,RD-1vo68qd,https://www.reddit.com/r/indiranagar/comments/1vo68qd/tomorrow_every_order_from_my_little_cloud_kitchen/p3tfing/,2026-08-15,exact_rss,2026-09-14,consumer_unverified,not exposed by RSS,Good one OP. Glad I came across this post! https://reddit.com/link/p3tfing/video/rc74svlpnijh1/player,yes_truncated_60w,,thread focus: Ownly,0,0,,,,,,0,,0,0,,,,,,,,well-wishes / menu questions / order confirmations without platform — no Ownly content,ai_first_pass,
RD-1vo68qd-p3n46xb,reddit,r/indiranagar,comment,RD-1vo68qd,https://www.reddit.com/r/indiranagar/comments/1vo68qd/tomorrow_every_order_from_my_little_cloud_kitchen/p3n46xb/,2026-08-14,exact_rss,2026-09-14,consumer_unverified,not exposed by RSS,All the best! I'll try to order one,yes_truncated_60w,,thread focus: Ownly,0,0,,,,,,0,,0,0,,,,,,,,well-wishes / menu questions / order confirmations without platform — no Ownly content,ai_first_pass,
RD-1vo68qd-p3ndy01,reddit,r/indiranagar,comment,RD-1vo68qd,https://www.reddit.com/r/indiranagar/comments/1vo68qd/tomorrow_every_order_from_my_little_cloud_kitchen/p3ndy01/,2026-08-14,exact_rss,2026-09-14,consumer_unverified,not exposed by RSS,This means a lot! 🧿🥹,yes_truncated_60w,,thread focus: Ownly,0,0,,,,,,0,,0,0,,,,,,,,well-wishes / menu questions / order confirmations without platform — no Ownly content,ai_first_pass,
RD-1vo68qd-p3n4vfh,reddit,r/indiranagar,comment,RD-1vo68qd,https://www.reddit.com/r/indiranagar/comments/1vo68qd/tomorrow_every_order_from_my_little_cloud_kitchen/p3n4vfh/,2026-08-14,exact_rss,2026-09-14,consumer_unverified,not exposed by RSS,"Very far from my pg, please open one more branch near mg road or Koramangala",yes_truncated_60w,,thread focus: Ownly,1,0,neutral,SERVICE_RADIUS_LIMIT,SERVICE_RADIUS_LIMIT,,browse_menu,0,,0,0,,,,,,H10,CONSUMER-GENERATED,'Very far from my pg' — PG resident wants a nearer branch,ai_first_pass,
RD-1vo68qd-p3nedqc,reddit,r/indiranagar,comment,RD-1vo68qd,https://www.reddit.com/r/indiranagar/comments/1vo68qd/tomorrow_every_order_from_my_little_cloud_kitchen/p3nedqc/,2026-08-14,exact_rss,2026-09-14,consumer_unverified,not exposed by RSS,"Soon! Hopefully, with your blessings and a little bit of luck, we’ll be there. ❤ ️",yes_truncated_60w,,thread focus: Ownly,0,0,,,,,,0,,0,0,,,,,,,,well-wishes / menu questions / order confirmations without platform — no Ownly content,ai_first_pass,
RD-1vo68qd-p3na67e,reddit,r/indiranagar,comment,RD-1vo68qd,https://www.reddit.com/r/indiranagar/comments/1vo68qd/tomorrow_every_order_from_my_little_cloud_kitchen/p3na67e/,2026-08-14,exact_rss,2026-09-14,consumer_unverified,not exposed by RSS,Definitely ordering tomorrow! 😋,yes_truncated_60w,,thread focus: Ownly,0,0,,,,,,0,,0,0,,,,,,,,well-wishes / menu questions / order confirmations without platform — no Ownly content,ai_first_pass,
RD-1vo68qd-p3nf732,reddit,r/indiranagar,comment,RD-1vo68qd,https://www.reddit.com/r/indiranagar/comments/1vo68qd/tomorrow_every_order_from_my_little_cloud_kitchen/p3nf732/,2026-08-14,exact_rss,2026-09-14,consumer_unverified,not exposed by RSS,I am so excitedd thankk you!!! 🥹❤️🧿,yes_truncated_60w,,thread focus: Ownly,0,0,,,,,,0,,0,0,,,,,,,,well-wishes / menu questions / order confirmations without platform — no Ownly content,ai_first_pass,
RD-1vo68qd-p3na6r4,reddit,r/indiranagar,comment,RD-1vo68qd,https://www.reddit.com/r/indiranagar/comments/1vo68qd/tomorrow_every_order_from_my_little_cloud_kitchen/p3na6r4/,2026-08-14,exact_rss,2026-09-14,consumer_unverified,not exposed by RSS,the bowls look amazing,yes_truncated_60w,,thread focus: Ownly,0,0,,,,,,0,,0,0,,,,,,,,well-wishes / menu questions / order confirmations without platform — no Ownly content,ai_first_pass,
RD-1vo68qd-p3nefvh,reddit,r/indiranagar,comment,RD-1vo68qd,https://www.reddit.com/r/indiranagar/comments/1vo68qd/tomorrow_every_order_from_my_little_cloud_kitchen/p3nefvh/,2026-08-14,exact_rss,2026-09-14,consumer_unverified,not exposed by RSS,Thank you so much!❤️ 🥹,yes_truncated_60w,,thread focus: Ownly,0,0,,,,,,0,,0,0,,,,,,,,well-wishes / menu questions / order confirmations without platform — no Ownly content,ai_first_pass,
RD-1vo68qd-p3s8d6p,reddit,r/indiranagar,comment,RD-1vo68qd,https://www.reddit.com/r/indiranagar/comments/1vo68qd/tomorrow_every_order_from_my_little_cloud_kitchen/p3s8d6p/,2026-08-15,exact_rss,2026-09-14,consumer_unverified,not exposed by RSS,i was thinking of ordering it. a question how does ordering smoothie/oat bowls work? you send toppings seperately?,yes_truncated_60w,,thread focus: Ownly,0,0,,,,,,0,,0,0,,,,,,,,well-wishes / menu questions / order confirmations without platform — no Ownly content,ai_first_pass,
RD-1vo68qd-p3nk182,reddit,r/indiranagar,comment,RD-1vo68qd,https://www.reddit.com/r/indiranagar/comments/1vo68qd/tomorrow_every_order_from_my_little_cloud_kitchen/p3nk182/,2026-08-14,exact_rss,2026-09-14,consumer_unverified,not exposed by RSS,"All the very best ✨🤞, Hope you receive a lot of orders and grow 🫶",yes_truncated_60w,,thread focus: Ownly,0,0,,,,,,0,,0,0,,,,,,,,well-wishes / menu questions / order confirmations without platform — no Ownly content,ai_first_pass,
RD-1vo68qd-p3o0m9s,reddit,r/indiranagar,comment,RD-1vo68qd,https://www.reddit.com/r/indiranagar/comments/1vo68qd/tomorrow_every_order_from_my_little_cloud_kitchen/p3o0m9s/,2026-08-14,exact_rss,2026-09-14,consumer_unverified,not exposed by RSS,Thank you so much dear🥹🧿,yes_truncated_60w,,thread focus: Ownly,0,0,,,,,,0,,0,0,,,,,,,,well-wishes / menu questions / order confirmations without platform — no Ownly content,ai_first_pass,
RD-1vo68qd-p3o0k5t,reddit,r/indiranagar,comment,RD-1vo68qd,https://www.reddit.com/r/indiranagar/comments/1vo68qd/tomorrow_every_order_from_my_little_cloud_kitchen/p3o0k5t/,2026-08-14,exact_rss,2026-09-14,restaurant_owner_or_staff,not exposed by RSS,"You can go to Zomato/Swiggy/Ownly and search ""Protein Bay"" to place your order. 🥹🧿",yes_truncated_60w,,thread focus: Ownly,1,0,neutral,RESTAURANT_MULTI_PLATFORM_LISTING,RESTAURANT_MULTI_PLATFORM_LISTING,,NA_business_commentary,0,,0,0,,,,,,H10,CONSUMER-GENERATED,,ai_first_pass,
RD-1vo68qd-p3o8m8n,reddit,r/indiranagar,comment,RD-1vo68qd,https://www.reddit.com/r/indiranagar/comments/1vo68qd/tomorrow_every_order_from_my_little_cloud_kitchen/p3o8m8n/,2026-08-14,exact_rss,2026-09-14,consumer_unverified,not exposed by RSS,Looks great. Will order. But it makes a lot more sense if the dishes had macros also healthy options without numbers is bit iffy just my 2 cents.,yes_truncated_60w,,thread focus: Ownly,0,0,,,,,,0,,0,0,,,,,,,,well-wishes / menu questions / order confirmations without platform — no Ownly content,ai_first_pass,
RD-1vo68qd-p3ozsuv,reddit,r/indiranagar,comment,RD-1vo68qd,https://www.reddit.com/r/indiranagar/comments/1vo68qd/tomorrow_every_order_from_my_little_cloud_kitchen/p3ozsuv/,2026-08-14,exact_rss,2026-09-14,consumer_unverified,not exposed by RSS,And I really wanted to cook tomorrow.. Reddit at this hour seems dangerous 😁,yes_truncated_60w,,thread focus: Ownly,0,0,,,,,,0,,0,0,,,,,,,,well-wishes / menu questions / order confirmations without platform — no Ownly content,ai_first_pass,
RD-1vo68qd-p3p14q5,reddit,r/indiranagar,comment,RD-1vo68qd,https://www.reddit.com/r/indiranagar/comments/1vo68qd/tomorrow_every_order_from_my_little_cloud_kitchen/p3p14q5/,2026-08-14,exact_rss,2026-09-14,consumer_unverified,not exposed by RSS,Looks fabulous. Hard to troll this one. 😭,yes_truncated_60w,,thread focus: Ownly,0,0,,,,,,0,,0,0,,,,,,,,well-wishes / menu questions / order confirmations without platform — no Ownly content,ai_first_pass,
RD-1vo68qd-p3pmoah,reddit,r/indiranagar,comment,RD-1vo68qd,https://www.reddit.com/r/indiranagar/comments/1vo68qd/tomorrow_every_order_from_my_little_cloud_kitchen/p3pmoah/,2026-08-14,exact_rss,2026-09-14,consumer_unverified,not exposed by RSS,What if we order only watermelon juice?,yes_truncated_60w,,thread focus: Ownly,0,0,,,,,,0,,0,0,,,,,,,,well-wishes / menu questions / order confirmations without platform — no Ownly content,ai_first_pass,
RD-1vo68qd-p3rzctf,reddit,r/indiranagar,comment,RD-1vo68qd,https://www.reddit.com/r/indiranagar/comments/1vo68qd/tomorrow_every_order_from_my_little_cloud_kitchen/p3rzctf/,2026-08-15,exact_rss,2026-09-14,consumer_unverified,not exposed by RSS,Just received my order. Thanks for the juice,yes_truncated_60w,,thread focus: Ownly,0,0,,,,,,0,,0,0,,,,,,,,well-wishes / menu questions / order confirmations without platform — no Ownly content,ai_first_pass,
RD-1vp2t3m,reddit,r/Zomato,post,,https://www.reddit.com/r/Zomato/comments/1vp2t3m/swiggy_vs_ownly_vs_zomato_pricing/,2026-08-15,exact_rss,2026-09-14,consumer_unverified,not exposed by RSS,Swiggy vs Ownly vs Zomato pricing —,yes_truncated_60w,Bengaluru,thread focus: Ownly,1,1,neutral,USER_BILL_COMPARISON,USER_BILL_COMPARISON,,pricing_checkout,0,,0,0,,,,,,H1;H2,CONSUMER-GENERATED,"Image-only post; screenshots not retrievable via RSS. Commenter p3z47ie says OP's screenshots showed ~450 on Zomato/Swiggy vs ~300 on Ownly — direction taken from that reply, not verified",ai_first_pass,
RD-1vp2t3m-p3u6lpb,reddit,r/Zomato,comment,RD-1vp2t3m,https://www.reddit.com/r/Zomato/comments/1vp2t3m/swiggy_vs_ownly_vs_zomato_pricing/p3u6lpb/,2026-08-15,exact_rss,2026-09-14,consumer_unverified,not exposed by RSS,Can you check on Toing as well? They are the real competitors to Ownly.,yes_truncated_60w,,thread focus: Ownly,1,0,neutral,TOING_VS_OWNLY,TOING_VS_OWNLY,,NA_business_commentary,0,,0,0,,,,,,H2,CONSUMER-GENERATED,Sees Swiggy Toing as Ownly's real competitor,ai_first_pass,
RD-1vp2t3m-p3u7qii,reddit,r/Zomato,comment,RD-1vp2t3m,https://www.reddit.com/r/Zomato/comments/1vp2t3m/swiggy_vs_ownly_vs_zomato_pricing/p3u7qii/,2026-08-15,exact_rss,2026-09-14,consumer_unverified,not exposed by RSS,"Fucking swiggy, to end ownly they launched toing to take there customers and when ownly shuts down They’ll shut down toing to get people back at swiggy Pathetic cunts",yes_truncated_60w,,thread focus: Ownly,1,0,neg,TOING_VS_OWNLY;INCUMBENT_DISTRUST,TOING_VS_OWNLY,,NA_business_commentary,0,,0,0,,,,,believes Toing exists only to kill Ownly then be shut,H2;H9,CONSUMER-GENERATED,Profanity — do not quote,ai_first_pass,
RD-1vp2t3m-p3u9630,reddit,r/Zomato,comment,RD-1vp2t3m,https://www.reddit.com/r/Zomato/comments/1vp2t3m/swiggy_vs_ownly_vs_zomato_pricing/p3u9630/,2026-08-15,exact_rss,2026-09-14,consumer_unverified,not exposed by RSS,Rather they didn't want to lose customers. Flipkart is also about to enter this segment and there's risk of losing a significant chunk to them.,yes_truncated_60w,,thread focus: Ownly,1,0,neutral,COMPETITOR_CONTEXT,COMPETITOR_CONTEXT,,NA_business_commentary,0,,0,0,,,,,,H2,CONSUMER-GENERATED,Flipkart entry mentioned,ai_first_pass,
RD-1vp2t3m-p3z1ik8,reddit,r/Zomato,comment,RD-1vp2t3m,https://www.reddit.com/r/Zomato/comments/1vp2t3m/swiggy_vs_ownly_vs_zomato_pricing/p3z1ik8/,2026-08-16,exact_rss,2026-09-14,consumer_unverified,not exposed by RSS,Toing ain't gonna win. They can't match ownly pricing and their 'price match' feature doesn't work most of the time.,yes_truncated_60w,,thread focus: Ownly,1,0,pos,TOING_VS_OWNLY,TOING_VS_OWNLY,,pricing_checkout,0,,0,0,says Toing cannot match Ownly pricing; Toing 'price match' feature often fails,,,,,H2,CONSUMER-GENERATED,Implies Toing use; Ownly use not stated,ai_first_pass,
RD-1vp2t3m-p3zdjt9,reddit,r/Zomato,comment,RD-1vp2t3m,https://www.reddit.com/r/Zomato/comments/1vp2t3m/swiggy_vs_ownly_vs_zomato_pricing/p3zdjt9/,2026-08-16,exact_rss,2026-09-14,consumer_unverified,not exposed by RSS,They straight up removed the feature for me after I pointed out their anti-consumer practices xD It's a shit app.,yes_truncated_60w,,thread focus: Ownly,1,0,neg,TOING_VS_OWNLY;INCUMBENT_DISTRUST,TOING_VS_OWNLY,,NA_business_commentary,0,,0,0,,,,,,H2,CONSUMER-GENERATED,Negative Toing experience (feature removed); competitor evidence,ai_first_pass,
RD-1vp2t3m-p3uq8ca,reddit,r/Zomato,comment,RD-1vp2t3m,https://www.reddit.com/r/Zomato/comments/1vp2t3m/swiggy_vs_ownly_vs_zomato_pricing/p3uq8ca/,2026-08-15,exact_rss,2026-09-14,consumer_unverified,not exposed by RSS,I initially thought that this is toing.. 🤣 order screen is very similar.,yes_truncated_60w,,thread focus: Ownly,1,0,neutral,TOING_VS_OWNLY,TOING_VS_OWNLY,,NA_business_commentary,0,,0,0,,,,,,H2,CONSUMER-GENERATED,UI of Ownly resembles Toing,ai_first_pass,
RD-1vp2t3m-p3wb68m,reddit,r/Zomato,comment,RD-1vp2t3m,https://www.reddit.com/r/Zomato/comments/1vp2t3m/swiggy_vs_ownly_vs_zomato_pricing/p3wb68m/,2026-08-15,exact_rss,2026-09-14,consumer_unverified,not exposed by RSS,"price penetration, once they have market share they will spike up",yes_truncated_60w,,thread focus: Ownly,1,0,neg,FUTURE_FEE_CREEP_EXPECTED,FUTURE_FEE_CREEP_EXPECTED,,NA_business_commentary,0,,0,0,'once they have market share they will spike up',,,,,H2;H7,CONSUMER-GENERATED,,ai_first_pass,
RD-1vp2t3m-p3woziw,reddit,r/Zomato,comment,RD-1vp2t3m,https://www.reddit.com/r/Zomato/comments/1vp2t3m/swiggy_vs_ownly_vs_zomato_pricing/p3woziw/,2026-08-15,exact_rss,2026-09-14,consumer_unverified,not exposed by RSS,"300-400 for some idli and masala dosa??😭, dude I'll make it for you for 100.",yes_truncated_60w,,thread focus: Ownly,1,0,neg,DELIVERY_PRICE_LEVEL_TOO_HIGH,DELIVERY_PRICE_LEVEL_TOO_HIGH,,NA_business_commentary,0,,0,0,₹300–400 for idli/dosa seen as absurd regardless of app,,,,,H1,CONSUMER-GENERATED,,ai_first_pass,
RD-1vp2t3m-p3wfvo8,reddit,r/Zomato,comment,RD-1vp2t3m,https://www.reddit.com/r/Zomato/comments/1vp2t3m/swiggy_vs_ownly_vs_zomato_pricing/p3wfvo8/,2026-08-15,exact_rss,2026-09-14,consumer_unverified,not exposed by RSS,Wonder who is paying the delivery and platform maintenance fees for ownly,yes_truncated_60w,,thread focus: Ownly,1,0,neutral,SUSTAINABILITY_SKEPTICISM,SUSTAINABILITY_SKEPTICISM,,NA_business_commentary,0,,0,0,,,,,,H2,CONSUMER-GENERATED,,ai_first_pass,
RD-1vp2t3m-p3z47ie,reddit,r/Zomato,comment,RD-1vp2t3m,https://www.reddit.com/r/Zomato/comments/1vp2t3m/swiggy_vs_ownly_vs_zomato_pricing/p3z47ie/,2026-08-16,exact_rss,2026-09-14,consumer_unverified,not exposed by RSS,"Tried Ownly twice. The first time I got some extra discount in Ownly, which made the Ownly price around 300, while zomato and swiggy rates were around 450, just like OP's screenshots. The delivery took more time compared to swiggy and zomato, but I don't mind waiting an extra 10-15mins to save 150es. Does anyone know if Ownly has thier …",yes_truncated_60w,,thread focus: Ownly,1,1,mixed,ACCEPTS_WAIT_FOR_SAVINGS;PRICE_SAVINGS_OBSERVED;LATE_DELIVERY;RIDER_MULTI_APP_OBSERVED;FUTURE_FEE_CREEP_EXPECTED,ACCEPTS_WAIT_FOR_SAVINGS,2,dispatch_eta,1,to_ownly: ~₹300 vs ~₹450 (incl. first-order extra discount); accepts +10–15 min wait to save ~₹150,0,1,Ownly ~300 vs Zomato/Swiggy ~450 with an extra Ownly discount on first order,slower than Swiggy/Zomato by ~10–15 min; 'don't mind waiting',,,,H2;H3;H9;H12,CONSUMER-GENERATED,"Most direct price–ETA trade-off statement in dataset (H3). Tried twice. Rider bill said 'rapido', no uniform",ai_first_pass,
RD-1vp2t3m-p3z5k7n,reddit,r/Zomato,comment,RD-1vp2t3m,https://www.reddit.com/r/Zomato/comments/1vp2t3m/swiggy_vs_ownly_vs_zomato_pricing/p3z5k7n/,2026-08-16,exact_rss,2026-09-14,consumer_unverified,not exposed by RSS,when i ordered on ownly the delivery guy was wearing the pink ownly helmet but had a swiggy delivery bag. no uniform,yes_truncated_60w,,thread focus: Ownly,1,1,neutral,RIDER_MULTI_APP_OBSERVED,RIDER_MULTI_APP_OBSERVED,,delivery_handoff,0,,0,0,,,,,,H9,CONSUMER-GENERATED,"Rider wore Ownly helmet with Swiggy bag — shared rider supply with incumbents (observation, not verified)",ai_first_pass,
RD-1vp2t3m-p3z5tlv,reddit,r/Zomato,comment,RD-1vp2t3m,https://www.reddit.com/r/Zomato/comments/1vp2t3m/swiggy_vs_ownly_vs_zomato_pricing/p3z5tlv/,2026-08-16,exact_rss,2026-09-14,consumer_unverified,not exposed by RSS,Hm that might be because the guy is taking orders from Swiggy as well as Ownly. So i guess they do have their own delivery guys.,yes_truncated_60w,,thread focus: Ownly,1,0,neutral,RIDER_MULTI_APP_OBSERVED,RIDER_MULTI_APP_OBSERVED,,NA_business_commentary,0,,0,0,,,,,,H9,INTERPRETATION,,ai_first_pass,
RD-1vp2t3m-p3wc86d,reddit,r/Zomato,comment,RD-1vp2t3m,https://www.reddit.com/r/Zomato/comments/1vp2t3m/swiggy_vs_ownly_vs_zomato_pricing/p3wc86d/,2026-08-15,exact_rss,2026-09-14,consumer_unverified,not exposed by RSS,isn't ownly only for Bengaluru?,yes_truncated_60w,Bengaluru,thread focus: Ownly,1,0,neutral,CITY_AVAILABILITY_QUESTION,CITY_AVAILABILITY_QUESTION,,discovery_onboarding,0,,0,0,,,,,,H9,CONSUMER-GENERATED,,ai_first_pass,
RD-1vp2t3m-p3z5bd9,reddit,r/Zomato,comment,RD-1vp2t3m,https://www.reddit.com/r/Zomato/comments/1vp2t3m/swiggy_vs_ownly_vs_zomato_pricing/p3z5bd9/,2026-08-16,exact_rss,2026-09-14,consumer_unverified,not exposed by RSS,"yes, it's ownly for Bengaluru",yes_truncated_60w,Bengaluru,thread focus: Ownly,1,0,neutral,CITY_AVAILABILITY_QUESTION,CITY_AVAILABILITY_QUESTION,,discovery_onboarding,0,,0,0,,,,,,H9,CONSUMER-GENERATED,2026-08-16: commenter believes Ownly is Bengaluru-only,ai_first_pass,
RD-1vp2t3m-p3xdxl1,reddit,r/Zomato,comment,RD-1vp2t3m,https://www.reddit.com/r/Zomato/comments/1vp2t3m/swiggy_vs_ownly_vs_zomato_pricing/p3xdxl1/,2026-08-15,exact_rss,2026-09-14,consumer_unverified,not exposed by RSS,Yup. Ownly is doing god’s work.,yes_truncated_60w,,thread focus: Ownly,1,0,pos,GENERAL_SUPPORT_FOR_OWNLY,GENERAL_SUPPORT_FOR_OWNLY,,NA_business_commentary,0,,0,0,,,,,,H7,CONSUMER-GENERATED,,ai_first_pass,
RD-1vp2t3m-p3z0e57,reddit,r/Zomato,comment,RD-1vp2t3m,https://www.reddit.com/r/Zomato/comments/1vp2t3m/swiggy_vs_ownly_vs_zomato_pricing/p3z0e57/,2026-08-16,exact_rss,2026-09-14,consumer_unverified,not exposed by RSS,"Hey, just a heads-up. You just doxxed yourself! Your full address is visible in that screenshot. Delete/edit the post asap to protect your privacy.",yes_truncated_60w,,thread focus: Ownly,0,0,,,,,,0,,0,0,,,,,,,,off-topic (screenshot doxxing banter / restaurant opinion),ai_first_pass,
RD-1vp2t3m-p3z1jxl,reddit,r/Zomato,comment,RD-1vp2t3m,https://www.reddit.com/r/Zomato/comments/1vp2t3m/swiggy_vs_ownly_vs_zomato_pricing/p3z1jxl/,2026-08-16,exact_rss,2026-09-14,consumer_unverified,not exposed by RSS,"It is, in the middle one",yes_truncated_60w,,thread focus: Ownly,0,0,,,,,,0,,0,0,,,,,,,,off-topic (screenshot doxxing banter / restaurant opinion),ai_first_pass,
RD-1vp2t3m-p3z3dn1,reddit,r/Zomato,comment,RD-1vp2t3m,https://www.reddit.com/r/Zomato/comments/1vp2t3m/swiggy_vs_ownly_vs_zomato_pricing/p3z3dn1/,2026-08-16,exact_rss,2026-09-14,consumer_unverified,not exposed by RSS,That's the resturant address,yes_truncated_60w,,thread focus: Ownly,0,0,,,,,,0,,0,0,,,,,,,,off-topic (screenshot doxxing banter / restaurant opinion),ai_first_pass,
RD-1vp2t3m-p3z0kqj,reddit,r/Zomato,comment,RD-1vp2t3m,https://www.reddit.com/r/Zomato/comments/1vp2t3m/swiggy_vs_ownly_vs_zomato_pricing/p3z0kqj/,2026-08-16,exact_rss,2026-09-14,consumer_unverified,not exposed by RSS,The only problem with Ownly is that they don't accept meal cards or pluxee hope they fix that,yes_truncated_60w,,thread focus: Ownly,1,1,neg,MEAL_CARD_PAYMENT_GAP,MEAL_CARD_PAYMENT_GAP,2,payment,0,,0,0,,,,,,H6;H9;H12,CONSUMER-GENERATED,Ownly does not accept meal cards / Pluxee — relevant to salaried professionals using employer meal benefits,ai_first_pass,
RD-1vp2t3m-p47hzt0,reddit,r/Zomato,comment,RD-1vp2t3m,https://www.reddit.com/r/Zomato/comments/1vp2t3m/swiggy_vs_ownly_vs_zomato_pricing/p47hzt0/,2026-08-17,exact_rss,2026-09-14,consumer_unverified,not exposed by RSS,Yes if they add it then it will get more order I guess.,yes_truncated_60w,,thread focus: Ownly,1,0,neutral,MEAL_CARD_PAYMENT_GAP,MEAL_CARD_PAYMENT_GAP,,payment,0,,0,0,,,,,,H6,CONSUMER-GENERATED,,ai_first_pass,
RD-1vp2t3m-p3z7ulc,reddit,r/Zomato,comment,RD-1vp2t3m,https://www.reddit.com/r/Zomato/comments/1vp2t3m/swiggy_vs_ownly_vs_zomato_pricing/p3z7ulc/,2026-08-16,exact_rss,2026-09-14,consumer_unverified,not exposed by RSS,"always compare all 3, sometimes zomato gives the best deal, sometimes swiggy",yes_truncated_60w,,thread focus: Ownly,1,0,neutral,MULTI_HOMING_PRICE_COMPARISON,MULTI_HOMING_PRICE_COMPARISON,,pricing_checkout,0,,0,0,'always compare all 3'; best deal rotates between Zomato and Swiggy,,,,,H1;H12,CONSUMER-GENERATED,,ai_first_pass,
RD-1vp2t3m-p3z99ov,reddit,r/Zomato,comment,RD-1vp2t3m,https://www.reddit.com/r/Zomato/comments/1vp2t3m/swiggy_vs_ownly_vs_zomato_pricing/p3z99ov/,2026-08-16,exact_rss,2026-09-14,consumer_unverified,not exposed by RSS,ayodhya upachar is lowk buns,yes_truncated_60w,,thread focus: Ownly,0,0,,,,,,0,,0,0,,,,,,,,off-topic (screenshot doxxing banter / restaurant opinion),ai_first_pass,
RD-1vp2t3m-p3zl1ol,reddit,r/Zomato,comment,RD-1vp2t3m,https://www.reddit.com/r/Zomato/comments/1vp2t3m/swiggy_vs_ownly_vs_zomato_pricing/p3zl1ol/,2026-08-16,exact_rss,2026-09-14,consumer_unverified,not exposed by RSS,"Tried ownly, the customer service is extremely bad and terrible. Ordered something, app kept showing 11 mins. I was sick, 1 hour passed and it did not come. Tried talking to customer support but they were slower and less responsive as hell. Tried calling restaurant, they said to talk to ownly. Too much here and there, had to email their …",yes_truncated_60w,,thread focus: Ownly,1,1,neg,LATE_DELIVERY;ETA_DISPLAY_MISLEADING;SUPPORT_UNRESPONSIVE;RESTAURANT_PLATFORM_BLAME_LOOP,LATE_DELIVERY,3,dispatch_eta,1,away_from_ownly: 1-hour non-arrival while app showed 11 min; support slow; escalated by email next day,0,0,,app showed 11 mins; order not arrived after 1 hour,,support slow/unresponsive; restaurant redirected to Ownly,,H4;H9;H12,CONSUMER-GENERATED,,ai_first_pass,
RD-1vp2t3m-p3zl4ah,reddit,r/Zomato,comment,RD-1vp2t3m,https://www.reddit.com/r/Zomato/comments/1vp2t3m/swiggy_vs_ownly_vs_zomato_pricing/p3zl4ah/,2026-08-16,exact_rss,2026-09-14,consumer_unverified,not exposed by RSS,That day I was convinced to pay a bit more but get things or resolution in time,yes_truncated_60w,,thread focus: Ownly,1,1,neutral,WTP_FOR_RELIABILITY,WTP_FOR_RELIABILITY,,NA_business_commentary,1,away_from_ownly: 'convinced to pay a bit more but get things or resolution in time',0,0,,,,,,H4;H8,CONSUMER-GENERATED,"Reply in same sub-thread as p3zl1ol; RSS gives no authorship so same-author is assumed, not verified. Key H4 statement: paying more for reliability/resolution",ai_first_pass,
RD-1vp2t3m-p3zncna,reddit,r/Zomato,comment,RD-1vp2t3m,https://www.reddit.com/r/Zomato/comments/1vp2t3m/swiggy_vs_ownly_vs_zomato_pricing/p3zncna/,2026-08-16,exact_rss,2026-09-14,consumer_unverified,not exposed by RSS,Trust me bro same happends with swiggy zomato,yes_truncated_60w,,thread focus: Ownly,1,0,neutral,INCUMBENT_SAME_PROBLEMS,INCUMBENT_SAME_PROBLEMS,,NA_business_commentary,0,,0,0,,,,,,H4,CONSUMER-GENERATED,Says Swiggy/Zomato have same failures,ai_first_pass,
RD-1vp2t3m-p3zl7d0,reddit,r/Zomato,comment,RD-1vp2t3m,https://www.reddit.com/r/Zomato/comments/1vp2t3m/swiggy_vs_ownly_vs_zomato_pricing/p3zl7d0/,2026-08-16,exact_rss,2026-09-14,consumer_unverified,not exposed by RSS,Abhi IPO aayega aur ye tumhari lgaega,yes_truncated_60w,,thread focus: Ownly,1,0,neg,FUTURE_FEE_CREEP_EXPECTED,FUTURE_FEE_CREEP_EXPECTED,,NA_business_commentary,0,,0,0,,,,,,H2;H7,CONSUMER-GENERATED,"Hinglish, vulgar: expects exploitation after IPO — do not quote",ai_first_pass,
RD-1vp2t3m-p40c2ff,reddit,r/Zomato,comment,RD-1vp2t3m,https://www.reddit.com/r/Zomato/comments/1vp2t3m/swiggy_vs_ownly_vs_zomato_pricing/p40c2ff/,2026-08-16,exact_rss,2026-09-14,consumer_unverified,not exposed by RSS,Just give me an app where it clearly shows and charges delivery fee Don't show free delivery while jacking up the menu prices,yes_truncated_60w,,thread focus: Ownly,1,0,neutral,TRANSPARENT_DELIVERY_FEE_PREFERENCE;INCUMBENT_PRICE_OBSTACLE,TRANSPARENT_DELIVERY_FEE_PREFERENCE,,pricing_checkout,0,,0,0,wants an explicit delivery fee instead of 'free delivery' with inflated menu prices,,,,,H1;H2;H8,CONSUMER-GENERATED,,ai_first_pass,
RD-1vp2t3m-p41fyke,reddit,r/Zomato,comment,RD-1vp2t3m,https://www.reddit.com/r/Zomato/comments/1vp2t3m/swiggy_vs_ownly_vs_zomato_pricing/p41fyke/,2026-08-16,exact_rss,2026-09-14,consumer_unverified,not exposed by RSS,Why is it as GST and other Charges on Swiggy Why not platform fee displayed clearly as Zomato,yes_truncated_60w,,thread focus: Ownly,1,0,neg,INCUMBENT_FEE_OPACITY,INCUMBENT_FEE_OPACITY,,pricing_checkout,0,,0,0,Swiggy bundles 'GST and other charges'; prefers Zomato's itemised platform fee,,,,,H1,CONSUMER-GENERATED,,ai_first_pass,
RD-1vp2t3m-p47v3kg,reddit,r/Zomato,comment,RD-1vp2t3m,https://www.reddit.com/r/Zomato/comments/1vp2t3m/swiggy_vs_ownly_vs_zomato_pricing/p47v3kg/,2026-08-17,exact_rss,2026-09-14,consumer_unverified,not exposed by RSS,"It depends on minimum order. If you minimum order is less, I think zomato is best",yes_truncated_60w,,thread focus: Ownly,1,0,neutral,INCUMBENT_CHEAPER_CONDITIONAL,INCUMBENT_CHEAPER_CONDITIONAL,,pricing_checkout,0,,0,0,for small minimum orders Zomato may be best,,,,,H2,CONSUMER-GENERATED,,ai_first_pass,
RD-1vp2t3m-p4kknmn,reddit,r/Zomato,comment,RD-1vp2t3m,https://www.reddit.com/r/Zomato/comments/1vp2t3m/swiggy_vs_ownly_vs_zomato_pricing/p4kknmn/,2026-08-19,exact_rss,2026-09-14,consumer_unverified,not exposed by RSS,Wht abt ondc like digihaat etc is it still better than when it was with paytm,yes_truncated_60w,,thread focus: Ownly,1,0,neutral,COMPETITOR_CONTEXT,COMPETITOR_CONTEXT,,NA_business_commentary,0,,0,0,,,,,,H2,CONSUMER-GENERATED,ONDC/Digihaat,ai_first_pass,
RD-1vp2t3m-p6l12ro,reddit,r/Zomato,comment,RD-1vp2t3m,https://www.reddit.com/r/Zomato/comments/1vp2t3m/swiggy_vs_ownly_vs_zomato_pricing/p6l12ro/,2026-08-29,exact_rss,2026-09-14,consumer_unverified,not exposed by RSS,This will be only for first 3 orders,yes_truncated_60w,,thread focus: Ownly,1,0,neutral,LAUNCH_DISCOUNT_TEMPORARY,LAUNCH_DISCOUNT_TEMPORARY,,pricing_checkout,0,,0,0,,,,,,H2;H12,CONSUMER-GENERATED,Parent comment not identifiable in RSS; likely refers to an introductory Ownly discount 'only for first 3 orders' — unverified,ai_first_pass,
RD-1vp2t3m-p3zfi23,reddit,r/Zomato,comment,RD-1vp2t3m,https://www.reddit.com/r/Zomato/comments/1vp2t3m/swiggy_vs_ownly_vs_zomato_pricing/p3zfi23/,2026-08-16,exact_rss,2026-09-14,consumer_unverified,not exposed by RSS,"I mean this is such useless comparison. Ownly is only in bangalore (no pun intended), once they expand into other cities, apart from the first few weeks, the prices WILL definitely rise and be on par with the two greats.",yes_truncated_60w,Bengaluru,thread focus: Ownly,1,0,neg,FUTURE_FEE_CREEP_EXPECTED;CITY_EXPANSION_PRICE_RISE_EXPECTED,FUTURE_FEE_CREEP_EXPECTED,,NA_business_commentary,0,,0,0,expects prices to rise to parity in new cities 'apart from the first few weeks',,,,,H2;H9,CONSUMER-GENERATED,Directly relevant to Hyderabad transfer (H9),ai_first_pass,
RD-1vp2t3m-p45k2my,reddit,r/Zomato,comment,RD-1vp2t3m,https://www.reddit.com/r/Zomato/comments/1vp2t3m/swiggy_vs_ownly_vs_zomato_pricing/p45k2my/,2026-08-17,exact_rss,2026-09-14,consumer_unverified,not exposed by RSS,"I saw this on X Rapido ownly scaling won’t come cheap. • Current cash burn: ₹150–170 per order • Reaching ~5% national market share could require ₹1,700–2,000 crore of investment. Rapido’s core business made a loss of around ₹258 crore. No fund will easily give Rapido another ₹2,000 crore for its food delivery business just to create a 5% market …",yes_truncated_60w,,thread focus: Ownly,1,0,neg,SUSTAINABILITY_SKEPTICISM,SUSTAINABILITY_SKEPTICISM,,NA_business_commentary,0,,0,0,,,,,,H9,CONSUMER-GENERATED,"Relays an X claim of ₹150–170 cash burn per order and ₹1,700–2,000 cr to reach 5% share — unverified second-hand figures; do not cite as fact",ai_first_pass,
RD-1vpxbyr,reddit,r/BangaloreSocial,post,,https://www.reddit.com/r/BangaloreSocial/comments/1vpxbyr/ownly_vs_zomato/,2026-08-16,exact_rss,2026-09-14,consumer_unverified,not exposed by RSS,"Ownly vs Zomato !!! — Zomato on left and Ownly on the right, same restaurant same dish !!!!! Guess that’s how these platforms are scamming people !!!",yes_truncated_60w,Bengaluru,thread focus: Ownly,1,1,neg,USER_BILL_COMPARISON;PRICE_COMPARISON_DISPUTE,USER_BILL_COMPARISON,,pricing_checkout,0,,0,0,,,,,,H2,CONSUMER-GENERATED,Screenshot not retrievable. Post says 'same restaurant same dish… platforms are scamming'; replies dispute which app was cheaper (Imperio half/quarter plate) — direction AMBIGUOUS,ai_first_pass,
RD-1vpxbyr-p40z6fw,reddit,r/BangaloreSocial,comment,RD-1vpxbyr,https://www.reddit.com/r/BangaloreSocial/comments/1vpxbyr/ownly_vs_zomato/p40z6fw/,2026-08-16,exact_rss,2026-09-14,consumer_unverified,not exposed by RSS,"For me, somehow ownly is like 30% more cheaper than zomato.",yes_truncated_60w,,thread focus: Ownly,1,1,pos,PRICE_SAVINGS_OBSERVED,PRICE_SAVINGS_OBSERVED,,pricing_checkout,0,,0,0,Ownly ~30% cheaper than Zomato for this user,,,,,H2,CONSUMER-GENERATED,,ai_first_pass,
RD-1vpxbyr-p40zdqb,reddit,r/BangaloreSocial,comment,RD-1vpxbyr,https://www.reddit.com/r/BangaloreSocial/comments/1vpxbyr/ownly_vs_zomato/p40zdqb/,2026-08-16,exact_rss,2026-09-14,consumer_unverified,not exposed by RSS,Hopefully I didn’t jinx it. Touchwood.,yes_truncated_60w,,thread focus: Ownly,0,0,,,,,,0,,0,0,,,,,,,,banter/off-topic; no Ownly-relevant content,ai_first_pass,
RD-1vpxbyr-p40ymz4,reddit,r/BangaloreSocial,comment,RD-1vpxbyr,https://www.reddit.com/r/BangaloreSocial/comments/1vpxbyr/ownly_vs_zomato/p40ymz4/,2026-08-16,exact_rss,2026-09-14,consumer_unverified,not exposed by RSS,So is ownly good??,yes_truncated_60w,,thread focus: Ownly,1,0,neutral,TRIAL_CURIOSITY,TRIAL_CURIOSITY,,NA_business_commentary,0,,0,0,,,,,,H12,CONSUMER-GENERATED,,ai_first_pass,
RD-1vpxbyr-p40z0hq,reddit,r/BangaloreSocial,comment,RD-1vpxbyr,https://www.reddit.com/r/BangaloreSocial/comments/1vpxbyr/ownly_vs_zomato/p40z0hq/,2026-08-16,exact_rss,2026-09-14,consumer_unverified,not exposed by RSS,"Ownly is even worse, they have listed half plate at 60rs higher than Zomato.",yes_truncated_60w,,thread focus: Ownly,1,1,neg,OWNLY_PRICIER_OBSERVED,OWNLY_PRICIER_OBSERVED,,pricing_checkout,0,,0,0,'half plate at 60rs higher than Zomato' (Imperio),,,,,H2,CONSUMER-GENERATED,Contradicts H2 for a specific listing,ai_first_pass,
RD-1vpxbyr-p419axy,reddit,r/BangaloreSocial,comment,RD-1vpxbyr,https://www.reddit.com/r/BangaloreSocial/comments/1vpxbyr/ownly_vs_zomato/p419axy/,2026-08-16,exact_rss,2026-09-14,consumer_unverified,not exposed by RSS,It could be isolated case. What's the restaurant name ? (For cross verification purposes),yes_truncated_60w,,thread focus: Ownly,0,0,,,,,,0,,0,0,,,,,,,,banter/off-topic; no Ownly-relevant content,ai_first_pass,
RD-1vpxbyr-p41atep,reddit,r/BangaloreSocial,comment,RD-1vpxbyr,https://www.reddit.com/r/BangaloreSocial/comments/1vpxbyr/ownly_vs_zomato/p41atep/,2026-08-16,exact_rss,2026-09-14,consumer_unverified,not exposed by RSS,"Pretty sure it is. I've been comparing both apps regularly for the past 2 weeks, i order at least once per day, and check 2 restaurants min each time before ordering. Not once has the Zomato amount been less. BUT Zomato had been offering discount coupons that when applied at checkout have made the total order amount either equal to …",yes_truncated_60w,,thread focus: Ownly,1,1,mixed,INCUMBENT_CHEAPER_AFTER_OFFERS;PRICE_SAVINGS_OBSERVED;MULTI_HOMING_PRICE_COMPARISON;INCUMBENT_DEFENSIVE_DISCOUNTING,INCUMBENT_CHEAPER_AFTER_OFFERS,,pricing_checkout,0,,0,1,"2 weeks, ≥1 order/day, ≥2 restaurants checked: pre-coupon Zomato never lower; Zomato coupons made totals equal or ₹15–20 below Ownly",,,,,H2;H12,CONSUMER-GENERATED,Most systematic user comparison found. Reads Zomato coupons as temporary defensive tactic,ai_first_pass,
RD-1vpxbyr-p41g7mi,reddit,r/BangaloreSocial,comment,RD-1vpxbyr,https://www.reddit.com/r/BangaloreSocial/comments/1vpxbyr/ownly_vs_zomato/p41g7mi/,2026-08-16,exact_rss,2026-09-14,consumer_unverified,not exposed by RSS,"You must be checking something else. Check this!! Also, in your screenshot ""quarter"" is missing. https://preview.redd.it/4tfaoerj6rjh1.jpeg?width=1080&format=pjpg&auto=webp&s=4af863eeae7b31f7307bb2b1b25f4f8e84349ea9",yes_truncated_60w,,thread focus: Ownly,1,1,neg,OWNLY_PRICIER_OBSERVED;PRICE_COMPARISON_DISPUTE,OWNLY_PRICIER_OBSERVED,,pricing_checkout,0,,0,0,,,,,,H2,CONSUMER-GENERATED,Disputes p41atep with a screenshot (item size mismatch 'quarter' vs half) — shows item-matching problems in comparisons,ai_first_pass,
RD-1vpxbyr-p4k7g8h,reddit,r/BangaloreSocial,comment,RD-1vpxbyr,https://www.reddit.com/r/BangaloreSocial/comments/1vpxbyr/ownly_vs_zomato/p4k7g8h/,2026-08-19,exact_rss,2026-09-14,consumer_unverified,not exposed by RSS,The price here is even worse 🤷🏽‍♂️,yes_truncated_60w,,thread focus: Ownly,1,0,neutral,PRICE_COMPARISON_DISPUTE,PRICE_COMPARISON_DISPUTE,,pricing_checkout,0,,0,0,,,,,,H2,CONSUMER-GENERATED,AMBIGUOUS which platform,ai_first_pass,
RD-1vpxbyr-p4n9d1n,reddit,r/BangaloreSocial,comment,RD-1vpxbyr,https://www.reddit.com/r/BangaloreSocial/comments/1vpxbyr/ownly_vs_zomato/p4n9d1n/,2026-08-19,exact_rss,2026-09-14,consumer_unverified,not exposed by RSS,"Just got cheated by ownly, delivery guy ran away with half of order, if ur ordering for more items don't trust ownly",yes_truncated_60w,,thread focus: Ownly,1,1,neg,MISSING_WRONG_ITEMS;RIDER_CONDUCT;TRUST_LOSS_SCAM_FRAMING;LARGE_ORDER_TRUST_RISK,MISSING_WRONG_ITEMS,4,delivery_handoff,1,away_from_ownly: 'if ur ordering for more items don't trust ownly',0,0,,,,,rider allegedly left with half the order,H4;H6;H10;H12,CONSUMER-GENERATED,,ai_first_pass,
RD-1vpxbyr-p4rs5jk,reddit,r/BangaloreSocial,comment,RD-1vpxbyr,https://www.reddit.com/r/BangaloreSocial/comments/1vpxbyr/ownly_vs_zomato/p4rs5jk/,2026-08-20,exact_rss,2026-09-14,consumer_unverified,not exposed by RSS,Did you try to contact their customer care? please let us know here what happened.,yes_truncated_60w,,thread focus: Ownly,0,0,,,,,,0,,0,0,,,,,,,,banter/off-topic; no Ownly-relevant content,ai_first_pass,
RD-1vpxbyr-p4scllw,reddit,r/BangaloreSocial,comment,RD-1vpxbyr,https://www.reddit.com/r/BangaloreSocial/comments/1vpxbyr/ownly_vs_zomato/p4scllw/,2026-08-20,exact_rss,2026-09-14,consumer_unverified,not exposed by RSS,Delivery guy just didn't deliver most of items in order and not picking up the call. When i reported this to ownly they haven't taken any action. Their customer service is practically non existent,yes_truncated_60w,,thread focus: Ownly,1,1,neg,SUPPORT_UNRESPONSIVE;MISSING_WRONG_ITEMS,SUPPORT_UNRESPONSIVE,4,post_order_support_refund,0,,0,0,,,,reported; 'haven't taken any action'; 'practically non existent',,H4;H12,CONSUMER-GENERATED,Same incident as p4n9d1n (assumed same author),ai_first_pass,
RD-1vpxbyr-p56oj1w,reddit,r/BangaloreSocial,comment,RD-1vpxbyr,https://www.reddit.com/r/BangaloreSocial/comments/1vpxbyr/ownly_vs_zomato/p56oj1w/,2026-08-22,exact_rss,2026-09-14,consumer_unverified,not exposed by RSS,Mostly looks like paid post by Zomato to wannabe influencer or karma farming 🥲. Prices are higher in Zomato,yes_truncated_60w,,thread focus: Ownly,1,0,neutral,ASTROTURF_SUSPICION,ASTROTURF_SUSPICION,,pricing_checkout,0,,0,0,asserts Zomato prices are higher,,,,,H2;H7,CONSUMER-GENERATED,Suspects post is paid by Zomato,ai_first_pass,
RD-1vpxbyr-p56on51,reddit,r/BangaloreSocial,comment,RD-1vpxbyr,https://www.reddit.com/r/BangaloreSocial/comments/1vpxbyr/ownly_vs_zomato/p56on51/,2026-08-22,exact_rss,2026-09-14,consumer_unverified,not exposed by RSS,I wish brother I wish!!!! 😂,yes_truncated_60w,,thread focus: Ownly,0,0,,,,,,0,,0,0,,,,,,,,banter/off-topic; no Ownly-relevant content,ai_first_pass,
RD-1vq18l9,reddit,r/Zomato,post,,https://www.reddit.com/r/Zomato/comments/1vq18l9/zomato_and_ownly_price_difference_80_more/,2026-08-16,exact_rss,2026-09-14,consumer_unverified,not exposed by RSS,"Zomato and ownly price difference. 80% more 😲 — Same place, same items, but ₹392 on Zomato vs ₹220 on Ownly. ₹220 is not even an offer price, it's regular price.",yes_truncated_60w,,thread focus: Ownly,1,1,pos,USER_BILL_COMPARISON;PRICE_SAVINGS_OBSERVED,USER_BILL_COMPARISON,,pricing_checkout,1,to_ownly: ₹220 vs ₹392 same place same items,0,0,'₹392 on Zomato vs ₹220 on Ownly'; '₹220 is not even an offer price',,,,,H1;H2,CONSUMER-GENERATED,Screenshots not retrievable; single basket; restaurant unnamed,ai_first_pass,
RD-1vq18l9-p41yzmn,reddit,r/Zomato,comment,RD-1vq18l9,https://www.reddit.com/r/Zomato/comments/1vq18l9/zomato_and_ownly_price_difference_80_more/p41yzmn/,2026-08-16,exact_rss,2026-09-14,consumer_unverified,not exposed by RSS,"Bro it's new, burning investors money,once it becomes big enough it has to spike the price,ow there's no business.every new day startup has same story.",yes_truncated_60w,,thread focus: Ownly,1,0,neg,FUTURE_FEE_CREEP_EXPECTED;SUSTAINABILITY_SKEPTICISM,FUTURE_FEE_CREEP_EXPECTED,,NA_business_commentary,0,,0,0,,,,,,H2;H7,CONSUMER-GENERATED,,ai_first_pass,
RD-1vq18l9-p4226ts,reddit,r/Zomato,comment,RD-1vq18l9,https://www.reddit.com/r/Zomato/comments/1vq18l9/zomato_and_ownly_price_difference_80_more/p4226ts/,2026-08-16,exact_rss,2026-09-14,consumer_unverified,not exposed by RSS,Their business model is different. Zomato charges the restuarant ~30% of the bill value. This makes resturants jack up their prices to compensate. Ownly (and Rapido) charge a flat listing fee / subscription and charge a per kilometer delivery fee.,yes_truncated_60w,,thread focus: Ownly,1,0,neutral,FEE_MODEL_DESCRIPTION,FEE_MODEL_DESCRIPTION,,NA_business_commentary,0,,0,0,claims flat listing fee/subscription for restaurants and a per-km delivery fee,,,,,H8,INTERPRETATION,Per-km claim conflicts with '₹30 flat' reports — unverified,ai_first_pass,
RD-1vq18l9-p42pf3j,reddit,r/Zomato,comment,RD-1vq18l9,https://www.reddit.com/r/Zomato/comments/1vq18l9/zomato_and_ownly_price_difference_80_more/p42pf3j/,2026-08-16,exact_rss,2026-09-14,consumer_unverified,not exposed by RSS,And I assume that listing fee is a one-time on Ownly? I wonder how that's sustainable for them.,yes_truncated_60w,,thread focus: Ownly,1,0,neutral,SUSTAINABILITY_SKEPTICISM,SUSTAINABILITY_SKEPTICISM,,NA_business_commentary,0,,0,0,,,,,,H2,CONSUMER-GENERATED,,ai_first_pass,
RD-1vq18l9-p42qjgr,reddit,r/Zomato,comment,RD-1vq18l9,https://www.reddit.com/r/Zomato/comments/1vq18l9/zomato_and_ownly_price_difference_80_more/p42qjgr/,2026-08-16,exact_rss,2026-09-14,consumer_unverified,not exposed by RSS,"I think it's the same thing they have for their riders: daily, weekly and monthly plans.",yes_truncated_60w,,thread focus: Ownly,1,0,neutral,FEE_MODEL_DESCRIPTION,FEE_MODEL_DESCRIPTION,,NA_business_commentary,0,,0,0,,,,,,H8,INTERPRETATION,Guesses subscription plans like rider plans,ai_first_pass,
RD-1vq18l9-p47obms,reddit,r/Zomato,comment,RD-1vq18l9,https://www.reddit.com/r/Zomato/comments/1vq18l9/zomato_and_ownly_price_difference_80_more/p47obms/,2026-08-17,exact_rss,2026-09-14,consumer_unverified,not exposed by RSS,nah its a monthly listing fee just like rapido,yes_truncated_60w,,thread focus: Ownly,1,0,neutral,FEE_MODEL_DESCRIPTION,FEE_MODEL_DESCRIPTION,,NA_business_commentary,0,,0,0,,,,,,H8,INTERPRETATION,Claims monthly restaurant listing fee — unverified,ai_first_pass,
RD-1vq18l9-p464h7b,reddit,r/Zomato,comment,RD-1vq18l9,https://www.reddit.com/r/Zomato/comments/1vq18l9/zomato_and_ownly_price_difference_80_more/p464h7b/,2026-08-17,exact_rss,2026-09-14,consumer_unverified,not exposed by RSS,End of the day you need to earn X amount of money per order to be profitable. Zomato/Swiggy currently have a EBIDTA margin of around 4-5% per order and are pretty much at peak margin in this industry. The 392 order nets them ₹20-25 in pre-tax profit when operating at peak margins. Ownly is currently burning cash. Whenever it wants …,yes_truncated_60w,,thread focus: Ownly,1,0,neg,SUSTAINABILITY_SKEPTICISM;FUTURE_FEE_CREEP_EXPECTED,SUSTAINABILITY_SKEPTICISM,,NA_business_commentary,0,,0,0,,,,,,H2,CONSUMER-GENERATED,Cites incumbent 4–5% EBITDA/order — unverified,ai_first_pass,
RD-1vq18l9-p46axsf,reddit,r/Zomato,comment,RD-1vq18l9,https://www.reddit.com/r/Zomato/comments/1vq18l9/zomato_and_ownly_price_difference_80_more/p46axsf/,2026-08-17,exact_rss,2026-09-14,consumer_unverified,not exposed by RSS,"Maybe I didn't explain it properly in the prior comment: they make their money from resturant and rider subscriptions rather than per order. The delivery fee is paid entirely to the rider. Their reasoning is it doesn't cost them much more to deliver 1000 orders than 100 orders, since they only provide the platform which connects the restuarant, rider and …",yes_truncated_60w,,thread focus: Ownly,1,0,neutral,FEE_MODEL_DESCRIPTION;RAPIDO_ECOSYSTEM_ADVANTAGE,FEE_MODEL_DESCRIPTION,,NA_business_commentary,0,,0,0,,,,,,H8;H9,INTERPRETATION,Claims delivery fee goes entirely to rider; revenue from restaurant+rider subscriptions — unverified,ai_first_pass,
RD-1vq18l9-p46l72e,reddit,r/Zomato,comment,RD-1vq18l9,https://www.reddit.com/r/Zomato/comments/1vq18l9/zomato_and_ownly_price_difference_80_more/p46l72e/,2026-08-17,exact_rss,2026-09-14,consumer_unverified,not exposed by RSS,zero-commission model fundamentally viable? Yes given the volume ….it has already acquired 7 percent of blr good delivery market …it has already ecosystem of Rapido riders …I think zomato/swiggy will follow this model,yes_truncated_60w,,thread focus: Ownly,1,0,pos,RESTAURANT_ECONOMICS_POSITIVE;RAPIDO_ECOSYSTEM_ADVANTAGE,RESTAURANT_ECONOMICS_POSITIVE,,NA_business_commentary,0,,0,0,,,,,,H2;H9,INTERPRETATION,Relays '7 percent of blr' share,ai_first_pass,
RD-1vq18l9-p474rcv,reddit,r/Zomato,comment,RD-1vq18l9,https://www.reddit.com/r/Zomato/comments/1vq18l9/zomato_and_ownly_price_difference_80_more/p474rcv/,2026-08-17,exact_rss,2026-09-14,consumer_unverified,not exposed by RSS,Enjoy it while lasts! Why pay more for Zomato when someone else is offering to deliver at half the price. Even if it’s temporary,yes_truncated_60w,,thread focus: Ownly,1,0,pos,SWITCH_DESPITE_TEMPORARY_PRICING,SWITCH_DESPITE_TEMPORARY_PRICING,,pricing_checkout,1,to_ownly: 'deliver at half the price. Even if it's temporary',0,0,,,,,,H2;H12,CONSUMER-GENERATED,,ai_first_pass,
RD-1vq18l9-p5fe5po,reddit,r/Zomato,comment,RD-1vq18l9,https://www.reddit.com/r/Zomato/comments/1vq18l9/zomato_and_ownly_price_difference_80_more/p5fe5po/,2026-08-23,exact_rss,2026-09-14,consumer_unverified,not exposed by RSS,they dont offer discounts like zomato/swiggy,yes_truncated_60w,,thread focus: Ownly,1,0,neutral,NO_DISCOUNTS_ON_OWNLY,NO_DISCOUNTS_ON_OWNLY,,pricing_checkout,0,,0,0,Ownly lacks Zomato/Swiggy-style discounts,,,,,H2,CONSUMER-GENERATED,,ai_first_pass,
RD-1vq18l9-p420vqm,reddit,r/Zomato,comment,RD-1vq18l9,https://www.reddit.com/r/Zomato/comments/1vq18l9/zomato_and_ownly_price_difference_80_more/p420vqm/,2026-08-16,exact_rss,2026-09-14,consumer_unverified,not exposed by RSS,But Zomato has discounts as well I have ordered from this same restaurant and they had 120 off,yes_truncated_60w,,thread focus: Ownly,1,0,neutral,INCUMBENT_CHEAPER_AFTER_OFFERS,INCUMBENT_CHEAPER_AFTER_OFFERS,,pricing_checkout,0,,0,0,Zomato had ₹120 off at same restaurant,,,,,H2,CONSUMER-GENERATED,"First-hand Zomato experience, not Ownly",ai_first_pass,
RD-1vq18l9-p46pu29,reddit,r/Zomato,comment,RD-1vq18l9,https://www.reddit.com/r/Zomato/comments/1vq18l9/zomato_and_ownly_price_difference_80_more/p46pu29/,2026-08-17,exact_rss,2026-09-14,consumer_unverified,not exposed by RSS,"Restaurants have the option to give that discount, they unable or disable it. I have seen in the consol once in cloud kitchen and once in a restaurant.",yes_truncated_60w,,thread focus: Ownly,1,0,neutral,RESTAURANT_SETS_DISCOUNTS,RESTAURANT_SETS_DISCOUNTS,,NA_business_commentary,0,,0,0,,,,,,H2,INTERPRETATION,Says restaurants toggle discounts in platform console (claims to have seen it),ai_first_pass,
RD-1vq18l9-p41xfda,reddit,r/Zomato,comment,RD-1vq18l9,https://www.reddit.com/r/Zomato/comments/1vq18l9/zomato_and_ownly_price_difference_80_more/p41xfda/,2026-08-16,exact_rss,2026-09-14,consumer_unverified,not exposed by RSS,Only not available in pune yet :(,yes_truncated_60w,Pune,thread focus: Ownly,1,0,neutral,CITY_AVAILABILITY_QUESTION,CITY_AVAILABILITY_QUESTION,,discovery_onboarding,0,,0,0,,,,,,H9,CONSUMER-GENERATED,,ai_first_pass,
RD-1vq18l9-p41yho2,reddit,r/Zomato,comment,RD-1vq18l9,https://www.reddit.com/r/Zomato/comments/1vq18l9/zomato_and_ownly_price_difference_80_more/p41yho2/,2026-08-16,exact_rss,2026-09-14,consumer_unverified,not exposed by RSS,"The time it'll come to Pune, they'd have lost all investors money",yes_truncated_60w,Pune,thread focus: Ownly,1,0,neg,SUSTAINABILITY_SKEPTICISM,SUSTAINABILITY_SKEPTICISM,,NA_business_commentary,0,,0,0,,,,,,H9,CONSUMER-GENERATED,,ai_first_pass,
RD-1vq18l9-p42i3qq,reddit,r/Zomato,comment,RD-1vq18l9,https://www.reddit.com/r/Zomato/comments/1vq18l9/zomato_and_ownly_price_difference_80_more/p42i3qq/,2026-08-16,exact_rss,2026-09-14,consumer_unverified,not exposed by RSS,How zomato vip can provide these two priveledge together.. isnt it contradictory kinda? 1.Fastest possible delivery and at the same time 2. Top-rated delivery partners,yes_truncated_60w,,thread focus: Ownly,0,0,,,,,,0,,0,0,,,,,,,,about Zomato VIP feature; no Ownly content,ai_first_pass,
RD-1vq18l9-p43q5jq,reddit,r/Zomato,comment,RD-1vq18l9,https://www.reddit.com/r/Zomato/comments/1vq18l9/zomato_and_ownly_price_difference_80_more/p43q5jq/,2026-08-16,exact_rss,2026-09-14,consumer_unverified,not exposed by RSS,Only over zomato anyday ! ❤️,yes_truncated_60w,,thread focus: Ownly,1,0,pos,INCUMBENT_LOYALTY,INCUMBENT_LOYALTY,,NA_business_commentary,0,,0,0,,,,,,H12,CONSUMER-GENERATED,'Only over zomato anyday' — loyalty to incumbent,ai_first_pass,
RD-1vq18l9-p45pw2c,reddit,r/Zomato,comment,RD-1vq18l9,https://www.reddit.com/r/Zomato/comments/1vq18l9/zomato_and_ownly_price_difference_80_more/p45pw2c/,2026-08-17,exact_rss,2026-09-14,consumer_unverified,not exposed by RSS,"Being a consumer, choose wisely save money and moveon. Kuch dino baad You'll get another app doing the same business, switch to it.",yes_truncated_60w,,thread focus: Ownly,1,0,neutral,LOW_PLATFORM_LOYALTY,LOW_PLATFORM_LOYALTY,,NA_business_commentary,0,,0,0,,,,,,H12,CONSUMER-GENERATED,Advises app-hopping to whichever is cheapest,ai_first_pass,
RD-1vq18l9-p45vwya,reddit,r/Zomato,comment,RD-1vq18l9,https://www.reddit.com/r/Zomato/comments/1vq18l9/zomato_and_ownly_price_difference_80_more/p45vwya/,2026-08-17,exact_rss,2026-09-14,consumer_unverified,not exposed by RSS,Whoever use Zomato Nothin to say,yes_truncated_60w,,thread focus: Ownly,0,0,,,,,,0,,0,0,,,,,,,,banter/off-topic; no Ownly-relevant content,ai_first_pass,
RD-1vq18l9-p45ypr1,reddit,r/Zomato,comment,RD-1vq18l9,https://www.reddit.com/r/Zomato/comments/1vq18l9/zomato_and_ownly_price_difference_80_more/p45ypr1/,2026-08-17,exact_rss,2026-09-14,consumer_unverified,not exposed by RSS,Is ownly in mumbai as well?,yes_truncated_60w,Mumbai,thread focus: Ownly,1,0,neutral,CITY_AVAILABILITY_QUESTION,CITY_AVAILABILITY_QUESTION,,discovery_onboarding,0,,0,0,,,,,,H9,CONSUMER-GENERATED,,ai_first_pass,
RD-1vq18l9-p467sfc,reddit,r/Zomato,comment,RD-1vq18l9,https://www.reddit.com/r/Zomato/comments/1vq18l9/zomato_and_ownly_price_difference_80_more/p467sfc/,2026-08-17,exact_rss,2026-09-14,consumer_unverified,not exposed by RSS,Wonder who funds the delivery for ownly,yes_truncated_60w,,thread focus: Ownly,1,0,neutral,SUSTAINABILITY_SKEPTICISM,SUSTAINABILITY_SKEPTICISM,,NA_business_commentary,0,,0,0,,,,,,H8,CONSUMER-GENERATED,,ai_first_pass,
RD-1vq18l9-p46d3to,reddit,r/Zomato,comment,RD-1vq18l9,https://www.reddit.com/r/Zomato/comments/1vq18l9/zomato_and_ownly_price_difference_80_more/p46d3to/,2026-08-17,exact_rss,2026-09-14,consumer_unverified,not exposed by RSS,It's owned by Rapido,yes_truncated_60w,,thread focus: Ownly,0,0,,,,,,0,,0,0,,,,,,,,banter/off-topic; no Ownly-relevant content,ai_first_pass,
RD-1vq18l9-p46udk0,reddit,r/Zomato,comment,RD-1vq18l9,https://www.reddit.com/r/Zomato/comments/1vq18l9/zomato_and_ownly_price_difference_80_more/p46udk0/,2026-08-17,exact_rss,2026-09-14,consumer_unverified,not exposed by RSS,"I know , but how are they providing free delivery",yes_truncated_60w,,thread focus: Ownly,1,0,neutral,FREE_DELIVERY_PERCEPTION,FREE_DELIVERY_PERCEPTION,,pricing_checkout,0,,0,0,,,,,,H8,CONSUMER-GENERATED,Aug 2026: commenter perceives Ownly delivery as free — conflicts with '₹30 flat fee' reports; fee may vary by offer/area,ai_first_pass,
RD-1vq18l9-p46crht,reddit,r/Zomato,comment,RD-1vq18l9,https://www.reddit.com/r/Zomato/comments/1vq18l9/zomato_and_ownly_price_difference_80_more/p46crht/,2026-08-17,exact_rss,2026-09-14,consumer_unverified,not exposed by RSS,Zomato is the worst. Their customer service is horrendous. Never get refunds whatsoever.,yes_truncated_60w,,thread focus: Ownly,1,0,neg,INCUMBENT_SUPPORT_BAD;INCUMBENT_DISTRUST,INCUMBENT_SUPPORT_BAD,,post_order_support_refund,0,,0,0,,,,Zomato support 'horrendous'; 'never get refunds',,H1;H4,CONSUMER-GENERATED,,ai_first_pass,
RD-1vq18l9-p47wj6j,reddit,r/Zomato,comment,RD-1vq18l9,https://www.reddit.com/r/Zomato/comments/1vq18l9/zomato_and_ownly_price_difference_80_more/p47wj6j/,2026-08-17,exact_rss,2026-09-14,consumer_unverified,not exposed by RSS,Yeah. Since its a bot. It just tells you to mail,yes_truncated_60w,,thread focus: Ownly,1,0,neg,INCUMBENT_SUPPORT_BAD,INCUMBENT_SUPPORT_BAD,,post_order_support_refund,0,,0,0,,,,Zomato support is a bot that says to email,,H4,CONSUMER-GENERATED,,ai_first_pass,
RD-1vq18l9-p46g974,reddit,r/Zomato,comment,RD-1vq18l9,https://www.reddit.com/r/Zomato/comments/1vq18l9/zomato_and_ownly_price_difference_80_more/p46g974/,2026-08-17,exact_rss,2026-09-14,consumer_unverified,not exposed by RSS,how's ownly's service though?,yes_truncated_60w,,thread focus: Ownly,1,0,neutral,TRIAL_CURIOSITY,TRIAL_CURIOSITY,,NA_business_commentary,0,,0,0,,,,,,H4,CONSUMER-GENERATED,Asks about Ownly service quality — reliability as the open question after price,ai_first_pass,
RD-1vq18l9-p46nfzv,reddit,r/Zomato,comment,RD-1vq18l9,https://www.reddit.com/r/Zomato/comments/1vq18l9/zomato_and_ownly_price_difference_80_more/p46nfzv/,2026-08-17,exact_rss,2026-09-14,consumer_unverified,not exposed by RSS,I can do the opposite for a different resturant where ownly will be 392 and zomato 220. Stop posting this stupid shit.,yes_truncated_60w,,thread focus: Ownly,1,0,neg,PRICE_COMPARISON_DISPUTE,PRICE_COMPARISON_DISPUTE,,pricing_checkout,0,,0,0,,,,,,H2,CONSUMER-GENERATED,"Claims the reverse can be shown for other restaurants — assertion, no data",ai_first_pass,
RD-1vq18l9-p46piwf,reddit,r/Zomato,comment,RD-1vq18l9,https://www.reddit.com/r/Zomato/comments/1vq18l9/zomato_and_ownly_price_difference_80_more/p46piwf/,2026-08-17,exact_rss,2026-09-14,consumer_unverified,not exposed by RSS,Bro what are you even ordering?? I’m more curious about that,yes_truncated_60w,,thread focus: Ownly,0,0,,,,,,0,,0,0,,,,,,,,banter/off-topic; no Ownly-relevant content,ai_first_pass,
RD-1vq18l9-p471knv,reddit,r/Zomato,comment,RD-1vq18l9,https://www.reddit.com/r/Zomato/comments/1vq18l9/zomato_and_ownly_price_difference_80_more/p471knv/,2026-08-17,exact_rss,2026-09-14,consumer_unverified,not exposed by RSS,For small orders ownly For large orders with credit card offers Swiggy,yes_truncated_60w,,thread focus: Ownly,1,0,neutral,SEGMENTED_PLATFORM_USE,SEGMENTED_PLATFORM_USE,,pricing_checkout,0,,0,0,'For small orders ownly For large orders with credit card offers Swiggy',,,,,H2;H8;H10,CONSUMER-GENERATED,Basket-size segmentation of platform choice — key for H2/H8,ai_first_pass,
RD-1vq18l9-p47fza1,reddit,r/Zomato,comment,RD-1vq18l9,https://www.reddit.com/r/Zomato/comments/1vq18l9/zomato_and_ownly_price_difference_80_more/p47fza1/,2026-08-17,exact_rss,2026-09-14,consumer_unverified,not exposed by RSS,Then what for Zomato?,yes_truncated_60w,,thread focus: Ownly,0,0,,,,,,0,,0,0,,,,,,,,banter/off-topic; no Ownly-relevant content,ai_first_pass,
RD-1vq18l9-p48akxt,reddit,r/Zomato,comment,RD-1vq18l9,https://www.reddit.com/r/Zomato/comments/1vq18l9/zomato_and_ownly_price_difference_80_more/p48akxt/,2026-08-17,exact_rss,2026-09-14,consumer_unverified,not exposed by RSS,Bro skipped the argument and went straight to nonsense 💀 Get lost! 😠,yes_truncated_60w,,thread focus: Ownly,0,0,,,,,,0,,0,0,,,,,,,,banter/off-topic; no Ownly-relevant content,ai_first_pass,
RD-1vq18l9-p4f9640,reddit,r/Zomato,comment,RD-1vq18l9,https://www.reddit.com/r/Zomato/comments/1vq18l9/zomato_and_ownly_price_difference_80_more/p4f9640/,2026-08-18,exact_rss,2026-09-14,consumer_unverified,not exposed by RSS,Your submission has been removed for breaking rule 1.,yes_truncated_60w,,thread focus: Ownly,0,0,,,,,,0,,0,0,,,,,,,,moderator removal notice,ai_first_pass,
RD-1vq18l9-p47k28x,reddit,r/Zomato,comment,RD-1vq18l9,https://www.reddit.com/r/Zomato/comments/1vq18l9/zomato_and_ownly_price_difference_80_more/p47k28x/,2026-08-17,exact_rss,2026-09-14,consumer_unverified,not exposed by RSS,It isn't available in my city?,yes_truncated_60w,,thread focus: Ownly,1,0,neutral,CITY_AVAILABILITY_QUESTION,CITY_AVAILABILITY_QUESTION,,discovery_onboarding,0,,0,0,,,,,,H9,CONSUMER-GENERATED,,ai_first_pass,
RD-1vq18l9-p48izuo,reddit,r/Zomato,comment,RD-1vq18l9,https://www.reddit.com/r/Zomato/comments/1vq18l9/zomato_and_ownly_price_difference_80_more/p48izuo/,2026-08-17,exact_rss,2026-09-14,consumer_unverified,not exposed by RSS,You all should check out “Toing” by swiggy. It has zero platform fees and all that bs. Just pay the price for your food that’s it. And also the prices are way lower than zomato.,yes_truncated_60w,,thread focus: Ownly,1,0,pos,TOING_VS_OWNLY,TOING_VS_OWNLY,,pricing_checkout,0,,0,0,"recommends Swiggy Toing: zero platform fee, lower than Zomato",,,,,H2,CONSUMER-GENERATED,,ai_first_pass,
RD-1vq18l9-p4d4532,reddit,r/Zomato,comment,RD-1vq18l9,https://www.reddit.com/r/Zomato/comments/1vq18l9/zomato_and_ownly_price_difference_80_more/p4d4532/,2026-08-18,exact_rss,2026-09-14,consumer_unverified,not exposed by RSS,"Everytime I search something on Toing, I check Swiggy as well. Swiggy final price always turns to be cheaper after discount.",yes_truncated_60w,,thread focus: Ownly,1,0,neutral,TOING_VS_OWNLY;INCUMBENT_CHEAPER_AFTER_OFFERS,TOING_VS_OWNLY,,pricing_checkout,0,,0,0,Swiggy final price after discount always cheaper than Toing,,,,,H2,CONSUMER-GENERATED,"First-hand Toing/Swiggy comparison, not Ownly",ai_first_pass,
RD-1vq18l9-p49dpay,reddit,r/Zomato,comment,RD-1vq18l9,https://www.reddit.com/r/Zomato/comments/1vq18l9/zomato_and_ownly_price_difference_80_more/p49dpay/,2026-08-17,exact_rss,2026-09-14,consumer_unverified,not exposed by RSS,But why are there so many negative reviews regarding the ownly’s service on app store?,yes_truncated_60w,,thread focus: Ownly,1,0,neutral,NEGATIVE_REVIEWS_AWARENESS,NEGATIVE_REVIEWS_AWARENESS,,discovery_onboarding,0,,0,0,,,,,notices many negative app-store reviews about Ownly service,H7;H12,CONSUMER-GENERATED,,ai_first_pass,
RD-1vq18l9-p4a5f6l,reddit,r/Zomato,comment,RD-1vq18l9,https://www.reddit.com/r/Zomato/comments/1vq18l9/zomato_and_ownly_price_difference_80_more/p4a5f6l/,2026-08-17,exact_rss,2026-09-14,consumer_unverified,not exposed by RSS,Chaar din ki Chandni....,yes_truncated_60w,,thread focus: Ownly,1,0,neg,FUTURE_FEE_CREEP_EXPECTED,FUTURE_FEE_CREEP_EXPECTED,,NA_business_commentary,0,,0,0,,,,,,H2,CONSUMER-GENERATED,Hindi idiom 'chaar din ki chandni' = short-lived,ai_first_pass,
RD-1vq18l9-p4c42op,reddit,r/Zomato,comment,RD-1vq18l9,https://www.reddit.com/r/Zomato/comments/1vq18l9/zomato_and_ownly_price_difference_80_more/p4c42op/,2026-08-18,exact_rss,2026-09-14,consumer_unverified,not exposed by RSS,i remember back when zomato was new people would compare swiggy and zomato like this back then zomato was sooo much cheaper,yes_truncated_60w,,thread focus: Ownly,1,0,neutral,HISTORICAL_PRICE_CONVERGENCE,HISTORICAL_PRICE_CONVERGENCE,,NA_business_commentary,0,,0,0,,,,,,H2,CONSUMER-GENERATED,Recalls Zomato being much cheaper when new,ai_first_pass,
RD-1vq18l9-p4cbzrc,reddit,r/Zomato,comment,RD-1vq18l9,https://www.reddit.com/r/Zomato/comments/1vq18l9/zomato_and_ownly_price_difference_80_more/p4cbzrc/,2026-08-18,exact_rss,2026-09-14,consumer_unverified,not exposed by RSS,When they launched it there was very less of pricing difference as restuarant started to increase the listing price. But now it's great completely moved to ownly and it so good.,yes_truncated_60w,,thread focus: Ownly,1,1,pos,FULL_SWITCH_TO_OWNLY;PRICE_SAVINGS_OBSERVED,FULL_SWITCH_TO_OWNLY,,pricing_checkout,1,to_ownly: 'completely moved to ownly',0,1,at launch little difference as restaurants raised listing prices; now 'great',,,,,H2;H12,CONSUMER-GENERATED,Only explicit full-switch statement in Reddit batch 1–2,ai_first_pass,
RD-1vq18l9-p4dejfk,reddit,r/Zomato,comment,RD-1vq18l9,https://www.reddit.com/r/Zomato/comments/1vq18l9/zomato_and_ownly_price_difference_80_more/p4dejfk/,2026-08-18,exact_rss,2026-09-14,consumer_unverified,not exposed by RSS,The problem with Zomato as a consumer is the mark up food price listed over there for high commission by Zomato. A item that cost 550 if I dine in or even order directly from the restaurant with rapido but in Zomato it will cost 650 way before adding the delivery charge,yes_truncated_60w,,thread focus: Ownly,1,0,neg,MENU_MARKUP_INCUMBENT;AGGREGATOR_MARKUP_WORKAROUND,MENU_MARKUP_INCUMBENT,,pricing_checkout,0,,0,0,item ₹550 dine-in/direct via Rapido vs ₹650 on Zomato before delivery charge,,,,,H1,CONSUMER-GENERATED,Self-reported offline price — unverified,ai_first_pass,
RD-1vq18l9-p4fdfta,reddit,r/Zomato,comment,RD-1vq18l9,https://www.reddit.com/r/Zomato/comments/1vq18l9/zomato_and_ownly_price_difference_80_more/p4fdfta/,2026-08-18,exact_rss,2026-09-14,consumer_unverified,not exposed by RSS,"Who pays for the support, infrastructure, engineering, customer acquisition and retention?",yes_truncated_60w,,thread focus: Ownly,1,0,neutral,SUSTAINABILITY_SKEPTICISM,SUSTAINABILITY_SKEPTICISM,,NA_business_commentary,0,,0,0,,,,,,H2,CONSUMER-GENERATED,,ai_first_pass,
RD-1vq18l9-p4lnink,reddit,r/Zomato,comment,RD-1vq18l9,https://www.reddit.com/r/Zomato/comments/1vq18l9/zomato_and_ownly_price_difference_80_more/p4lnink/,2026-08-19,exact_rss,2026-09-14,consumer_unverified,not exposed by RSS,It's not zomato fault. It's the restaurant lists the prices zomato takes 15 to 20 percentage cut.,yes_truncated_60w,,thread focus: Ownly,1,0,neutral,RESTAURANT_SETS_PRICES,RESTAURANT_SETS_PRICES,,NA_business_commentary,0,,0,0,,,,,,H1,INTERPRETATION,"Defends Zomato: restaurants list prices, 15–20% cut",ai_first_pass,
RD-1vs9ut4,reddit,r/BangaloreSocial,post,,https://www.reddit.com/r/BangaloreSocial/comments/1vs9ut4/ownly_is_no_different/,2026-08-19,exact_rss,2026-09-14,consumer_unverified,not exposed by RSS,"Ownly is no different! — Ownly branded themselves as a brand with no hidden charges, inflated pricing, price match, etc and they are ending up being another Swiggy and Zomato. This restaurant I frequent charged 40 for 2 idlis at store, I am okay if it is inflated to 50 or 55 but inflating the price to 68 - close …",yes_truncated_60w,,thread focus: Ownly,1,1,neg,MENU_PRICE_INFLATION_ON_OWNLY;SLOGAN_THROWN_BACK;TOING_VS_OWNLY;MARKUP_TOLERANCE_STATED,MENU_PRICE_INFLATION_ON_OWNLY,2,pricing_checkout,0,,0,0,2 idlis ₹40 in store vs ₹68 on Ownly; would accept ₹50–55; A2B lists 2 idlis at ₹55 on Toing,,,,says Ownly's no-inflation / 'price match' branding is broken,H1;H2;H7,CONSUMER-GENERATED,"2026-08-19. Self-reported in-store price (unverified). Stated markup tolerance ≈25–38% over in-store — single user, useful anchor for survey wording",ai_first_pass,
RD-1vs9ut4-p4k7qew,reddit,r/BangaloreSocial,comment,RD-1vs9ut4,https://www.reddit.com/r/BangaloreSocial/comments/1vs9ut4/ownly_is_no_different/p4k7qew/,2026-08-19,exact_rss,2026-09-14,consumer_unverified,not exposed by RSS,"Could it be that the restaurant is maintaining the price in line with what they charge on Swiggy or Zomato to avoid an overhead of keeping different prices on different platforms? Not favouring Rapido, hope they fix it with proper controls. This is their only usp. The app is crap otherwise.",yes_truncated_60w,,thread focus: Ownly,1,0,neutral,RESTAURANT_SETS_PRICES;PRICE_ONLY_USP,RESTAURANT_SETS_PRICES,,NA_business_commentary,0,,0,0,,,,,,H2,INTERPRETATION,'This is their only usp. The app is crap otherwise.',ai_first_pass,
RD-1vs9ut4-p4jp1tw,reddit,r/BangaloreSocial,comment,RD-1vs9ut4,https://www.reddit.com/r/BangaloreSocial/comments/1vs9ut4/ownly_is_no_different/p4jp1tw/,2026-08-19,exact_rss,2026-09-14,consumer_unverified,not exposed by RSS,Have noticed the same.,yes_truncated_60w,,thread focus: Ownly,1,1,neg,MENU_PRICE_INFLATION_ON_OWNLY,MENU_PRICE_INFLATION_ON_OWNLY,,pricing_checkout,0,,0,0,,,,,,H2,CONSUMER-GENERATED,Brief corroboration ('noticed the same') — low information,ai_first_pass,
RD-1vs9ut4-p4k6ozg,reddit,r/BangaloreSocial,comment,RD-1vs9ut4,https://www.reddit.com/r/BangaloreSocial/comments/1vs9ut4/ownly_is_no_different/p4k6ozg/,2026-08-19,exact_rss,2026-09-14,consumer_unverified,not exposed by RSS,same damn thing noticed,yes_truncated_60w,,thread focus: Ownly,1,1,neg,MENU_PRICE_INFLATION_ON_OWNLY,MENU_PRICE_INFLATION_ON_OWNLY,,pricing_checkout,0,,0,0,,,,,,H2,CONSUMER-GENERATED,Brief corroboration ('noticed the same') — low information,ai_first_pass,
RD-1vs9ut4-p4krvlk,reddit,r/BangaloreSocial,comment,RD-1vs9ut4,https://www.reddit.com/r/BangaloreSocial/comments/1vs9ut4/ownly_is_no_different/p4krvlk/,2026-08-19,exact_rss,2026-09-14,consumer_unverified,not exposed by RSS,Yeah I noticed it too!!,yes_truncated_60w,,thread focus: Ownly,1,1,neg,MENU_PRICE_INFLATION_ON_OWNLY,MENU_PRICE_INFLATION_ON_OWNLY,,pricing_checkout,0,,0,0,,,,,,H2,CONSUMER-GENERATED,Brief corroboration ('noticed the same') — low information,ai_first_pass,
RD-1vs9ut4-p4onxs8,reddit,r/BangaloreSocial,comment,RD-1vs9ut4,https://www.reddit.com/r/BangaloreSocial/comments/1vs9ut4/ownly_is_no_different/p4onxs8/,2026-08-19,exact_rss,2026-09-14,consumer_unverified,not exposed by RSS,"Hey neighbour, even i visit sassy south frequently, its better to go there instead of ordering 😅 But good to know ownly is operational in our area last time when i check it was not there",yes_truncated_60w,,thread focus: Ownly,1,0,neutral,SERVICE_AREA_EXPANSION_OBSERVED;OFFLINE_ALTERNATIVE,SERVICE_AREA_EXPANSION_OBSERVED,,discovery_onboarding,0,,0,0,,,,,,H9,CONSUMER-GENERATED,Neighbour notes Ownly newly serves their area; suggests visiting the restaurant instead,ai_first_pass,
RD-1vs9ut4-p4k4ib5,reddit,r/BangaloreSocial,comment,RD-1vs9ut4,https://www.reddit.com/r/BangaloreSocial/comments/1vs9ut4/ownly_is_no_different/p4k4ib5/,2026-08-19,exact_rss,2026-09-14,consumer_unverified,not exposed by RSS,"Maybe not, but how is it different from Swiggy / Zomato in that case? And what’s with the misleading ads? That’s the concern. You’d rather keep flat delivery rates for each km than false advertise that we match restaurant prices.",yes_truncated_60w,,thread focus: Ownly,1,0,neg,MISLEADING_ADVERTISING_CONCERN;TRANSPARENT_DELIVERY_FEE_PREFERENCE,MISLEADING_ADVERTISING_CONCERN,,pricing_checkout,0,,0,0,prefers flat per-km delivery rates over claiming restaurant price match,,,,,H2;H7;H8,CONSUMER-GENERATED,,ai_first_pass,
RD-1vs9ut4-p4kl9av,reddit,r/BangaloreSocial,comment,RD-1vs9ut4,https://www.reddit.com/r/BangaloreSocial/comments/1vs9ut4/ownly_is_no_different/p4kl9av/,2026-08-19,exact_rss,2026-09-14,consumer_unverified,not exposed by RSS,Then charge more delivery fees. Why inflate item charges and lie? Now you are paying 95 + 15(delivery) = 110 total For a 57 rs dish. That means 53 rs extra. Let’s assume 15 rs from this go to delivery guys then 38rs are going in the wrong hands. They should have gone to the delivery guy. And if you …,yes_truncated_60w,,thread focus: Ownly,1,1,neg,MENU_PRICE_INFLATION_ON_OWNLY;TRANSPARENT_DELIVERY_FEE_PREFERENCE;RIDER_EARNINGS_CONCERN,MENU_PRICE_INFLATION_ON_OWNLY,,pricing_checkout,0,,0,0,worked example: '95 + 15(delivery) = 110 total For a 57 rs dish',,,,,H2;H8,CONSUMER-GENERATED,Implies a ₹15 delivery fee on this order (Aug 2026) — conflicts with 'free' and '₹30 flat' reports; unverified,ai_first_pass,
RD-1vs9ut4-p4kuk6x,reddit,r/BangaloreSocial,comment,RD-1vs9ut4,https://www.reddit.com/r/BangaloreSocial/comments/1vs9ut4/ownly_is_no_different/p4kuk6x/,2026-08-19,exact_rss,2026-09-14,consumer_unverified,not exposed by RSS,Who’s talking about Pizza Bakery?,yes_truncated_60w,,thread focus: Ownly,0,0,,,,,,0,,0,0,,,,,,,,banter/off-topic; no Ownly-relevant content,ai_first_pass,
RD-1vs9ut4-p4kvnxv,reddit,r/BangaloreSocial,comment,RD-1vs9ut4,https://www.reddit.com/r/BangaloreSocial/comments/1vs9ut4/ownly_is_no_different/p4kvnxv/,2026-08-19,exact_rss,2026-09-14,consumer_unverified,not exposed by RSS,"Let the other overheads go up. That’s what we want. Transparency. Not hiding the platform prices behind the restaurants food price. On one hand platform fee, delivery fee and packaging fee is charged and on the other hand restaurant commission is also hidden behind the food item price. That’s the hidden charge which is what Ownly claimed to remove.",yes_truncated_60w,,thread focus: Ownly,1,0,neg,HIDDEN_COMMISSION_IN_MENU_PRICE;TRANSPARENT_DELIVERY_FEE_PREFERENCE;SLOGAN_THROWN_BACK,HIDDEN_COMMISSION_IN_MENU_PRICE,,pricing_checkout,0,,0,0,wants platform costs shown as fees rather than hidden in food price — 'That's the hidden charge which is what Ownly claimed to remove',,,,,H1;H2,CONSUMER-GENERATED,,ai_first_pass,
RD-1vs9ut4-p4ll7gi,reddit,r/BangaloreSocial,comment,RD-1vs9ut4,https://www.reddit.com/r/BangaloreSocial/comments/1vs9ut4/ownly_is_no_different/p4ll7gi/,2026-08-19,exact_rss,2026-09-14,consumer_unverified,not exposed by RSS,Agreed but it is still not “price match”. It’s 50 rupees. Packaging charge is different. Should not be added to the product cost. Also GST was charged separately. I am okay to buy 2 idlis for 75 rupees also and 68 is far cheaper than few other restaurants but my concern here is promoting the app with “price match” guarantee.,yes_truncated_60w,,thread focus: Ownly,1,1,neutral,PRICE_MATCH_CLAIM_VIOLATED;MARKUP_TOLERANCE_STATED,PRICE_MATCH_CLAIM_VIOLATED,,pricing_checkout,0,,0,0,would pay ₹75 for 2 idlis; ₹68 'far cheaper than few other restaurants'; objects to 'price match' promotion; packaging folded into item price; GST separate,,,,,H2;H7,CONSUMER-GENERATED,[SAME_INCIDENT:RD-1vs9ut4] ,ai_first_pass,
RD-1vs9ut4-p4luwns,reddit,r/BangaloreSocial,comment,RD-1vs9ut4,https://www.reddit.com/r/BangaloreSocial/comments/1vs9ut4/ownly_is_no_different/p4luwns/,2026-08-19,exact_rss,2026-09-14,consumer_unverified,not exposed by RSS,That is not the point.,yes_truncated_60w,,thread focus: Ownly,0,0,,,,,,0,,0,0,,,,,,,,banter/off-topic; no Ownly-relevant content,ai_first_pass,
RD-1vs9ut4-p4qrquq,reddit,r/BangaloreSocial,comment,RD-1vs9ut4,https://www.reddit.com/r/BangaloreSocial/comments/1vs9ut4/ownly_is_no_different/p4qrquq/,2026-08-20,exact_rss,2026-09-14,consumer_unverified,not exposed by RSS,"Rapido should just feed you food with their own hands atp. How to will they pay packaging and rider fees at menu prices. If I pay you to drive 4,5 km and 40 mins time for 30 rs will you do it.",yes_truncated_60w,,thread focus: Ownly,1,0,neutral,RIDER_EARNINGS_CONCERN;SUSTAINABILITY_SKEPTICISM,RIDER_EARNINGS_CONCERN,,NA_business_commentary,0,,0,0,,,,,,H8;H9,CONSUMER-GENERATED,Questions ₹30 for 4–5 km / 40 min,ai_first_pass,
RD-1vs9ut4-p4rh94j,reddit,r/BangaloreSocial,comment,RD-1vs9ut4,https://www.reddit.com/r/BangaloreSocial/comments/1vs9ut4/ownly_is_no_different/p4rh94j/,2026-08-20,exact_rss,2026-09-14,consumer_unverified,not exposed by RSS,"Absolutely not but you seem to miss the point - it is about misleading advertisements. Again, I repeat - you can charge a reasonable amount for packing and delivery but they should not be added to the product cost.",yes_truncated_60w,,thread focus: Ownly,1,1,neutral,MISLEADING_ADVERTISING_CONCERN;TRANSPARENT_DELIVERY_FEE_PREFERENCE,MISLEADING_ADVERTISING_CONCERN,,NA_business_commentary,0,,0,0,,,,,,H7;H8,CONSUMER-GENERATED,[SAME_INCIDENT:RD-1vs9ut4] 'charge a reasonable amount for packing and delivery but they should not be added to the product cost',ai_first_pass,
RD-1vs9ut4-p4s1lnl,reddit,r/BangaloreSocial,comment,RD-1vs9ut4,https://www.reddit.com/r/BangaloreSocial/comments/1vs9ut4/ownly_is_no_different/p4s1lnl/,2026-08-20,exact_rss,2026-09-14,consumer_unverified,not exposed by RSS,"How can any app be any differemt? Anything and everything has a cost associated with it. If you go to that restaurant, then you will add petrol cost, cost of time and stress in traffic to cost of what you eat as total expense. Same way apps has their own cost of running + their own charge to gice you …",yes_truncated_60w,,thread focus: Ownly,1,0,neutral,COST_OF_CONVENIENCE_ACCEPTED,COST_OF_CONVENIENCE_ACCEPTED,,NA_business_commentary,0,,0,0,,,,,,H1,CONSUMER-GENERATED,Compares app costs with petrol/time of going out,ai_first_pass,
RD-1vs9ut4-p4t7kxq,reddit,r/BangaloreSocial,comment,RD-1vs9ut4,https://www.reddit.com/r/BangaloreSocial/comments/1vs9ut4/ownly_is_no_different/p4t7kxq/,2026-08-20,exact_rss,2026-09-14,consumer_unverified,not exposed by RSS,So be transparent about it.,yes_truncated_60w,,thread focus: Ownly,1,0,neutral,TRANSPARENT_DELIVERY_FEE_PREFERENCE,TRANSPARENT_DELIVERY_FEE_PREFERENCE,,NA_business_commentary,0,,0,0,,,,,,H2,CONSUMER-GENERATED,,ai_first_pass,
RD-1vs9ut4-p4t8cid,reddit,r/BangaloreSocial,comment,RD-1vs9ut4,https://www.reddit.com/r/BangaloreSocial/comments/1vs9ut4/ownly_is_no_different/p4t8cid/,2026-08-20,exact_rss,2026-09-14,consumer_unverified,not exposed by RSS,"I dont think we Indians like that. We in general are more drawn to a product of inr 1000 with 20% off then a product with straight 800 written as mrp. Further these apps charge from restaurants as well, and restaurants transfer these costs to customer in this way. May be, It is more on restaurants who are not being …",yes_truncated_60w,,thread focus: Ownly,1,0,neutral,ANCHORING_DISCOUNT_PREFERENCE;RESTAURANT_SETS_PRICES,ANCHORING_DISCOUNT_PREFERENCE,,NA_business_commentary,0,,0,0,,,,,,H2,INTERPRETATION,Claims Indian buyers prefer '₹1000 with 20% off' over a straight ₹800 — a discount-framing hypothesis worth testing in the bill-comparison experiment,ai_first_pass,
RD-1vs9ut4-p5est5i,reddit,r/BangaloreSocial,comment,RD-1vs9ut4,https://www.reddit.com/r/BangaloreSocial/comments/1vs9ut4/ownly_is_no_different/p5est5i/,2026-08-23,exact_rss,2026-09-14,consumer_unverified,not exposed by RSS,ownly is different as they dont take commissions per order like zomato/swiggy. they take a flat subscription fee(monthly i think),yes_truncated_60w,,thread focus: Ownly,1,0,neutral,FEE_MODEL_DESCRIPTION,FEE_MODEL_DESCRIPTION,,NA_business_commentary,0,,0,0,,,,,,H8,INTERPRETATION,Flat monthly restaurant subscription (belief),ai_first_pass,
RD-1vs9ut4-p5et377,reddit,r/BangaloreSocial,comment,RD-1vs9ut4,https://www.reddit.com/r/BangaloreSocial/comments/1vs9ut4/ownly_is_no_different/p5et377/,2026-08-23,exact_rss,2026-09-14,consumer_unverified,not exposed by RSS,also no platform fee/ packing charge/ delivery fee,yes_truncated_60w,,thread focus: Ownly,1,0,neutral,FREE_DELIVERY_PERCEPTION;NO_HIDDEN_FEES_POSITIVE,FREE_DELIVERY_PERCEPTION,,pricing_checkout,0,,0,0,,,,,,H8,CONSUMER-GENERATED,'no platform fee/ packing charge/ delivery fee' — conflicts with p4kl9av's ₹15 delivery,ai_first_pass,
RD-1vs9ut4-p75exe7,reddit,r/BangaloreSocial,comment,RD-1vs9ut4,https://www.reddit.com/r/BangaloreSocial/comments/1vs9ut4/ownly_is_no_different/p75exe7/,2026-09-01,exact_rss,2026-09-14,consumer_unverified,not exposed by RSS,It's a really shitty service! There have been cases where the agent marked my order as delivered but I didn't get it. And customer support is horrible! this is why apps like this can't compete with big players.. they hire bad support & agents At this point am willing to pay extra if I can get faster resolution,yes_truncated_60w,,thread focus: Ownly,1,1,neg,WTP_FOR_RELIABILITY;NON_DELIVERY;SUPPORT_UNRESPONSIVE,WTP_FOR_RELIABILITY,4,post_order_support_refund,1,away_from_ownly: 'willing to pay extra if I can get faster resolution',0,0,,,,'customer support is horrible',,H4;H8;H12,CONSUMER-GENERATED,"[SAME_INCIDENT:RD-1vw5429-p75fa7u] same minute, same complaint in another thread; kept for the added WTP statement, counted once",ai_first_pass,
RD-1vspuva,reddit,r/BangaloreSocial,post,,https://www.reddit.com/r/BangaloreSocial/comments/1vspuva/ownly_doesnt_have_proper_customer_support/,2026-08-19,exact_rss,2026-09-14,consumer_unverified,not exposed by RSS,"Ownly doesn't have proper customer support — Ordered at 7:44, initial delivery estimate was 1 hour. They assigned 1 delivery guy but he never went to restaurant and was moving in different direction. I contacted support and got a response after almost 20 minutes and that support executive also left abruptly without any help. It's been more than 1 hour …",yes_truncated_60w,,thread focus: Ownly,1,1,neg,RIDER_COORDINATION_FAILURE;SUPPORT_SLOW;SUPPORT_UNRESPONSIVE;LATE_DELIVERY,RIDER_COORDINATION_FAILURE,3,dispatch_eta,0,,0,0,,initial ETA already 1 hour; rider never went to restaurant; >1 h elapsed,,~20 min to first response; agent left without helping,,H3;H4;H12,CONSUMER-GENERATED,2026-08-19 7:44 pm order; post has an 'Update' that RSS truncates — final outcome unknown,ai_first_pass,
RD-1vspuva-p4ooll8,reddit,r/BangaloreSocial,comment,RD-1vspuva,https://www.reddit.com/r/BangaloreSocial/comments/1vspuva/ownly_doesnt_have_proper_customer_support/p4ooll8/,2026-08-19,exact_rss,2026-09-14,consumer_unverified,not exposed by RSS,"I have had multiple such experiences with ownly, and it happens only when you order late at night. The delivery guy goes to the restaurant, marks the order picked up and takes off with your order. I have waited over an hour for the AI bot to simply assign me an agent. The customer service is pathetic they conveniently take …",yes_truncated_60w,,thread focus: Ownly,1,1,neg,LATE_NIGHT_RELIABILITY_RISK;RIDER_CONDUCT;SUPPORT_SLOW,LATE_NIGHT_RELIABILITY_RISK,3,delivery_handoff,0,,0,1,,,,waited >1 h for bot to assign an agent; ~20 min per reply,rider marks picked up and 'takes off with your order',H3;H4;H12,CONSUMER-GENERATED,Says it happens 'only when you order late at night' — time-of-day reliability pattern (single user),ai_first_pass,
RD-1vspuva-p4rcb95,reddit,r/BangaloreSocial,comment,RD-1vspuva,https://www.reddit.com/r/BangaloreSocial/comments/1vspuva/ownly_doesnt_have_proper_customer_support/p4rcb95/,2026-08-20,exact_rss,2026-09-14,consumer_unverified,not exposed by RSS,"They have a shit support. Ordered once and the experience was horrible than Zomato and Swiggy. For the first time, I went ahead with deleting my account.",yes_truncated_60w,,thread focus: Ownly,1,1,neg,SUPPORT_UNRESPONSIVE;INCUMBENT_BETTER_EXPERIENCE,SUPPORT_UNRESPONSIVE,3,NA_business_commentary,1,"away_from_ownly: one order, worse than Zomato/Swiggy; deleted account ('for the first time')",1,0,,,,,,H4;H12,CONSUMER-GENERATED,,ai_first_pass,
RD-1vspuva-p4spy3n,reddit,r/BangaloreSocial,comment,RD-1vspuva,https://www.reddit.com/r/BangaloreSocial/comments/1vspuva/ownly_doesnt_have_proper_customer_support/p4spy3n/,2026-08-20,exact_rss,2026-09-14,consumer_unverified,not exposed by RSS,If something goes south you are on your own on Ownly,yes_truncated_60w,,thread focus: Ownly,1,0,neg,SUPPORT_UNRESPONSIVE,SUPPORT_UNRESPONSIVE,,post_order_support_refund,0,,0,0,,,,'If something goes south you are on your own on Ownly',,H4,CONSUMER-GENERATED,,ai_first_pass,
RD-1vu5s4x,reddit,r/swiggy,post,,https://www.reddit.com/r/swiggy/comments/1vu5s4x/finally_moved_away_from_swiggy/,2026-08-21,exact_rss,2026-09-14,consumer_unverified,not exposed by RSS,Finally moved away from Swiggy — Checkout the difference between the same orders placed on Ownly and Swiggy. This is crazy. Even with the Swiggy Card discount + Swiggy One it still is off by ~120-150 rupees. Time to save money guys. Time to quit Zwigato now!,yes_truncated_60w,,thread focus: Ownly,1,1,pos,USER_BILL_COMPARISON;PRICE_SAVINGS_OBSERVED;FULL_SWITCH_TO_OWNLY;SUBSCRIPTION_NOT_ENOUGH,USER_BILL_COMPARISON,,pricing_checkout,1,to_ownly: 'Finally moved away from Swiggy',0,0,'Even with the Swiggy Card discount + Swiggy One it still is off by ~120-150 rupees',,,,,H2;H12,CONSUMER-GENERATED,2026-08-21; screenshots not retrievable,ai_first_pass,
RD-1vu5s4x-p4ymflh,reddit,r/swiggy,comment,RD-1vu5s4x,https://www.reddit.com/r/swiggy/comments/1vu5s4x/finally_moved_away_from_swiggy/p4ymflh/,2026-08-21,exact_rss,2026-09-14,consumer_unverified,not exposed by RSS,"Thank you for your post, u/[redacted] ! It is currently under review and will be public after quality check. You can help in the process. We are looking for moderators. If you hang in this sub a lot and feel a sense of community here; maybe you would like to be a mod? If your account is more than 6 …",yes_truncated_60w,,thread focus: Ownly,0,0,,,,,,0,,0,0,,,,,,,,automoderator,ai_first_pass,
RD-1vu5s4x-p4zcoce,reddit,r/swiggy,comment,RD-1vu5s4x,https://www.reddit.com/r/swiggy/comments/1vu5s4x/finally_moved_away_from_swiggy/p4zcoce/,2026-08-21,exact_rss,2026-09-14,consumer_unverified,not exposed by RSS,"After getting market , they will charge same as the Swiggy and zomato. Because their commission keeps them running , can't run for long without it.",yes_truncated_60w,,thread focus: Ownly,1,0,neg,FUTURE_FEE_CREEP_EXPECTED,FUTURE_FEE_CREEP_EXPECTED,,NA_business_commentary,0,,0,0,,,,,,H2,CONSUMER-GENERATED,,ai_first_pass,
RD-1vu5s4x-p4zgxnr,reddit,r/swiggy,comment,RD-1vu5s4x,https://www.reddit.com/r/swiggy/comments/1vu5s4x/finally_moved_away_from_swiggy/p4zgxnr/,2026-08-21,exact_rss,2026-09-14,consumer_unverified,not exposed by RSS,Yes. Ofc. That would be the time to switch to a new thing.,yes_truncated_60w,,thread focus: Ownly,1,0,neutral,LOW_PLATFORM_LOYALTY,LOW_PLATFORM_LOYALTY,,NA_business_commentary,0,,0,0,,,,,,H12,CONSUMER-GENERATED,Will switch again when Ownly raises prices,ai_first_pass,
RD-1vu5s4x-p52p0z4,reddit,r/swiggy,comment,RD-1vu5s4x,https://www.reddit.com/r/swiggy/comments/1vu5s4x/finally_moved_away_from_swiggy/p52p0z4/,2026-08-21,exact_rss,2026-09-14,consumer_unverified,not exposed by RSS,"In our area, already most shops have same price between Swiggy and Ownly.",yes_truncated_60w,,thread focus: Ownly,1,1,neg,PRICE_PARITY_OBSERVED;LOCATION_DEPENDENT_PRICING,PRICE_PARITY_OBSERVED,,pricing_checkout,0,,0,0,"'In our area, already most shops have same price between Swiggy and Ownly'",,,,,H2,CONSUMER-GENERATED,,ai_first_pass,
RD-1vu5s4x-p599njy,reddit,r/swiggy,comment,RD-1vu5s4x,https://www.reddit.com/r/swiggy/comments/1vu5s4x/finally_moved_away_from_swiggy/p599njy/,2026-08-22,exact_rss,2026-09-14,consumer_unverified,not exposed by RSS,"Ownly is by Rapido, rapido seems to do ok without excessive charges still. Some like Swiggy, zomato etc, always take the decision to kill the goose laying golden eggs. They can make decent profits for a long time, but instead choose to extort unreasonable profits to lose and shutdown in a few years.",yes_truncated_60w,,thread focus: Ownly,1,0,pos,RAPIDO_BRAND_POSITIVE_SPILLOVER,RAPIDO_BRAND_POSITIVE_SPILLOVER,,NA_business_commentary,0,,0,0,,,,,'rapido seems to do ok without excessive charges',H7,CONSUMER-GENERATED,,ai_first_pass,
RD-1vu5s4x-p59d8y8,reddit,r/swiggy,comment,RD-1vu5s4x,https://www.reddit.com/r/swiggy/comments/1vu5s4x/finally_moved_away_from_swiggy/p59d8y8/,2026-08-22,exact_rss,2026-09-14,consumer_unverified,not exposed by RSS,Bike taxis will be banned by all states in future and it need to incentives and other fair pay to gig workers. Can't pay them without commission.,yes_truncated_60w,,thread focus: Ownly,1,0,neutral,REGULATORY_RISK_BIKE_TAXI,REGULATORY_RISK_BIKE_TAXI,,NA_business_commentary,0,,0,0,,,,,,H9,CONSUMER-GENERATED,Bike-taxi bans / gig-worker pay as risk to rider supply,ai_first_pass,
RD-1vu5s4x-p59e7rt,reddit,r/swiggy,comment,RD-1vu5s4x,https://www.reddit.com/r/swiggy/comments/1vu5s4x/finally_moved_away_from_swiggy/p59e7rt/,2026-08-22,exact_rss,2026-09-14,consumer_unverified,not exposed by RSS,"They also provide cabs and autos. I have not heard any updated news about banning bike taxis recently , also not sure how it connects here.",yes_truncated_60w,,thread focus: Ownly,0,0,,,,,,0,,0,0,,,,,,,,"side debate (bike-taxi bans, dosa/curry, Toing ownership correction) / banter",ai_first_pass,
RD-1vu5s4x-p5aaqp0,reddit,r/swiggy,comment,RD-1vu5s4x,https://www.reddit.com/r/swiggy/comments/1vu5s4x/finally_moved_away_from_swiggy/p5aaqp0/,2026-08-22,exact_rss,2026-09-14,consumer_unverified,not exposed by RSS,No they won't be,yes_truncated_60w,,thread focus: Ownly,0,0,,,,,,0,,0,0,,,,,,,,"side debate (bike-taxi bans, dosa/curry, Toing ownership correction) / banter",ai_first_pass,
RD-1vu5s4x-p5rt5cs,reddit,r/swiggy,comment,RD-1vu5s4x,https://www.reddit.com/r/swiggy/comments/1vu5s4x/finally_moved_away_from_swiggy/p5rt5cs/,2026-08-25,exact_rss,2026-09-14,consumer_unverified,not exposed by RSS,More prone to deadly Accidents,yes_truncated_60w,,thread focus: Ownly,0,0,,,,,,0,,0,0,,,,,,,,"side debate (bike-taxi bans, dosa/curry, Toing ownership correction) / banter",ai_first_pass,
RD-1vu5s4x-p5rnqx2,reddit,r/swiggy,comment,RD-1vu5s4x,https://www.reddit.com/r/swiggy/comments/1vu5s4x/finally_moved_away_from_swiggy/p5rnqx2/,2026-08-25,exact_rss,2026-09-14,consumer_unverified,not exposed by RSS,"Just keep switching, don't be sticky and some new startup will keep coming to remove stupid fees for 18 months. Repeat the cycle.",yes_truncated_60w,,thread focus: Ownly,1,0,neutral,LOW_PLATFORM_LOYALTY,LOW_PLATFORM_LOYALTY,,NA_business_commentary,0,,0,0,,,,,,H12,CONSUMER-GENERATED,'Just keep switching… some new startup will keep coming to remove stupid fees for 18 months',ai_first_pass,
RD-1vu5s4x-p5vhb5w,reddit,r/swiggy,comment,RD-1vu5s4x,https://www.reddit.com/r/swiggy/comments/1vu5s4x/finally_moved_away_from_swiggy/p5vhb5w/,2026-08-25,exact_rss,2026-09-14,consumer_unverified,not exposed by RSS,Depressingly accurate prediction but delivered with the energy of someone who's been burned too many times,yes_truncated_60w,,thread focus: Ownly,0,0,,,,,,0,,0,0,,,,,,,,"side debate (bike-taxi bans, dosa/curry, Toing ownership correction) / banter",ai_first_pass,
RD-1vu5s4x-p62k7j9,reddit,r/swiggy,comment,RD-1vu5s4x,https://www.reddit.com/r/swiggy/comments/1vu5s4x/finally_moved_away_from_swiggy/p62k7j9/,2026-08-26,exact_rss,2026-09-14,consumer_unverified,not exposed by RSS,No their whole model is to pay just for food and delivery. They put up the actual menu prices on the app. I m not sure but their revenue comes from the subscriptions the riders make.,yes_truncated_60w,,thread focus: Ownly,1,0,neutral,FEE_MODEL_DESCRIPTION,FEE_MODEL_DESCRIPTION,,NA_business_commentary,0,,0,0,,,,,,H8,INTERPRETATION,,ai_first_pass,
RD-1vu5s4x-p4zcdy4,reddit,r/swiggy,comment,RD-1vu5s4x,https://www.reddit.com/r/swiggy/comments/1vu5s4x/finally_moved_away_from_swiggy/p4zcdy4/,2026-08-21,exact_rss,2026-09-14,consumer_unverified,not exposed by RSS,How much does ownly subscription cost?,yes_truncated_60w,,thread focus: Ownly,1,0,neutral,OWNLY_SUBSCRIPTION_QUESTION,OWNLY_SUBSCRIPTION_QUESTION,,NA_business_commentary,0,,0,0,,,,,,H8,CONSUMER-GENERATED,,ai_first_pass,
RD-1vu5s4x-p4zgv23,reddit,r/swiggy,comment,RD-1vu5s4x,https://www.reddit.com/r/swiggy/comments/1vu5s4x/finally_moved_away_from_swiggy/p4zgv23/,2026-08-21,exact_rss,2026-09-14,consumer_unverified,not exposed by RSS,I don’t think Ownly has a subscription as of yet. Ofc it must be on their cards once they have enough market. I just downloaded the app and started using.,yes_truncated_60w,,thread focus: Ownly,1,1,neutral,NO_OWNLY_SUBSCRIPTION,NO_OWNLY_SUBSCRIPTION,,NA_business_commentary,0,,0,0,,,,,,H8,CONSUMER-GENERATED,New user (Aug 2026): no Ownly subscription exists,ai_first_pass,
RD-1vu5s4x-p56mt6x,reddit,r/swiggy,comment,RD-1vu5s4x,https://www.reddit.com/r/swiggy/comments/1vu5s4x/finally_moved_away_from_swiggy/p56mt6x/,2026-08-22,exact_rss,2026-09-14,consumer_unverified,not exposed by RSS,No subscription is there,yes_truncated_60w,,thread focus: Ownly,1,0,neutral,NO_OWNLY_SUBSCRIPTION,NO_OWNLY_SUBSCRIPTION,,NA_business_commentary,0,,0,0,,,,,,H8,CONSUMER-GENERATED,,ai_first_pass,
RD-1vu5s4x-p66sylu,reddit,r/swiggy,comment,RD-1vu5s4x,https://www.reddit.com/r/swiggy/comments/1vu5s4x/finally_moved_away_from_swiggy/p66sylu/,2026-08-27,exact_rss,2026-09-14,consumer_unverified,not exposed by RSS,"Interesting. That makes me think - instead of fees on each order, they could do a subscription model. Rs. 200/mo. That will be more sustainable both for consumers and for the company.",yes_truncated_60w,,thread focus: Ownly,1,0,neutral,SUBSCRIPTION_ACCEPTABLE,SUBSCRIPTION_ACCEPTABLE,,NA_business_commentary,0,,0,0,suggests ₹200/month subscription instead of per-order fees,,,,,H8,CONSUMER-GENERATED,Single suggested WTP anchor for a subscription,ai_first_pass,
RD-1vu5s4x-p4zhy2t,reddit,r/swiggy,comment,RD-1vu5s4x,https://www.reddit.com/r/swiggy/comments/1vu5s4x/finally_moved_away_from_swiggy/p4zhy2t/,2026-08-21,exact_rss,2026-09-14,consumer_unverified,not exposed by RSS,Toing and ownly both pretty similar,yes_truncated_60w,,thread focus: Ownly,1,0,neutral,TOING_VS_OWNLY,TOING_VS_OWNLY,,NA_business_commentary,0,,0,0,,,,,,H2,CONSUMER-GENERATED,Toing and Ownly UI/prices similar; Toing owned by Swiggy,ai_first_pass,
RD-1vu5s4x-p56qlri,reddit,r/swiggy,comment,RD-1vu5s4x,https://www.reddit.com/r/swiggy/comments/1vu5s4x/finally_moved_away_from_swiggy/p56qlri/,2026-08-22,exact_rss,2026-09-14,consumer_unverified,not exposed by RSS,Toing is owned by Swiggy though.,yes_truncated_60w,,thread focus: Ownly,1,0,neutral,TOING_VS_OWNLY,TOING_VS_OWNLY,,NA_business_commentary,0,,0,0,,,,,,H2,CONSUMER-GENERATED,Toing and Ownly UI/prices similar; Toing owned by Swiggy,ai_first_pass,
RD-1vu5s4x-p57cjho,reddit,r/swiggy,comment,RD-1vu5s4x,https://www.reddit.com/r/swiggy/comments/1vu5s4x/finally_moved_away_from_swiggy/p57cjho/,2026-08-22,exact_rss,2026-09-14,consumer_unverified,not exposed by RSS,"Yea im aware , was js saying the ui of both the apps and the prices are quite similar",yes_truncated_60w,,thread focus: Ownly,1,0,neutral,TOING_VS_OWNLY,TOING_VS_OWNLY,,NA_business_commentary,0,,0,0,,,,,,H2,CONSUMER-GENERATED,Toing and Ownly UI/prices similar; Toing owned by Swiggy,ai_first_pass,
RD-1vu5s4x-p4zetnp,reddit,r/swiggy,comment,RD-1vu5s4x,https://www.reddit.com/r/swiggy/comments/1vu5s4x/finally_moved_away_from_swiggy/p4zetnp/,2026-08-21,exact_rss,2026-09-14,consumer_unverified,not exposed by RSS,in which city ownly is available?,yes_truncated_60w,,thread focus: Ownly,1,0,neutral,CITY_AVAILABILITY_QUESTION,CITY_AVAILABILITY_QUESTION,,discovery_onboarding,0,,0,0,,,,,,H9,CONSUMER-GENERATED,,ai_first_pass,
RD-1vu5s4x-p4zip4j,reddit,r/swiggy,comment,RD-1vu5s4x,https://www.reddit.com/r/swiggy/comments/1vu5s4x/finally_moved_away_from_swiggy/p4zip4j/,2026-08-21,exact_rss,2026-09-14,consumer_unverified,not exposed by RSS,"Ya ,just downloaded app and checked, it's not available in my city",yes_truncated_60w,,thread focus: Ownly,1,0,neutral,CITY_AVAILABILITY_QUESTION,CITY_AVAILABILITY_QUESTION,,discovery_onboarding,0,,0,0,,,,,,H9,CONSUMER-GENERATED,,ai_first_pass,
RD-1vu5s4x-p50f6sz,reddit,r/swiggy,comment,RD-1vu5s4x,https://www.reddit.com/r/swiggy/comments/1vu5s4x/finally_moved_away_from_swiggy/p50f6sz/,2026-08-21,exact_rss,2026-09-14,consumer_unverified,not exposed by RSS,It is as of now available only in Bengaluru and not anywhere else.,yes_truncated_60w,Bengaluru,thread focus: Ownly,1,0,neutral,CITY_AVAILABILITY_QUESTION,CITY_AVAILABILITY_QUESTION,,discovery_onboarding,0,,0,0,,,,,,H9,CONSUMER-GENERATED,,ai_first_pass,
RD-1vu5s4x-p55t75p,reddit,r/swiggy,comment,RD-1vu5s4x,https://www.reddit.com/r/swiggy/comments/1vu5s4x/finally_moved_away_from_swiggy/p55t75p/,2026-08-22,exact_rss,2026-09-14,consumer_unverified,not exposed by RSS,"Wait a few months and the "" we are not those guys"" will change to ""yes we all the same""",yes_truncated_60w,,thread focus: Ownly,1,0,neg,FUTURE_FEE_CREEP_EXPECTED,FUTURE_FEE_CREEP_EXPECTED,,NA_business_commentary,0,,0,0,,,,,,H2,CONSUMER-GENERATED,,ai_first_pass,
RD-1vu5s4x-p4zlg8f,reddit,r/swiggy,comment,RD-1vu5s4x,https://www.reddit.com/r/swiggy/comments/1vu5s4x/finally_moved_away_from_swiggy/p4zlg8f/,2026-08-21,exact_rss,2026-09-14,consumer_unverified,not exposed by RSS,I recently ordered from ownly I cross check rates with zomato after discount zomato was .41 cheaper then ownly,yes_truncated_60w,,thread focus: Ownly,1,1,neutral,PRICE_PARITY_OBSERVED;INCUMBENT_CHEAPER_AFTER_OFFERS,PRICE_PARITY_OBSERVED,,pricing_checkout,0,,0,0,after discount Zomato was ₹0.41 cheaper than Ownly — effectively parity,,,,,H2,CONSUMER-GENERATED,,ai_first_pass,
RD-1vu5s4x-p5eu5j6,reddit,r/swiggy,comment,RD-1vu5s4x,https://www.reddit.com/r/swiggy/comments/1vu5s4x/finally_moved_away_from_swiggy/p5eu5j6/,2026-08-23,exact_rss,2026-09-14,consumer_unverified,not exposed by RSS,They will change too. Let's just use it until then.,yes_truncated_60w,,thread focus: Ownly,1,0,pos,SWITCH_DESPITE_TEMPORARY_PRICING,SWITCH_DESPITE_TEMPORARY_PRICING,,NA_business_commentary,0,,0,0,,,,,,H12,CONSUMER-GENERATED,,ai_first_pass,
RD-1vu5s4x-p5j6tvy,reddit,r/swiggy,comment,RD-1vu5s4x,https://www.reddit.com/r/swiggy/comments/1vu5s4x/finally_moved_away_from_swiggy/p5j6tvy/,2026-08-24,exact_rss,2026-09-14,consumer_unverified,not exposed by RSS,Can’t wait for it to come to Hyderabad. Tired of zomato monopoly,yes_truncated_60w,Hyderabad,thread focus: Ownly,1,0,pos,HYDERABAD_DEMAND_SIGNAL;INCUMBENT_FATIGUE,HYDERABAD_DEMAND_SIGNAL,,discovery_onboarding,0,,0,0,,,,,,H1;H9,CONSUMER-GENERATED,2026-08-24: 'Can't wait for it to come to Hyderabad. Tired of zomato monopoly' — only Hyderabad consumer-demand item found,ai_first_pass,
RD-1vu5s4x-p68mmmf,reddit,r/swiggy,comment,RD-1vu5s4x,https://www.reddit.com/r/swiggy/comments/1vu5s4x/finally_moved_away_from_swiggy/p68mmmf/,2026-08-27,exact_rss,2026-09-14,consumer_unverified,not exposed by RSS,Everyone starts clean.. like an innocent new born!,yes_truncated_60w,,thread focus: Ownly,1,0,neg,FUTURE_FEE_CREEP_EXPECTED,FUTURE_FEE_CREEP_EXPECTED,,NA_business_commentary,0,,0,0,,,,,,H2,CONSUMER-GENERATED,,ai_first_pass,
RD-1vu5s4x-p4zjvh9,reddit,r/swiggy,comment,RD-1vu5s4x,https://www.reddit.com/r/swiggy/comments/1vu5s4x/finally_moved_away_from_swiggy/p4zjvh9/,2026-08-21,exact_rss,2026-09-14,consumer_unverified,not exposed by RSS,"Very good, everyone needs to come together and finish this open fraud swiggy who is openly looting customer and fooling entire India",yes_truncated_60w,,thread focus: Ownly,1,0,neg,INCUMBENT_DISTRUST,INCUMBENT_DISTRUST,,NA_business_commentary,0,,0,0,,,,,,H1,CONSUMER-GENERATED,,ai_first_pass,
RD-1vu5s4x-p503hbv,reddit,r/swiggy,comment,RD-1vu5s4x,https://www.reddit.com/r/swiggy/comments/1vu5s4x/finally_moved_away_from_swiggy/p503hbv/,2026-08-21,exact_rss,2026-09-14,consumer_unverified,not exposed by RSS,What loot?? You are buying something of your own volition. You have a choice not to...,yes_truncated_60w,,thread focus: Ownly,1,0,neutral,COST_OF_CONVENIENCE_ACCEPTED,COST_OF_CONVENIENCE_ACCEPTED,,NA_business_commentary,0,,0,0,,,,,,H1,CONSUMER-GENERATED,,ai_first_pass,
RD-1vu5s4x-p56v4n0,reddit,r/swiggy,comment,RD-1vu5s4x,https://www.reddit.com/r/swiggy/comments/1vu5s4x/finally_moved_away_from_swiggy/p56v4n0/,2026-08-22,exact_rss,2026-09-14,consumer_unverified,not exposed by RSS,"You are paying them for convenience, they are not forcing anyone to use their app",yes_truncated_60w,,thread focus: Ownly,1,0,neutral,COST_OF_CONVENIENCE_ACCEPTED,COST_OF_CONVENIENCE_ACCEPTED,,NA_business_commentary,0,,0,0,,,,,,H1,CONSUMER-GENERATED,,ai_first_pass,
RD-1vu5s4x-p4zqore,reddit,r/swiggy,comment,RD-1vu5s4x,https://www.reddit.com/r/swiggy/comments/1vu5s4x/finally_moved_away_from_swiggy/p4zqore/,2026-08-21,exact_rss,2026-09-14,consumer_unverified,not exposed by RSS,They need to implement pluxee card payment then I would ordee food from them.,yes_truncated_60w,,thread focus: Ownly,1,0,neutral,MEAL_CARD_PAYMENT_GAP,MEAL_CARD_PAYMENT_GAP,,payment,1,to_ownly (conditional): 'implement pluxee card payment then I would order',0,0,,,,,,H6;H9,CONSUMER-GENERATED,Conditional trial barrier for salaried users with meal cards,ai_first_pass,
RD-1vu5s4x-p4zzboz,reddit,r/swiggy,comment,RD-1vu5s4x,https://www.reddit.com/r/swiggy/comments/1vu5s4x/finally_moved_away_from_swiggy/p4zzboz/,2026-08-21,exact_rss,2026-09-14,consumer_unverified,not exposed by RSS,They’ll come around and do the same in some time. Its unsustainable and are burning money to get customers.,yes_truncated_60w,,thread focus: Ownly,1,0,neg,FUTURE_FEE_CREEP_EXPECTED,FUTURE_FEE_CREEP_EXPECTED,,NA_business_commentary,0,,0,0,,,,,,H2,CONSUMER-GENERATED,,ai_first_pass,
RD-1vu5s4x-p506sie,reddit,r/swiggy,comment,RD-1vu5s4x,https://www.reddit.com/r/swiggy/comments/1vu5s4x/finally_moved_away_from_swiggy/p506sie/,2026-08-21,exact_rss,2026-09-14,consumer_unverified,not exposed by RSS,Stop using swiggy to save your order Move to ownly,yes_truncated_60w,,thread focus: Ownly,1,0,pos,GENERAL_SUPPORT_FOR_OWNLY,GENERAL_SUPPORT_FOR_OWNLY,,NA_business_commentary,0,,0,0,,,,,,H7,CONSUMER-GENERATED,,ai_first_pass,
RD-1vu5s4x-p50728x,reddit,r/swiggy,comment,RD-1vu5s4x,https://www.reddit.com/r/swiggy/comments/1vu5s4x/finally_moved_away_from_swiggy/p50728x/,2026-08-21,exact_rss,2026-09-14,consumer_unverified,not exposed by RSS,Not available in Hyderabad!,yes_truncated_60w,Hyderabad,thread focus: Ownly,1,0,neutral,CITY_AVAILABILITY_QUESTION;HYDERABAD_NOT_YET_AVAILABLE,CITY_AVAILABILITY_QUESTION,,discovery_onboarding,0,,0,0,,,,,,H9,CONSUMER-GENERATED,2026-08-21: 'Not available in Hyderabad!' — dates Hyderabad launch after this,ai_first_pass,
RD-1vu5s4x-p50b7qt,reddit,r/swiggy,comment,RD-1vu5s4x,https://www.reddit.com/r/swiggy/comments/1vu5s4x/finally_moved_away_from_swiggy/p50b7qt/,2026-08-21,exact_rss,2026-09-14,consumer_unverified,not exposed by RSS,I once booked biryani from this Ownly app. The driver marked my order as delivered mid way. Luckily the customer support was responsive and refunded my money back. It was the worst as I was already waiting for one hour.,yes_truncated_60w,,thread focus: Ownly,1,1,mixed,NON_DELIVERY;LATE_DELIVERY;SUPPORT_RECOVERY_POSITIVE,NON_DELIVERY,2,delivery_handoff,0,,0,0,,,,'customer support was responsive and refunded',,H4,CONSUMER-GENERATED,Marked delivered mid-way after 1 h wait (biryani),ai_first_pass,
RD-1vu5s4x-p50tn37,reddit,r/swiggy,comment,RD-1vu5s4x,https://www.reddit.com/r/swiggy/comments/1vu5s4x/finally_moved_away_from_swiggy/p50tn37/,2026-08-21,exact_rss,2026-09-14,consumer_unverified,not exposed by RSS,Ownely is not available in Mumbai Navi Mumbai region right?,yes_truncated_60w,Mumbai,thread focus: Ownly,1,0,neutral,CITY_AVAILABILITY_QUESTION,CITY_AVAILABILITY_QUESTION,,discovery_onboarding,0,,0,0,,,,,,H9,CONSUMER-GENERATED,,ai_first_pass,
RD-1vu5s4x-p5kk204,reddit,r/swiggy,comment,RD-1vu5s4x,https://www.reddit.com/r/swiggy/comments/1vu5s4x/finally_moved_away_from_swiggy/p5kk204/,2026-08-24,exact_rss,2026-09-14,consumer_unverified,not exposed by RSS,"I dont think so it'll launch in Mumbai. Its owned by Rapido and utilizes their existing fleet. Since the same rapido drivers were clubbing both rapido and swiggy/zomato/zepto etc for additional income, they thought of having their own brand - without additional charges & discount traps - which they are delivering at the moment. This is a pilot run and …",yes_truncated_60w,Hyderabad,thread focus: Ownly,1,0,neutral,RAPIDO_ECOSYSTEM_ADVANTAGE;EXPANSION_SPECULATION,RAPIDO_ECOSYSTEM_ADVANTAGE,,NA_business_commentary,0,,0,0,,,,,,H9,INTERPRETATION,"Speculates scale-up to Hyderabad/Pune, not Mumbai; riders already multi-app",ai_first_pass,
RD-1vu5s4x-p5348vu,reddit,r/swiggy,comment,RD-1vu5s4x,https://www.reddit.com/r/swiggy/comments/1vu5s4x/finally_moved_away_from_swiggy/p5348vu/,2026-08-21,exact_rss,2026-09-14,consumer_unverified,not exposed by RSS,Swiggy started toing with same narrative but eventually the prices turned out to be same at the end.,yes_truncated_60w,,thread focus: Ownly,1,0,neg,TOING_VS_OWNLY;COMPETITOR_FEE_CREEP_OBSERVED,TOING_VS_OWNLY,,NA_business_commentary,0,,0,0,,,,,,H2,CONSUMER-GENERATED,'Swiggy started toing with same narrative but eventually the prices turned out to be same',ai_first_pass,
RD-1vu5s4x-p552cl0,reddit,r/swiggy,comment,RD-1vu5s4x,https://www.reddit.com/r/swiggy/comments/1vu5s4x/finally_moved_away_from_swiggy/p552cl0/,2026-08-22,exact_rss,2026-09-14,consumer_unverified,not exposed by RSS,"Just an advice, Try not to place another order till your current order is delivered.Sometimes one order may get canceled. (Their Customer support would call you and inform the same once canceled and full refund also would be initiated immediately)",yes_truncated_60w,,thread focus: Ownly,1,1,pos,SUPPORT_RECOVERY_POSITIVE;ORDER_CONCURRENCY_TIP,SUPPORT_RECOVERY_POSITIVE,,post_order_support_refund,0,,0,0,,,,support calls on cancellation; full refund initiated immediately,,H4,CONSUMER-GENERATED,,ai_first_pass,
RD-1vu5s4x-p559zyo,reddit,r/swiggy,comment,RD-1vu5s4x,https://www.reddit.com/r/swiggy/comments/1vu5s4x/finally_moved_away_from_swiggy/p559zyo/,2026-08-22,exact_rss,2026-09-14,consumer_unverified,not exposed by RSS,Is this available in delhi now?,yes_truncated_60w,Delhi,thread focus: Ownly,1,0,neutral,CITY_AVAILABILITY_QUESTION,CITY_AVAILABILITY_QUESTION,,discovery_onboarding,0,,0,0,,,,,,H9,CONSUMER-GENERATED,,ai_first_pass,
RD-1vu5s4x-p55fh79,reddit,r/swiggy,comment,RD-1vu5s4x,https://www.reddit.com/r/swiggy/comments/1vu5s4x/finally_moved_away_from_swiggy/p55fh79/,2026-08-22,exact_rss,2026-09-14,consumer_unverified,not exposed by RSS,"By ordering everything separately with 60% off , won't the Swiggy order become cheaper",yes_truncated_60w,,thread focus: Ownly,1,0,neutral,INCUMBENT_CHEAPER_CONDITIONAL,INCUMBENT_CHEAPER_CONDITIONAL,,pricing_checkout,0,,0,0,,,,,,H2,CONSUMER-GENERATED,Splitting orders with 60% off might make Swiggy cheaper,ai_first_pass,
RD-1vu5s4x-p55u3l2,reddit,r/swiggy,comment,RD-1vu5s4x,https://www.reddit.com/r/swiggy/comments/1vu5s4x/finally_moved_away_from_swiggy/p55u3l2/,2026-08-22,exact_rss,2026-09-14,consumer_unverified,not exposed by RSS,They pick 4-5 orders at once and deliver your order after roaming over the city and you get stales food. My experience was bad when I ordered I got it after one hour,yes_truncated_60w,,thread focus: Ownly,1,1,neg,ORDER_BATCHING_STALE_FOOD;LATE_DELIVERY;FOOD_QUALITY,ORDER_BATCHING_STALE_FOOD,3,dispatch_eta,0,,0,0,,rider picks '4-5 orders at once' and roams; delivered after ~1 hour; stale food,,,,H3;H4,CONSUMER-GENERATED,"Mechanism hypothesis linking low delivery cost to batching and slower, colder delivery (single user)",ai_first_pass,
RD-1vu5s4x-p56gury,reddit,r/swiggy,comment,RD-1vu5s4x,https://www.reddit.com/r/swiggy/comments/1vu5s4x/finally_moved_away_from_swiggy/p56gury/,2026-08-22,exact_rss,2026-09-14,consumer_unverified,not exposed by RSS,Cs sucks. Toing is better,yes_truncated_60w,,thread focus: Ownly,1,0,neg,SUPPORT_UNRESPONSIVE;TOING_VS_OWNLY,SUPPORT_UNRESPONSIVE,,NA_business_commentary,0,,0,0,,,,,,H4,CONSUMER-GENERATED,'Cs sucks. Toing is better',ai_first_pass,
RD-1vu5s4x-p5832p9,reddit,r/swiggy,comment,RD-1vu5s4x,https://www.reddit.com/r/swiggy/comments/1vu5s4x/finally_moved_away_from_swiggy/p5832p9/,2026-08-22,exact_rss,2026-09-14,consumer_unverified,not exposed by RSS,"We are not those guys, YET. But we should benefit while it lasts.",yes_truncated_60w,,thread focus: Ownly,1,0,pos,SWITCH_DESPITE_TEMPORARY_PRICING,SWITCH_DESPITE_TEMPORARY_PRICING,,NA_business_commentary,0,,0,0,,,,,,H12,CONSUMER-GENERATED,,ai_first_pass,
RD-1vu5s4x-p58hft8,reddit,r/swiggy,comment,RD-1vu5s4x,https://www.reddit.com/r/swiggy/comments/1vu5s4x/finally_moved_away_from_swiggy/p58hft8/,2026-08-22,exact_rss,2026-09-14,consumer_unverified,not exposed by RSS,https://preview.redd.it/idqwku392ykh1.jpeg?width=3024&format=pjpg&auto=webp&s=d4c9a7b8dede041e3a02f3f5f8c59abc1aacd4c5 I completely stopped ordering from Swiggy/Zomato. I found a cockroach in my food a while back. Home cooked food is the BEST guys!!,yes_truncated_60w,,thread focus: Ownly,1,0,neutral,INCUMBENT_FOOD_SAFETY_INCIDENT;HOME_COOKING_ALTERNATIVE,INCUMBENT_FOOD_SAFETY_INCIDENT,,NA_business_commentary,0,,0,0,,,,,,H1,CONSUMER-GENERATED,Stopped Swiggy/Zomato after a cockroach; cooks at home,ai_first_pass,
RD-1vu5s4x-p58m0ut,reddit,r/swiggy,comment,RD-1vu5s4x,https://www.reddit.com/r/swiggy/comments/1vu5s4x/finally_moved_away_from_swiggy/p58m0ut/,2026-08-22,exact_rss,2026-09-14,consumer_unverified,not exposed by RSS,Good ad for Ownly,yes_truncated_60w,,thread focus: Ownly,1,0,neutral,ASTROTURF_SUSPICION,ASTROTURF_SUSPICION,,NA_business_commentary,0,,0,0,,,,,,H7,CONSUMER-GENERATED,,ai_first_pass,
RD-1vu5s4x-p59elnn,reddit,r/swiggy,comment,RD-1vu5s4x,https://www.reddit.com/r/swiggy/comments/1vu5s4x/finally_moved_away_from_swiggy/p59elnn/,2026-08-22,exact_rss,2026-09-14,consumer_unverified,not exposed by RSS,Swiggy also has an app called Toing which you can try,yes_truncated_60w,,thread focus: Ownly,1,0,neutral,TOING_VS_OWNLY,TOING_VS_OWNLY,,NA_business_commentary,0,,0,0,,,,,,H2,CONSUMER-GENERATED,Toing and Ownly UI/prices similar; Toing owned by Swiggy,ai_first_pass,
RD-1vu5s4x-p59rwj3,reddit,r/swiggy,comment,RD-1vu5s4x,https://www.reddit.com/r/swiggy/comments/1vu5s4x/finally_moved_away_from_swiggy/p59rwj3/,2026-08-22,exact_rss,2026-09-14,consumer_unverified,not exposed by RSS,Saw some comments where folks said that toing is basically Swiggy. Anyways as long as this app stays reasonable I’m going to avoid those two.,yes_truncated_60w,,thread focus: Ownly,1,0,pos,TOING_VS_OWNLY;GENERAL_SUPPORT_FOR_OWNLY,TOING_VS_OWNLY,,NA_business_commentary,0,,0,0,,,,,,H2;H7,CONSUMER-GENERATED,Will avoid Swiggy/Toing while Ownly 'stays reasonable',ai_first_pass,
RD-1vu5s4x-p59xrhk,reddit,r/swiggy,comment,RD-1vu5s4x,https://www.reddit.com/r/swiggy/comments/1vu5s4x/finally_moved_away_from_swiggy/p59xrhk/,2026-08-22,exact_rss,2026-09-14,consumer_unverified,not exposed by RSS,I noticed this too. Ownly is amazing as of now.,yes_truncated_60w,,thread focus: Ownly,1,1,pos,PRICE_SAVINGS_OBSERVED,PRICE_SAVINGS_OBSERVED,,pricing_checkout,0,,0,0,,,,,,H2,CONSUMER-GENERATED,'I noticed this too. Ownly is amazing as of now.',ai_first_pass,
RD-1vu5s4x-p5d1v3x,reddit,r/swiggy,comment,RD-1vu5s4x,https://www.reddit.com/r/swiggy/comments/1vu5s4x/finally_moved_away_from_swiggy/p5d1v3x/,2026-08-23,exact_rss,2026-09-14,consumer_unverified,not exposed by RSS,Not available in Mumbai yet,yes_truncated_60w,Mumbai,thread focus: Ownly,1,0,neutral,CITY_AVAILABILITY_QUESTION,CITY_AVAILABILITY_QUESTION,,discovery_onboarding,0,,0,0,,,,,,H9,CONSUMER-GENERATED,,ai_first_pass,
RD-1vu5s4x-p5gszsr,reddit,r/swiggy,comment,RD-1vu5s4x,https://www.reddit.com/r/swiggy/comments/1vu5s4x/finally_moved_away_from_swiggy/p5gszsr/,2026-08-23,exact_rss,2026-09-14,consumer_unverified,not exposed by RSS,"been using this for a week noticed that they (or maybe restaurants) inflated the prices of the items after repeated orders anyways, far better than paying Rain GST on tomato",yes_truncated_60w,,thread focus: Ownly,1,1,mixed,PRICE_CREEP_AFTER_REPEAT_ORDERS;PRICE_SAVINGS_OBSERVED,PRICE_CREEP_AFTER_REPEAT_ORDERS,,pricing_checkout,0,,0,1,"after a week of use, item prices appeared to rise 'after repeated orders' (Ownly or restaurants); still 'far better than paying Rain GST on tomato'",,,,,H2;H12,CONSUMER-GENERATED,"Perceived, unverified; worth tracking in the repeated-audit design",ai_first_pass,
RD-1vu5s4x-p5kse45,reddit,r/swiggy,comment,RD-1vu5s4x,https://www.reddit.com/r/swiggy/comments/1vu5s4x/finally_moved_away_from_swiggy/p5kse45/,2026-08-24,exact_rss,2026-09-14,consumer_unverified,not exposed by RSS,I dont have it here :(,yes_truncated_60w,,thread focus: Ownly,1,0,neutral,CITY_AVAILABILITY_QUESTION,CITY_AVAILABILITY_QUESTION,,discovery_onboarding,0,,0,0,,,,,,H9,CONSUMER-GENERATED,,ai_first_pass,
RD-1vu5s4x-p5l01ge,reddit,r/swiggy,comment,RD-1vu5s4x,https://www.reddit.com/r/swiggy/comments/1vu5s4x/finally_moved_away_from_swiggy/p5l01ge/,2026-08-24,exact_rss,2026-09-14,consumer_unverified,not exposed by RSS,My city is not listed on Ownly,yes_truncated_60w,,thread focus: Ownly,1,0,neutral,CITY_AVAILABILITY_QUESTION,CITY_AVAILABILITY_QUESTION,,discovery_onboarding,0,,0,0,,,,,,H9,CONSUMER-GENERATED,,ai_first_pass,
RD-1vu5s4x-p5mggao,reddit,r/swiggy,comment,RD-1vu5s4x,https://www.reddit.com/r/swiggy/comments/1vu5s4x/finally_moved_away_from_swiggy/p5mggao/,2026-08-24,exact_rss,2026-09-14,consumer_unverified,not exposed by RSS,Is it available in Delhi?,yes_truncated_60w,Delhi,thread focus: Ownly,1,0,neutral,CITY_AVAILABILITY_QUESTION,CITY_AVAILABILITY_QUESTION,,discovery_onboarding,0,,0,0,,,,,,H9,CONSUMER-GENERATED,,ai_first_pass,
RD-1vu5s4x-p5qo3yp,reddit,r/swiggy,comment,RD-1vu5s4x,https://www.reddit.com/r/swiggy/comments/1vu5s4x/finally_moved_away_from_swiggy/p5qo3yp/,2026-08-25,exact_rss,2026-09-14,consumer_unverified,not exposed by RSS,What's this 2 pcs dosa with chicken curry Bro who eats dosa with chicken curry????,yes_truncated_60w,,thread focus: Ownly,0,0,,,,,,0,,0,0,,,,,,,,"side debate (bike-taxi bans, dosa/curry, Toing ownership correction) / banter",ai_first_pass,
RD-1vu5s4x-p5utc9o,reddit,r/swiggy,comment,RD-1vu5s4x,https://www.reddit.com/r/swiggy/comments/1vu5s4x/finally_moved_away_from_swiggy/p5utc9o/,2026-08-25,exact_rss,2026-09-14,consumer_unverified,not exposed by RSS,It's common in Kerala.,yes_truncated_60w,,thread focus: Ownly,0,0,,,,,,0,,0,0,,,,,,,,"side debate (bike-taxi bans, dosa/curry, Toing ownership correction) / banter",ai_first_pass,
RD-1vu5s4x-p5v6now,reddit,r/swiggy,comment,RD-1vu5s4x,https://www.reddit.com/r/swiggy/comments/1vu5s4x/finally_moved_away_from_swiggy/p5v6now/,2026-08-25,exact_rss,2026-09-14,consumer_unverified,not exposed by RSS,Tell me you are not South Indian without telling me you aren’t South Indian.,yes_truncated_60w,,thread focus: Ownly,0,0,,,,,,0,,0,0,,,,,,,,"side debate (bike-taxi bans, dosa/curry, Toing ownership correction) / banter",ai_first_pass,
RD-1vu5s4x-p5rh1mv,reddit,r/swiggy,comment,RD-1vu5s4x,https://www.reddit.com/r/swiggy/comments/1vu5s4x/finally_moved_away_from_swiggy/p5rh1mv/,2026-08-25,exact_rss,2026-09-14,consumer_unverified,not exposed by RSS,not in my tier 2 city 😔,yes_truncated_60w,tier-2 city,thread focus: Ownly,1,0,neutral,CITY_AVAILABILITY_QUESTION,CITY_AVAILABILITY_QUESTION,,discovery_onboarding,0,,0,0,,,,,,H9,CONSUMER-GENERATED,,ai_first_pass,
RD-1vu5s4x-p5rr6ja,reddit,r/swiggy,comment,RD-1vu5s4x,https://www.reddit.com/r/swiggy/comments/1vu5s4x/finally_moved_away_from_swiggy/p5rr6ja/,2026-08-25,exact_rss,2026-09-14,consumer_unverified,not exposed by RSS,"Toing by Swiggy is also way cheaper or try ordering from Directoo - they delivery by any driver close by that could be Rapido, uber bike etc etc",yes_truncated_60w,,thread focus: Ownly,1,0,neutral,COMPETITOR_ALTERNATIVE_SUGGESTED;TOING_VS_OWNLY,COMPETITOR_ALTERNATIVE_SUGGESTED,,NA_business_commentary,0,,0,0,,,,,,H2,CONSUMER-GENERATED,Suggests Toing or Directoo (any nearby rider),ai_first_pass,
RD-1vu5s4x-p5sq0oj,reddit,r/swiggy,comment,RD-1vu5s4x,https://www.reddit.com/r/swiggy/comments/1vu5s4x/finally_moved_away_from_swiggy/p5sq0oj/,2026-08-25,exact_rss,2026-09-14,consumer_unverified,not exposed by RSS,Fyi - toing is by swiggy,yes_truncated_60w,,thread focus: Ownly,0,0,,,,,,0,,0,0,,,,,,,,"side debate (bike-taxi bans, dosa/curry, Toing ownership correction) / banter",ai_first_pass,
RD-1vu5s4x-p5uvs0c,reddit,r/swiggy,comment,RD-1vu5s4x,https://www.reddit.com/r/swiggy/comments/1vu5s4x/finally_moved_away_from_swiggy/p5uvs0c/,2026-08-25,exact_rss,2026-09-14,consumer_unverified,not exposed by RSS,"Bud only a matter of time for these new apps, they soon too will start charging all these.",yes_truncated_60w,,thread focus: Ownly,1,0,neg,FUTURE_FEE_CREEP_EXPECTED,FUTURE_FEE_CREEP_EXPECTED,,NA_business_commentary,0,,0,0,,,,,,H2,CONSUMER-GENERATED,,ai_first_pass,
RD-1vu5s4x-p5y65y9,reddit,r/swiggy,comment,RD-1vu5s4x,https://www.reddit.com/r/swiggy/comments/1vu5s4x/finally_moved_away_from_swiggy/p5y65y9/,2026-08-26,exact_rss,2026-09-14,consumer_unverified,not exposed by RSS,Have you heard of story The Arab and His Camel,yes_truncated_60w,,thread focus: Ownly,0,0,,,,,,0,,0,0,,,,,,,,"side debate (bike-taxi bans, dosa/curry, Toing ownership correction) / banter",ai_first_pass,
RD-1vu5s4x-p5y9bly,reddit,r/swiggy,comment,RD-1vu5s4x,https://www.reddit.com/r/swiggy/comments/1vu5s4x/finally_moved_away_from_swiggy/p5y9bly/,2026-08-26,exact_rss,2026-09-14,consumer_unverified,not exposed by RSS,Call the restaurant and ask to deliver or send porter much more cheap,yes_truncated_60w,,thread focus: Ownly,1,0,neutral,AGGREGATOR_MARKUP_WORKAROUND,AGGREGATOR_MARKUP_WORKAROUND,,NA_business_commentary,0,,0,0,,,,,,H1,CONSUMER-GENERATED,Call restaurant / send Porter,ai_first_pass,
RD-1vu5s4x-p603566,reddit,r/swiggy,comment,RD-1vu5s4x,https://www.reddit.com/r/swiggy/comments/1vu5s4x/finally_moved_away_from_swiggy/p603566/,2026-08-26,exact_rss,2026-09-14,consumer_unverified,not exposed by RSS,Do you guys know about rapido they honestly don't take much money cause they be cleaning their clothes too well if have worked with any of their apps you will understand why and if the rabbit hole is fun for you hope you don't touch no red wires,yes_truncated_60w,,thread focus: Ownly,0,0,,,,,,0,,0,0,,,,,,,,"side debate (bike-taxi bans, dosa/curry, Toing ownership correction) / banter",ai_first_pass,
RD-1vu5s4x-p62n7n5,reddit,r/swiggy,comment,RD-1vu5s4x,https://www.reddit.com/r/swiggy/comments/1vu5s4x/finally_moved_away_from_swiggy/p62n7n5/,2026-08-26,exact_rss,2026-09-14,consumer_unverified,not exposed by RSS,I try my best to order by call and picking it up myself most of the times.,yes_truncated_60w,,thread focus: Ownly,1,0,neutral,AGGREGATOR_MARKUP_WORKAROUND,AGGREGATOR_MARKUP_WORKAROUND,,NA_business_commentary,0,,0,0,,,,,,H1,CONSUMER-GENERATED,Orders by phone and picks up,ai_first_pass,
RD-1vu5s4x-p675id2,reddit,r/swiggy,comment,RD-1vu5s4x,https://www.reddit.com/r/swiggy/comments/1vu5s4x/finally_moved_away_from_swiggy/p675id2/,2026-08-27,exact_rss,2026-09-14,consumer_unverified,not exposed by RSS,you guys eat from cloud kitchen?,yes_truncated_60w,,thread focus: Ownly,0,0,,,,,,0,,0,0,,,,,,,,"side debate (bike-taxi bans, dosa/curry, Toing ownership correction) / banter",ai_first_pass,
RD-1vu5s4x-p68pcfe,reddit,r/swiggy,comment,RD-1vu5s4x,https://www.reddit.com/r/swiggy/comments/1vu5s4x/finally_moved_away_from_swiggy/p68pcfe/,2026-08-27,exact_rss,2026-09-14,consumer_unverified,not exposed by RSS,Zwigato also started with no fees when VC money was flowing. It's payback time.,yes_truncated_60w,,thread focus: Ownly,1,0,neg,FUTURE_FEE_CREEP_EXPECTED,FUTURE_FEE_CREEP_EXPECTED,,NA_business_commentary,0,,0,0,,,,,,H2,CONSUMER-GENERATED,,ai_first_pass,
RD-1vu5s4x-p6a3nog,reddit,r/swiggy,comment,RD-1vu5s4x,https://www.reddit.com/r/swiggy/comments/1vu5s4x/finally_moved_away_from_swiggy/p6a3nog/,2026-08-27,exact_rss,2026-09-14,consumer_unverified,not exposed by RSS,Yup even I was scammed on Swiggy sometime during the start of the year (1 item hasn't arrived and another item sent was wrong) Complained multiple tomes nothing was done kept getting ai message we are looking into it Never opened the app since that day got fed up,yes_truncated_60w,,thread focus: Ownly,1,0,neg,INCUMBENT_SUPPORT_BAD;INCUMBENT_CHURN_AFTER_SUPPORT_FAILURE,INCUMBENT_SUPPORT_BAD,,post_order_support_refund,0,,0,0,,,,,,H1;H4,CONSUMER-GENERATED,Stopped using Swiggy after an unresolved missing/wrong-item complaint — incumbents also lose users on support,ai_first_pass,
RD-1vu5s4x-p4zg9sb,reddit,r/swiggy,comment,RD-1vu5s4x,https://www.reddit.com/r/swiggy/comments/1vu5s4x/finally_moved_away_from_swiggy/p4zg9sb/,2026-08-21,exact_rss,2026-09-14,restaurant_owner_or_staff,not exposed by RSS,this wont last long. either they will up fees or shut down. im excited as i own a cloud kitchen in bombay but they havent come here yet.,yes_truncated_60w,Mumbai,thread focus: Ownly,1,0,neutral,SUSTAINABILITY_SKEPTICISM;MERCHANT_WANTS_OWNLY,SUSTAINABILITY_SKEPTICISM,,NA_business_commentary,0,,0,0,,,,,,H9;H10,CONSUMER-GENERATED,"Cloud-kitchen owner in Mumbai keen for Ownly to arrive, doubts durability",ai_first_pass,
RD-1vu5s4x-p4zgrk2,reddit,r/swiggy,comment,RD-1vu5s4x,https://www.reddit.com/r/swiggy/comments/1vu5s4x/finally_moved_away_from_swiggy/p4zgrk2/,2026-08-21,exact_rss,2026-09-14,consumer_unverified,not exposed by RSS,Someone else will come to take their place then. Why be loyal to such apps when they aren’t to their own consumer base?!,yes_truncated_60w,,thread focus: Ownly,1,0,neutral,LOW_PLATFORM_LOYALTY,LOW_PLATFORM_LOYALTY,,NA_business_commentary,0,,0,0,,,,,,H12,CONSUMER-GENERATED,,ai_first_pass,
RD-1vu5s4x-p4zh3u5,reddit,r/swiggy,comment,RD-1vu5s4x,https://www.reddit.com/r/swiggy/comments/1vu5s4x/finally_moved_away_from_swiggy/p4zh3u5/,2026-08-21,exact_rss,2026-09-14,consumer_unverified,not exposed by RSS,no one will take their place. if a model fails no one replicates. plus they will probably sell ad space on their app eventually. will ahve to weait and see,yes_truncated_60w,,thread focus: Ownly,1,0,neutral,SUSTAINABILITY_SKEPTICISM,SUSTAINABILITY_SKEPTICISM,,NA_business_commentary,0,,0,0,,,,,,H2,CONSUMER-GENERATED,Expects ad monetisation later,ai_first_pass,
RD-1vu5s4x-p4zxw8p,reddit,r/swiggy,comment,RD-1vu5s4x,https://www.reddit.com/r/swiggy/comments/1vu5s4x/finally_moved_away_from_swiggy/p4zxw8p/,2026-08-21,exact_rss,2026-09-14,consumer_unverified,not exposed by RSS,they are working on a different model - they plan to charge a plat subscription fees no commission unlike Swiggy and zomato,yes_truncated_60w,,thread focus: Ownly,1,0,neutral,FEE_MODEL_DESCRIPTION,FEE_MODEL_DESCRIPTION,,NA_business_commentary,0,,0,0,,,,,,H8,INTERPRETATION,,ai_first_pass,
RD-1vu5s4x-p581m04,reddit,r/swiggy,comment,RD-1vu5s4x,https://www.reddit.com/r/swiggy/comments/1vu5s4x/finally_moved_away_from_swiggy/p581m04/,2026-08-22,exact_rss,2026-09-14,consumer_unverified,not exposed by RSS,Rs. 115 for a Coffee which you could get for just Rs. 25 at any tapri if you walked 100 meters. Masala dosa is just Rs. 60 at any decent outlet. You're already paying 3-5x of what you'd pay by going outside. Is this really the cost of convenience or luxury?,yes_truncated_60w,,thread focus: Ownly,1,0,neutral,DELIVERY_PRICE_LEVEL_TOO_HIGH,DELIVERY_PRICE_LEVEL_TOO_HIGH,,NA_business_commentary,0,,0,0,₹115 coffee vs ₹25 at a tapri; ₹60 dosa outlet — '3-5x' via delivery,,,,,H1,CONSUMER-GENERATED,,ai_first_pass,
RD-1vu5s4x-p5fz8da,reddit,r/swiggy,comment,RD-1vu5s4x,https://www.reddit.com/r/swiggy/comments/1vu5s4x/finally_moved_away_from_swiggy/p5fz8da/,2026-08-23,exact_rss,2026-09-14,consumer_unverified,not exposed by RSS,same coffee would have cost 400 if has gone to starbucks,yes_truncated_60w,,thread focus: Ownly,0,0,,,,,,0,,0,0,,,,,,,,"side debate (bike-taxi bans, dosa/curry, Toing ownership correction) / banter",ai_first_pass,
RD-1vu5s4x-p5jqx54,reddit,r/swiggy,comment,RD-1vu5s4x,https://www.reddit.com/r/swiggy/comments/1vu5s4x/finally_moved_away_from_swiggy/p5jqx54/,2026-08-24,exact_rss,2026-09-14,consumer_unverified,not exposed by RSS,125 for dosa is insane,yes_truncated_60w,,thread focus: Ownly,1,0,neg,DELIVERY_PRICE_LEVEL_TOO_HIGH,DELIVERY_PRICE_LEVEL_TOO_HIGH,,NA_business_commentary,0,,0,0,'125 for dosa is insane',,,,,H1,CONSUMER-GENERATED,,ai_first_pass,
RD-1vu5s4x-p5qt6op,reddit,r/swiggy,comment,RD-1vu5s4x,https://www.reddit.com/r/swiggy/comments/1vu5s4x/finally_moved_away_from_swiggy/p5qt6op/,2026-08-25,exact_rss,2026-09-14,consumer_unverified,not exposed by RSS,Should go get food yourself if you're gonna cry abt the fees. They're there to make profit.,yes_truncated_60w,,thread focus: Ownly,1,0,neutral,COST_OF_CONVENIENCE_ACCEPTED,COST_OF_CONVENIENCE_ACCEPTED,,NA_business_commentary,0,,0,0,,,,,,H1,CONSUMER-GENERATED,,ai_first_pass,
RD-1vu5s4x-p5rq0k4,reddit,r/swiggy,comment,RD-1vu5s4x,https://www.reddit.com/r/swiggy/comments/1vu5s4x/finally_moved_away_from_swiggy/p5rq0k4/,2026-08-25,exact_rss,2026-09-14,consumer_unverified,not exposed by RSS,This feels like an advertisement,yes_truncated_60w,,thread focus: Ownly,1,0,neutral,ASTROTURF_SUSPICION,ASTROTURF_SUSPICION,,NA_business_commentary,0,,0,0,,,,,,H7,CONSUMER-GENERATED,,ai_first_pass,
RD-1vu5s4x-p5ru0h0,reddit,r/swiggy,comment,RD-1vu5s4x,https://www.reddit.com/r/swiggy/comments/1vu5s4x/finally_moved_away_from_swiggy/p5ru0h0/,2026-08-25,exact_rss,2026-09-14,consumer_unverified,not exposed by RSS,Advertising other platforms is not acceptable here.,yes_truncated_60w,,thread focus: Ownly,0,0,,,,,,0,,0,0,,,,,,,,"side debate (bike-taxi bans, dosa/curry, Toing ownership correction) / banter",ai_first_pass,
RD-1vu5s4x-p6a8xub,reddit,r/swiggy,comment,RD-1vu5s4x,https://www.reddit.com/r/swiggy/comments/1vu5s4x/finally_moved_away_from_swiggy/p6a8xub/,2026-08-27,exact_rss,2026-09-14,consumer_unverified,not exposed by RSS,Toing is an app by Swiggy brother 🤣🙏,yes_truncated_60w,,thread focus: Ownly,0,0,,,,,,0,,0,0,,,,,,,,"side debate (bike-taxi bans, dosa/curry, Toing ownership correction) / banter",ai_first_pass,
RD-1vu5s4x-p4zh71k,reddit,r/swiggy,comment,RD-1vu5s4x,https://www.reddit.com/r/swiggy/comments/1vu5s4x/finally_moved_away_from_swiggy/p4zh71k/,2026-08-21,exact_rss,2026-09-14,consumer_unverified,not exposed by RSS,Swiggy and toing are same company🤣,yes_truncated_60w,,thread focus: Ownly,0,0,,,,,,0,,0,0,,,,,,,,"side debate (bike-taxi bans, dosa/curry, Toing ownership correction) / banter",ai_first_pass,
RD-1vu5s4x-p4zigp7,reddit,r/swiggy,comment,RD-1vu5s4x,https://www.reddit.com/r/swiggy/comments/1vu5s4x/finally_moved_away_from_swiggy/p4zigp7/,2026-08-21,exact_rss,2026-09-14,consumer_unverified,not exposed by RSS,When did he say it's toing ? Lol read,yes_truncated_60w,,thread focus: Ownly,0,0,,,,,,0,,0,0,,,,,,,,"side debate (bike-taxi bans, dosa/curry, Toing ownership correction) / banter",ai_first_pass,
RD-1vu5s4x-p4zij4m,reddit,r/swiggy,comment,RD-1vu5s4x,https://www.reddit.com/r/swiggy/comments/1vu5s4x/finally_moved_away_from_swiggy/p4zij4m/,2026-08-21,exact_rss,2026-09-14,consumer_unverified,not exposed by RSS,My bad I forgot to edit the comment i was lazy,yes_truncated_60w,,thread focus: Ownly,0,0,,,,,,0,,0,0,,,,,,,,"side debate (bike-taxi bans, dosa/curry, Toing ownership correction) / banter",ai_first_pass,
RD-1vw5429,reddit,r/BangaloreSocial,post,,https://www.reddit.com/r/BangaloreSocial/comments/1vw5429/ownly_is_a_joke_the_lower_price_is_not_worth_it/,2026-08-23,exact_rss,2026-09-14,consumer_unverified,not exposed by RSS,"Ownly is a joke. The lower price is not worth it. — The delivery partner literally took my order from the restaurant and ran away with it. The process of fighting for my refund is painful. I finally get a message saying refund is initiated, but it will take 7 days for me to receive it. Really? Why do you …",yes_truncated_60w,,thread focus: Ownly,1,1,neg,RELIABILITY_OVER_PRICE;RIDER_CONDUCT;NON_DELIVERY;REFUND_ISSUE,RELIABILITY_OVER_PRICE,3,delivery_handoff,1,away_from_ownly: 'They can't compete on reliability with swiggy and zomato. The lower price is not worth it',0,0,,,,refund fight 'painful'; refund initiated but 7 days,rider took order from restaurant and left,H4;H12,CONSUMER-GENERATED,2026-08-23. Clearest explicit reliability-over-price judgement in dataset (H4),ai_first_pass,
RD-1vw5429-p5e3vp2,reddit,r/BangaloreSocial,comment,RD-1vw5429,https://www.reddit.com/r/BangaloreSocial/comments/1vw5429/ownly_is_a_joke_the_lower_price_is_not_worth_it/p5e3vp2/,2026-08-23,exact_rss,2026-09-14,consumer_unverified,not exposed by RSS,"lol idk man, i use only ownly and it's good for what it serves.",yes_truncated_60w,,thread focus: Ownly,1,1,pos,FULL_SWITCH_TO_OWNLY,FULL_SWITCH_TO_OWNLY,,NA_business_commentary,1,to_ownly: 'i use only ownly and it's good for what it serves',0,1,,,,,,H12,CONSUMER-GENERATED,,ai_first_pass,
RD-1vw5429-p5e3mm2,reddit,r/BangaloreSocial,comment,RD-1vw5429,https://www.reddit.com/r/BangaloreSocial/comments/1vw5429/ownly_is_a_joke_the_lower_price_is_not_worth_it/p5e3mm2/,2026-08-23,exact_rss,2026-09-14,consumer_unverified,not exposed by RSS,Is this the one by Rapido?,yes_truncated_60w,,thread focus: Ownly,1,0,neutral,BRAND_ASSOCIATION_QUESTION,BRAND_ASSOCIATION_QUESTION,,discovery_onboarding,0,,0,0,,,,,,H7,CONSUMER-GENERATED,Asks whether it's the Rapido app — Rapido link used as identifier,ai_first_pass,
RD-1vw5429-p5e3vcm,reddit,r/BangaloreSocial,comment,RD-1vw5429,https://www.reddit.com/r/BangaloreSocial/comments/1vw5429/ownly_is_a_joke_the_lower_price_is_not_worth_it/p5e3vcm/,2026-08-23,exact_rss,2026-09-14,consumer_unverified,not exposed by RSS,Yeah. The one where they say no hidden costs.,yes_truncated_60w,,thread focus: Ownly,1,0,neutral,PROPOSITION_RECALL_NO_HIDDEN_COSTS,PROPOSITION_RECALL_NO_HIDDEN_COSTS,,discovery_onboarding,0,,0,0,,,,,,H7,CONSUMER-GENERATED,Identifies Ownly by its 'no hidden costs' claim — proposition recall (possibly sarcastic),ai_first_pass,
RD-1vw5429-p5e5kxh,reddit,r/BangaloreSocial,comment,RD-1vw5429,https://www.reddit.com/r/BangaloreSocial/comments/1vw5429/ownly_is_a_joke_the_lower_price_is_not_worth_it/p5e5kxh/,2026-08-23,exact_rss,2026-09-14,consumer_unverified,not exposed by RSS,Ordered plenty of times but no issues so far. Delivery guy running away with food happened once but with Swiggy.,yes_truncated_60w,,thread focus: Ownly,1,1,pos,INCUMBENT_SAME_PROBLEMS;RELIABLE_EXPERIENCE_POSITIVE,INCUMBENT_SAME_PROBLEMS,,NA_business_commentary,0,,0,1,,,,,,H4;H12,CONSUMER-GENERATED,'Ordered plenty of times but no issues so far'; rider-ran-away happened once on Swiggy,ai_first_pass,
RD-1vw5429-p5ed620,reddit,r/BangaloreSocial,comment,RD-1vw5429,https://www.reddit.com/r/BangaloreSocial/comments/1vw5429/ownly_is_a_joke_the_lower_price_is_not_worth_it/p5ed620/,2026-08-23,exact_rss,2026-09-14,consumer_unverified,not exposed by RSS,"Man I dont support ownly cuz even I had bad exp with it, they have extreme bad operation, cuz these people run on less employees and small operational team to reduce the cost. But the eod these things gonna happen with zomata or swiggy aswell when they loot us with all fake charges",yes_truncated_60w,,thread focus: Ownly,1,1,mixed,OPERATIONS_UNDERSTAFFED;INCUMBENT_FEE_DISTRUST,OPERATIONS_UNDERSTAFFED,2,NA_business_commentary,0,,0,0,,,,,attributes failures to lean ops team; says incumbents 'loot us with all fake charges',H1;H4,CONSUMER-GENERATED,Bad experience unspecified; cause is commenter's interpretation,ai_first_pass,
RD-1vw5429-p75fa7u,reddit,r/BangaloreSocial,comment,RD-1vw5429,https://www.reddit.com/r/BangaloreSocial/comments/1vw5429/ownly_is_a_joke_the_lower_price_is_not_worth_it/p75fa7u/,2026-09-01,exact_rss,2026-09-14,consumer_unverified,not exposed by RSS,Happened with me as well! agent marked my order as delivered but I didn't get it. Customer support doens't help at all! I have screenshots of them just closing my chat without any resolution,yes_truncated_60w,,thread focus: Ownly,1,1,neg,NON_DELIVERY;SUPPORT_UNRESPONSIVE,NON_DELIVERY,4,post_order_support_refund,0,,0,0,,,,support closed chat without resolution (screenshots claimed),,H4;H12,CONSUMER-GENERATED,"2026-09-01; marked delivered, not received",ai_first_pass,
RD-1vw5429-p7gdp5b,reddit,r/BangaloreSocial,comment,RD-1vw5429,https://www.reddit.com/r/BangaloreSocial/comments/1vw5429/ownly_is_a_joke_the_lower_price_is_not_worth_it/p7gdp5b/,2026-09-02,exact_rss,2026-09-14,consumer_unverified,not exposed by RSS,This is like the magicpin delivery problem all over again,yes_truncated_60w,,thread focus: Ownly,1,0,neutral,COMPETITOR_CONTEXT,COMPETITOR_CONTEXT,,NA_business_commentary,0,,0,0,,,,,,H9,CONSUMER-GENERATED,Analogy to magicpin delivery problems,ai_first_pass,
RD-1w0k0bk,reddit,r/hyderabad,post,,https://www.reddit.com/r/hyderabad/comments/1w0k0bk/toing_app_reduces_prices_drastically_leading_to/,2026-08-28,exact_rss,2026-09-14,restaurant_owner_or_staff,not exposed by RSS,Toing app reduces prices drastically leading to loss for my restaurant — Toing app reduces prices drastically without consent. Their concept of offline prices are not correct. They don't even contact the restaurant to know about the real prices for plating provided and how much it has actually costed to restaurants. How do I remove my restaurant from toing platform. …,yes_truncated_60w,,thread focus: broader Rapido/food-delivery,1,0,neg,RESTAURANT_PUSHBACK_OFFLINE_PRICE_MATCHING;COMPETITOR_CONTEXT;TOING_VS_OWNLY,RESTAURANT_PUSHBACK_OFFLINE_PRICE_MATCHING,,NA_business_commentary,0,,0,0,,,,,,H9;H10,CONSUMER-GENERATED,"r/hyderabad, 2026-08-28: restaurant owner says Swiggy Toing cut its listed prices 'drastically without consent', disputes Toing's 'offline prices', cannot delist. About Toing, not Ownly — but shows Hyderabad supply-side friction for offline-price-matching models. City from subreddit context (not stated in text)",ai_first_pass,
RD-1w6qgm0,reddit,r/Ownly,post,,https://www.reddit.com/r/Ownly/comments/1w6qgm0/ownly_customer_support_sucks_ass/,2026-09-04,exact_rss,2026-09-14,consumer_unverified,not exposed by RSS,Ownly customer support sucks ass — I connected with La Pinos Manager (I had contacts with him) but he too said he didn't recieve any complaints from the app and this is how they talk to users,yes_truncated_60w,,thread focus: Ownly,1,1,neg,SUPPORT_UNRESPONSIVE;RESTAURANT_PLATFORM_BLAME_LOOP,SUPPORT_UNRESPONSIVE,3,post_order_support_refund,0,,0,0,,,,restaurant manager said no complaint was received from the app,,H4;H12,CONSUMER-GENERATED,2026-09-04 (r/Ownly); support screenshot not retrievable,ai_first_pass,
RD-1w6qgm0-p7p24l5,reddit,r/Ownly,comment,RD-1w6qgm0,https://www.reddit.com/r/Ownly/comments/1w6qgm0/ownly_customer_support_sucks_ass/p7p24l5/,2026-09-04,exact_rss,2026-09-14,consumer_unverified,not exposed by RSS,They directly ask for refund but after few refund they will ban you from the refund anymore.,yes_truncated_60w,,thread focus: Ownly,1,0,neg,REFUND_POLICY_RESTRICTIVE,REFUND_POLICY_RESTRICTIVE,,post_order_support_refund,0,,0,0,,,,,,H4,CONSUMER-GENERATED,Claims users get banned from refunds after a few — unverified,ai_first_pass,
RD-1w6qgm0-p7p2neh,reddit,r/Ownly,comment,RD-1w6qgm0,https://www.reddit.com/r/Ownly/comments/1w6qgm0/ownly_customer_support_sucks_ass/p7p2neh/,2026-09-04,exact_rss,2026-09-14,consumer_unverified,not exposed by RSS,"they offered me half money before this, I should've accepted that",yes_truncated_60w,,thread focus: Ownly,1,1,neutral,COMPENSATION_PARTIAL_OFFERED,COMPENSATION_PARTIAL_OFFERED,3,post_order_support_refund,0,,0,0,,,,,,H4,CONSUMER-GENERATED,[SAME_INCIDENT:RD-1w6qgm0] was offered half the money earlier,ai_first_pass,
RD-1w8qx26,reddit,r/BangaloreSocial,post,,https://www.reddit.com/r/BangaloreSocial/comments/1w8qx26/ownly_is_an_absolute_scam/,2026-09-06,exact_rss,2026-09-14,consumer_unverified,not exposed by RSS,Ownly is an absolute scam — I placed an order worth around 2k and this is what they do. Not worth the no delivery prices and no platform fee. Though Swiggy charges extra they're customer service is a million times better than these pathetic excuses for a business.,yes_truncated_60w,Bengaluru,thread focus: Ownly,1,1,neg,RELIABILITY_OVER_PRICE;INCUMBENT_BETTER_RECOVERY;LARGE_ORDER_TRUST_RISK;FREE_DELIVERY_PERCEPTION,RELIABILITY_OVER_PRICE,4,food_quality_accuracy,1,away_from_ownly: 'Not worth the no delivery prices and no platform fee'; Swiggy service 'a million times better',0,0,,,,,,H4;H6;H8;H12,CONSUMER-GENERATED,"2026-09-06, ~₹2k order. Poster perceives Ownly as having no delivery fee",ai_first_pass,
RD-1w8qx26-p84qr61,reddit,r/BangaloreSocial,comment,RD-1w8qx26,https://www.reddit.com/r/BangaloreSocial/comments/1w8qx26/ownly_is_an_absolute_scam/p84qr61/,2026-09-06,exact_rss,2026-09-14,consumer_unverified,not exposed by RSS,Of course they have Rapido DNA. Don’t expect any help from any of the rapido’s ventures. For them partners and vendor are more important than the paying customers.,yes_truncated_60w,,thread focus: Ownly,1,0,neg,RAPIDO_BRAND_NEGATIVE_SPILLOVER,RAPIDO_BRAND_NEGATIVE_SPILLOVER,,NA_business_commentary,0,,0,0,,,,,'they have Rapido DNA. Don't expect any help from any of the rapido's ventures',H7,CONSUMER-GENERATED,Explicit negative brand transfer from Rapido to Ownly,ai_first_pass,
RD-1w8qx26-p84pggr,reddit,r/BangaloreSocial,comment,RD-1w8qx26,https://www.reddit.com/r/BangaloreSocial/comments/1w8qx26/ownly_is_an_absolute_scam/p84pggr/,2026-09-06,exact_rss,2026-09-14,consumer_unverified,not exposed by RSS,"Same here. Ordered from Wendy's, they cancelled the order from their end, 1.2k rs they refused to refund. On app it showed they refunded but nothing i recieved",yes_truncated_60w,,thread focus: Ownly,1,1,neg,PLATFORM_RESTAURANT_CANCELLATION;REFUND_ISSUE,PLATFORM_RESTAURANT_CANCELLATION,4,post_order_support_refund,0,,0,0,,,,"app shows refund, not received (₹1.2k, Wendy's)",,H4;H12,CONSUMER-GENERATED,,ai_first_pass,
RD-1w8qx26-p85h050,reddit,r/BangaloreSocial,comment,RD-1w8qx26,https://www.reddit.com/r/BangaloreSocial/comments/1w8qx26/ownly_is_an_absolute_scam/p85h050/,2026-09-06,exact_rss,2026-09-14,consumer_unverified,not exposed by RSS,True af I ordered from pizza bakery they cancelled the order and no refund as well,yes_truncated_60w,,thread focus: Ownly,1,1,neg,PLATFORM_RESTAURANT_CANCELLATION;REFUND_ISSUE,PLATFORM_RESTAURANT_CANCELLATION,4,post_order_support_refund,0,,0,0,,,,"cancelled, no refund",,H4;H12,CONSUMER-GENERATED,,ai_first_pass,
RD-1w8qx26-p85h0v2,reddit,r/BangaloreSocial,comment,RD-1w8qx26,https://www.reddit.com/r/BangaloreSocial/comments/1w8qx26/ownly_is_an_absolute_scam/p85h0v2/,2026-09-06,exact_rss,2026-09-14,consumer_unverified,not exposed by RSS,True af I ordered from pizza bakery they cancelled the order and no refund as well,yes_truncated_60w,,thread focus: Ownly,0,0,,,,,,0,,0,0,,,,,,,,exact duplicate of p85h050 — excluded,ai_first_pass,
RD-1w8qx26-p84we6r,reddit,r/BangaloreSocial,comment,RD-1w8qx26,https://www.reddit.com/r/BangaloreSocial/comments/1w8qx26/ownly_is_an_absolute_scam/p84we6r/,2026-09-06,exact_rss,2026-09-14,consumer_unverified,not exposed by RSS,You want ethics in indian service providers?🫠🫠🫠,yes_truncated_60w,,thread focus: Ownly,0,0,,,,,,0,,0,0,,,,,,,,banter/off-topic; no Ownly-relevant content,ai_first_pass,
RD-1w8qx26-p84t718,reddit,r/BangaloreSocial,comment,RD-1w8qx26,https://www.reddit.com/r/BangaloreSocial/comments/1w8qx26/ownly_is_an_absolute_scam/p84t718/,2026-09-06,exact_rss,2026-09-14,consumer_unverified,not exposed by RSS,Use toing or swish,yes_truncated_60w,,thread focus: Ownly,1,0,neutral,COMPETITOR_ALTERNATIVE_SUGGESTED;TOING_VS_OWNLY,COMPETITOR_ALTERNATIVE_SUGGESTED,,NA_business_commentary,0,,0,0,,,,,,H2,CONSUMER-GENERATED,Suggests Swiggy Toing or Swish instead,ai_first_pass,
RD-1w8qx26-p850abw,reddit,r/BangaloreSocial,comment,RD-1w8qx26,https://www.reddit.com/r/BangaloreSocial/comments/1w8qx26/ownly_is_an_absolute_scam/p850abw/,2026-09-06,exact_rss,2026-09-14,consumer_unverified,not exposed by RSS,"It's shitty. Among all the bad experiences I have had while ordering food, Ownly, in it's very first order topped that. Ordered food, partner picked up in his own time, no clue about the partner after pickup, the support executive was useless af and after like a delay of 1.5 hours, food got delivered. Never in my life I had …",yes_truncated_60w,,thread focus: Ownly,1,1,neg,LATE_DELIVERY;TRACKING_OPACITY;SUPPORT_UNRESPONSIVE,LATE_DELIVERY,3,dispatch_eta,1,away_from_ownly: first order took ~1.5 h; deleted account,1,0,,rider picked up 'in his own time'; no tracking after pickup; ~1.5 h delay,,'useless',,H4;H12,CONSUMER-GENERATED,,ai_first_pass,
RD-1w8qx26-p84nen4,reddit,r/BangaloreSocial,comment,RD-1w8qx26,https://www.reddit.com/r/BangaloreSocial/comments/1w8qx26/ownly_is_an_absolute_scam/p84nen4/,2026-09-06,exact_rss,2026-09-14,consumer_unverified,not exposed by RSS,"Delete your account and let them die. they are worse than other apps, no customer support",yes_truncated_60w,,thread focus: Ownly,1,0,neg,CHURN_ADVOCACY;SUPPORT_UNRESPONSIVE,CHURN_ADVOCACY,,NA_business_commentary,0,,0,0,,,,,,H12,CONSUMER-GENERATED,Urges others to delete account,ai_first_pass,
RD-1w8qx26-p84o65a,reddit,r/BangaloreSocial,comment,RD-1w8qx26,https://www.reddit.com/r/BangaloreSocial/comments/1w8qx26/ownly_is_an_absolute_scam/p84o65a/,2026-09-06,exact_rss,2026-09-14,consumer_unverified,not exposed by RSS,Yeah never ordering again but they're holding out on around 3k worth of refunds. I'll try to get that back and im DONE.,yes_truncated_60w,,thread focus: Ownly,1,1,neg,REFUND_ISSUE,REFUND_ISSUE,4,post_order_support_refund,0,,1,0,,,,,~₹3k refunds held,H12,CONSUMER-GENERATED,[SAME_INCIDENT:RD-1w8qx26] 'never ordering again',ai_first_pass,
RD-1w8qx26-p84occw,reddit,r/BangaloreSocial,comment,RD-1w8qx26,https://www.reddit.com/r/BangaloreSocial/comments/1w8qx26/ownly_is_an_absolute_scam/p84occw/,2026-09-06,exact_rss,2026-09-14,consumer_unverified,not exposed by RSS,mail them at social@ownly.food and try to get your money back once,yes_truncated_60w,,thread focus: Ownly,1,0,neutral,SUPPORT_WORKAROUND,SUPPORT_WORKAROUND,,post_order_support_refund,0,,0,0,,,,,,H4,CONSUMER-GENERATED,Suggests emailing a company social-media address,ai_first_pass,
RD-1w8qx26-p84ngom,reddit,r/BangaloreSocial,comment,RD-1w8qx26,https://www.reddit.com/r/BangaloreSocial/comments/1w8qx26/ownly_is_an_absolute_scam/p84ngom/,2026-09-06,exact_rss,2026-09-14,consumer_unverified,not exposed by RSS,What did they do ??,yes_truncated_60w,,thread focus: Ownly,0,0,,,,,,0,,0,0,,,,,,,,banter/off-topic; no Ownly-relevant content,ai_first_pass,
RD-1w8qx26-p84o2tn,reddit,r/BangaloreSocial,comment,RD-1w8qx26,https://www.reddit.com/r/BangaloreSocial/comments/1w8qx26/ownly_is_an_absolute_scam/p84o2tn/,2026-09-06,exact_rss,2026-09-14,consumer_unverified,not exposed by RSS,"Placed an order of around 2k. They delivered less than half the items and everything delivered looked like it was already eaten. They offered 50% discount then they said we can't do anything. These brats don't have any phone number to call them, and their customer service takes forever to reply.",yes_truncated_60w,,thread focus: Ownly,1,1,neg,MISSING_WRONG_ITEMS;FOOD_QUALITY;SUPPORT_UNRESPONSIVE;COMPENSATION_REVERSED,MISSING_WRONG_ITEMS,4,food_quality_accuracy,0,,0,0,,,,no phone line; slow replies; offered 50% then withdrew,'less than half the items'; food 'looked like it was already eaten',H4;H12,CONSUMER-GENERATED,[SAME_INCIDENT:RD-1w8qx26] ,ai_first_pass,
RD-1w8qx26-p84wc0o,reddit,r/BangaloreSocial,comment,RD-1w8qx26,https://www.reddit.com/r/BangaloreSocial/comments/1w8qx26/ownly_is_an_absolute_scam/p84wc0o/,2026-09-06,exact_rss,2026-09-14,consumer_unverified,not exposed by RSS,Are you from zomato/swiggy down voting ownly? Please don't. These guys are looting us and we now have an alternative.,yes_truncated_60w,,thread focus: Ownly,1,0,pos,ASTROTURF_SUSPICION;INCUMBENT_DISTRUST,ASTROTURF_SUSPICION,,NA_business_commentary,0,,0,0,,,,,,H1;H7,CONSUMER-GENERATED,'These guys are looting us and we now have an alternative' (re incumbents),ai_first_pass,
RD-1w8qx26-p85079n,reddit,r/BangaloreSocial,comment,RD-1w8qx26,https://www.reddit.com/r/BangaloreSocial/comments/1w8qx26/ownly_is_an_absolute_scam/p85079n/,2026-09-06,exact_rss,2026-09-14,consumer_unverified,not exposed by RSS,?? Im a consumer who has experienced Swiggy and ownly. And cheaper prices isn't always a good thing,yes_truncated_60w,,thread focus: Ownly,1,1,neutral,RELIABILITY_OVER_PRICE,RELIABILITY_OVER_PRICE,,NA_business_commentary,0,,0,0,,,,,,H4,CONSUMER-GENERATED,[SAME_INCIDENT:RD-1w8qx26] 'cheaper prices isn't always a good thing',ai_first_pass,
RD-1w8qx26-p85x98w,reddit,r/BangaloreSocial,comment,RD-1w8qx26,https://www.reddit.com/r/BangaloreSocial/comments/1w8qx26/ownly_is_an_absolute_scam/p85x98w/,2026-09-06,exact_rss,2026-09-14,consumer_unverified,not exposed by RSS,Yes cheaper is not always better but adding unnecessary charges/bogus charges and inflating prices and exploiting customers/delivery personel is a bigger problem. We as a consumer should support these platforms as much as we can else we loose these initiatives and regret later. If you don't have issues with paying higher amount then you should also be fine with a …,yes_truncated_60w,,thread focus: Ownly,1,0,pos,TOLERATE_CHALLENGER_HICCUPS;INCUMBENT_FEE_DISTRUST,TOLERATE_CHALLENGER_HICCUPS,,NA_business_commentary,0,,0,0,,,,,,H4;H12,CONSUMER-GENERATED,Argues users should accept 'a few initial hiccups' to keep a low-fee challenger alive — counter-view to reliability-first,ai_first_pass,
RD-1w8qx26-p85z4gw,reddit,r/BangaloreSocial,comment,RD-1w8qx26,https://www.reddit.com/r/BangaloreSocial/comments/1w8qx26/ownly_is_an_absolute_scam/p85z4gw/,2026-09-06,exact_rss,2026-09-14,consumer_unverified,not exposed by RSS,So what you are saying is that Swiggy has charged me say 20-30rs extra every order but provided proper customer service and delivered properly is wrong but a business that has taken more than 3k from me without even delivering the food is completely fine?,yes_truncated_60w,,thread focus: Ownly,1,1,neg,WTP_FOR_RELIABILITY;INCUMBENT_BETTER_RECOVERY,WTP_FOR_RELIABILITY,,NA_business_commentary,0,,0,0,accepts Swiggy charging '20-30rs extra every order' for proper service and delivery,,,,,H4;H8,CONSUMER-GENERATED,[SAME_INCIDENT:RD-1w8qx26] Quantified reliability premium (₹20–30/order) — single user,ai_first_pass,
RD-1w8qx26-p87i3s5,reddit,r/BangaloreSocial,comment,RD-1w8qx26,https://www.reddit.com/r/BangaloreSocial/comments/1w8qx26/ownly_is_an_absolute_scam/p87i3s5/,2026-09-06,exact_rss,2026-09-14,consumer_unverified,not exposed by RSS,"Swiggy / Zomato has double the pricing per item and takes platform fee, packing fee order freshness fee packet handling fee gst and other charges fee Rider insurance fee Rain fee Peak hour fee Non peak hour compensation fee make deepinder rich fund fee and what not. If you are not comfortable ordering from ownly then please don’t and use …",yes_truncated_60w,,thread focus: Ownly,1,0,pos,INCUMBENT_FEE_STACK_FRUSTRATION,INCUMBENT_FEE_STACK_FRUSTRATION,,pricing_checkout,0,,0,0,"lists incumbent fees (platform, packing, rain, peak hour, etc.) and 'double the pricing per item'",,,,,H1,CONSUMER-GENERATED,Satirical fee list; claims of 'double' unverified,ai_first_pass,
RD-1w8qx26-p87jkgc,reddit,r/BangaloreSocial,comment,RD-1w8qx26,https://www.reddit.com/r/BangaloreSocial/comments/1w8qx26/ownly_is_an_absolute_scam/p87jkgc/,2026-09-06,exact_rss,2026-09-14,consumer_unverified,not exposed by RSS,"I am not saying you are wrong. What I am tying to say is we Indians misuse genuinely good platform startups and do not support them and then once they leave/shut-down the realise the importance of them later and regret. Take the case of bounce they brought very good scooters take anywhere park anywhere, people didn’t appreciate the convenience, broke …",yes_truncated_60w,,thread focus: Ownly,1,0,pos,TOLERATE_CHALLENGER_HICCUPS,TOLERATE_CHALLENGER_HICCUPS,,NA_business_commentary,0,,0,0,,,,,,H12,CONSUMER-GENERATED,Bounce scooter analogy: users fail to support good startups,ai_first_pass,
RD-1w8qx26-p87mjar,reddit,r/BangaloreSocial,comment,RD-1w8qx26,https://www.reddit.com/r/BangaloreSocial/comments/1w8qx26/ownly_is_an_absolute_scam/p87mjar/,2026-09-06,exact_rss,2026-09-14,consumer_unverified,not exposed by RSS,Id love to show support to businesses that actually show some initiative and some originality. A business that's taking my money and refusing to refund or even give a voucher is a scam im sorry. If you can't understand that then good luck to you buddy.,yes_truncated_60w,,thread focus: Ownly,1,1,neg,TRUST_LOSS_SCAM_FRAMING;REFUND_ISSUE,TRUST_LOSS_SCAM_FRAMING,4,NA_business_commentary,0,,0,0,,,,,,H7;H12,CONSUMER-GENERATED,[SAME_INCIDENT:RD-1w8qx26] refund/voucher refused,ai_first_pass,
RD-1w8qx26-p87mci1,reddit,r/BangaloreSocial,comment,RD-1w8qx26,https://www.reddit.com/r/BangaloreSocial/comments/1w8qx26/ownly_is_an_absolute_scam/p87mci1/,2026-09-06,exact_rss,2026-09-14,consumer_unverified,not exposed by RSS,Who are you lying to. Iv compared prices with ownly and Swiggy it's not that different. The only extra charges of delivery packaging and platform fee aren't there. And wdym come here and cry and defame? If someone steals 2k rs from you you'll just take it like a good boy? Iv ordered from them 3 times and all of …,yes_truncated_60w,,thread focus: Ownly,1,1,neg,PRICE_PARITY_OBSERVED;DELIVERY_PROBLEMS_RECURRING,PRICE_PARITY_OBSERVED,,pricing_checkout,0,,0,1,'compared prices with ownly and Swiggy it's not that different. The only extra charges of delivery packaging and platform fee aren't there',,,,,H2;H12,CONSUMER-GENERATED,"[SAME_INCIDENT:RD-1w8qx26] 3 orders, all bad. Savings = fees only, not menu prices",ai_first_pass,
RD-1w8qx26-p87o0bk,reddit,r/BangaloreSocial,comment,RD-1w8qx26,https://www.reddit.com/r/BangaloreSocial/comments/1w8qx26/ownly_is_an_absolute_scam/p87o0bk/,2026-09-06,exact_rss,2026-09-14,consumer_unverified,not exposed by RSS,"You are saying that you ordered from the 3 times and had bad experiences? You seem adamant and not learn from 2 prior mistakes. Then who is forcing you to order from them huh? Leave them and order from that Swiggy/ Zomato and be happy, pay more to them. Who is forcing you to order from them? Leave them and …",yes_truncated_60w,,thread focus: Ownly,0,0,,,,,,0,,0,0,,,,,,,,argumentative/personal banter; no new content,ai_first_pass,
RD-1w8qx26-p87tpto,reddit,r/BangaloreSocial,comment,RD-1w8qx26,https://www.reddit.com/r/BangaloreSocial/comments/1w8qx26/ownly_is_an_absolute_scam/p87tpto/,2026-09-06,exact_rss,2026-09-14,consumer_unverified,not exposed by RSS,"Yeah 3 times from 3 different places, hoping that the resturant was at fault. I only posted after realising the service itself is at fault. You think you're smart lecturing me about your cheap food app? And you may like these low standards, who am i to judge? No one asked you to comment. Your entire logic doesn't stand and …",yes_truncated_60w,,thread focus: Ownly,1,1,neg,PLATFORM_FAULT_ATTRIBUTION,PLATFORM_FAULT_ATTRIBUTION,,NA_business_commentary,0,,0,0,,,,,,H4;H12,CONSUMER-GENERATED,"[SAME_INCIDENT:RD-1w8qx26] 3 orders from 3 different restaurants — blames platform, not restaurants",ai_first_pass,
RD-1w8qx26-p87xlls,reddit,r/BangaloreSocial,comment,RD-1w8qx26,https://www.reddit.com/r/BangaloreSocial/comments/1w8qx26/ownly_is_an_absolute_scam/p87xlls/,2026-09-06,exact_rss,2026-09-14,consumer_unverified,not exposed by RSS,"It is correctly written in Bhagvad Gita Chapter 16 (upto some extent) that some people can never be taught and they fail to learn from their mistakes and keep repeating same mistakes. Good thing is it's a curable disease and the cure is mentioned in the subsequent chapters. I would suggest reading it, the cure for this is in there. …",yes_truncated_60w,,thread focus: Ownly,0,0,,,,,,0,,0,0,,,,,,,,argumentative/personal banter; no new content,ai_first_pass,
RD-1w8qx26-p87y9m4,reddit,r/BangaloreSocial,comment,RD-1w8qx26,https://www.reddit.com/r/BangaloreSocial/comments/1w8qx26/ownly_is_an_absolute_scam/p87y9m4/,2026-09-06,exact_rss,2026-09-14,consumer_unverified,not exposed by RSS,Yeah very original - bringing in religion when you cannot provide a standing argument. Very nice buddy. You keep this.,yes_truncated_60w,,thread focus: Ownly,0,0,,,,,,0,,0,0,,,,,,,,argumentative/personal banter; no new content,ai_first_pass,
RD-1w8qx26-p85e0wi,reddit,r/BangaloreSocial,comment,RD-1w8qx26,https://www.reddit.com/r/BangaloreSocial/comments/1w8qx26/ownly_is_an_absolute_scam/p85e0wi/,2026-09-06,exact_rss,2026-09-14,consumer_unverified,not exposed by RSS,Swiggy is also bad. I’ve had so many bad experiences like this there.,yes_truncated_60w,,thread focus: Ownly,1,0,neutral,INCUMBENT_SAME_PROBLEMS,INCUMBENT_SAME_PROBLEMS,,NA_business_commentary,0,,0,0,,,,,,H4,CONSUMER-GENERATED,,ai_first_pass,
RD-1w8qx26-p86x8k1,reddit,r/BangaloreSocial,comment,RD-1w8qx26,https://www.reddit.com/r/BangaloreSocial/comments/1w8qx26/ownly_is_an_absolute_scam/p86x8k1/,2026-09-06,exact_rss,2026-09-14,consumer_unverified,not exposed by RSS,"Oh no, What was the issue? Because I literally just ordered my food from ownly and in last 2 weeks I have ordered 10-12 times, and no issues. Although I’m new customer, so not sure if it was because of that.",yes_truncated_60w,,thread focus: Ownly,1,1,pos,RELIABLE_EXPERIENCE_POSITIVE,RELIABLE_EXPERIENCE_POSITIVE,,NA_business_commentary,0,,0,1,,,,,,H4;H12,CONSUMER-GENERATED,"10–12 orders in 2 weeks, no issues; new customer",ai_first_pass,
RD-1w8qx26-p87mqyk,reddit,r/BangaloreSocial,comment,RD-1w8qx26,https://www.reddit.com/r/BangaloreSocial/comments/1w8qx26/ownly_is_an_absolute_scam/p87mqyk/,2026-09-06,exact_rss,2026-09-14,consumer_unverified,not exposed by RSS,"Maybe my location then. Im also new, ordered only 3 times. All 3 were terrible.",yes_truncated_60w,,thread focus: Ownly,1,1,neutral,LOCATION_DEPENDENT_RELIABILITY,LOCATION_DEPENDENT_RELIABILITY,,NA_business_commentary,0,,0,0,,,,,,H4;H9,CONSUMER-GENERATED,[SAME_INCIDENT:RD-1w8qx26] speculates failures depend on location,ai_first_pass,
RD-1w8qx26-p87ne60,reddit,r/BangaloreSocial,comment,RD-1w8qx26,https://www.reddit.com/r/BangaloreSocial/comments/1w8qx26/ownly_is_an_absolute_scam/p87ne60/,2026-09-06,exact_rss,2026-09-14,consumer_unverified,not exposed by RSS,"Could be, I put up in HSR. But all my orders have been from same 2 places and both of them are standard places.",yes_truncated_60w,Bengaluru,thread focus: Ownly,1,1,pos,RELIABLE_EXPERIENCE_POSITIVE;LOCATION_DEPENDENT_RELIABILITY,RELIABLE_EXPERIENCE_POSITIVE,,NA_business_commentary,0,,0,0,,,,,,H4;H9,CONSUMER-GENERATED,HSR Layout; orders from same 2 'standard places',ai_first_pass,
RD-1w8qx26-p8b3uuc,reddit,r/BangaloreSocial,comment,RD-1w8qx26,https://www.reddit.com/r/BangaloreSocial/comments/1w8qx26/ownly_is_an_absolute_scam/p8b3uuc/,2026-09-07,exact_rss,2026-09-14,consumer_unverified,not exposed by RSS,Yeah I tried they don't offer cod to my location,yes_truncated_60w,,thread focus: Ownly,1,1,neg,NO_CASH_ON_DELIVERY,NO_CASH_ON_DELIVERY,1,payment,0,,0,0,,,,,,H9,CONSUMER-GENERATED,COD not offered at their location,ai_first_pass,
RD-1w8qx26-p854g39,reddit,r/BangaloreSocial,comment,RD-1w8qx26,https://www.reddit.com/r/BangaloreSocial/comments/1w8qx26/ownly_is_an_absolute_scam/p854g39/,2026-09-06,exact_rss,2026-09-14,consumer_unverified,not exposed by RSS,Well my Experience with application has been different quick customer service as well as refund immediately but all my orders have been under a 1000 so maybe the policies above 1000 are different hence fucked up. but the application is very good for the F&B industry.,yes_truncated_60w,,thread focus: Ownly,1,1,pos,RELIABLE_EXPERIENCE_POSITIVE;SUPPORT_RECOVERY_POSITIVE;LARGE_ORDER_TRUST_RISK,RELIABLE_EXPERIENCE_POSITIVE,,post_order_support_refund,0,,0,1,,,,'quick customer service as well as refund immediately',,H4;H6;H12,CONSUMER-GENERATED,"All orders under ₹1,000; speculates policies differ above ₹1,000",ai_first_pass,
RD-1w9qa1f,reddit,r/IndiaReferral,post,,https://www.reddit.com/r/IndiaReferral/comments/1w9qa1f/ownly_shout_out_to_ownly_for_transparent_pricing/,2026-09-07,exact_rss,2026-09-14,consumer_unverified,not exposed by RSS,"[Ownly] shout out to Ownly for transparent pricing, and no hidden fees and cheap food! — Download Ownly and get upto ₹100 off on your first order! Order food online at best prices. No surge fee. No platform fee. No packaging charges. https://ownly.onelink.me/tMlo/di3l6af8",yes_truncated_60w,,thread focus: Ownly,1,0,pos,REFERRAL_OFFER_OBSERVED;LAUNCH_PROMOTION_OBSERVED;PROPOSITION_RECALL_NO_HIDDEN_COSTS,REFERRAL_OFFER_OBSERVED,,pricing_checkout,0,,0,0,referral copy: 'get upto ₹100 off on your first order'; 'No surge fee. No platform fee. No packaging charges.',,,,,H2;H12,CONSUMER-GENERATED,"2026-09-07 referral-code post (poster benefits from referrals) — evidence of current acquisition offer and messaging, NOT an organic review",ai_first_pass,
RD-1w9qa1f-p8c5ytu,reddit,r/IndiaReferral,comment,RD-1w9qa1f,https://www.reddit.com/r/IndiaReferral/comments/1w9qa1f/ownly_shout_out_to_ownly_for_transparent_pricing/p8c5ytu/,2026-09-07,exact_rss,2026-09-14,consumer_unverified,not exposed by RSS,"OP details: * Username: u/[redacted] * Author Flair: Referral Rockstar 🌟:doge: A few important reminders for your safety: Do not share your personal or financial information with strangers. Do not send money, install shady apps, APKs, or engage in risky transactions unless you fully trust the source. If someone offers you something like using their referral code, it is your …",yes_truncated_60w,,thread focus: Ownly,0,0,,,,,,0,,0,0,,,,,,,,subreddit bot safety notice,ai_first_pass,
