dataset,variable_name,label,type,allowed_values,missing_codes,source_file,produced_by_script,derived_formula,hypothesis_linked
survey_harmonised (both cities; city column),meta_form_version,Version code (pre-filled — please don't change),short_answer_prefilled,HYD: V1=blind+DCE block1 | V2=blind+block2 | V3=branded+block1 | V4=branded+block2; BLR: B1=block1 | B2=block2,blank = not shown/skipped; 98/99 = DK/NA where listed,03_hyderabad_survey/survey_variable_dictionary.csv,09_analysis/01_ingest_and_harmonise.py,,H7;H2-H5
survey_harmonised (both cities; city column),meta_brand_arm,,derived,"blind (V1,V2) | branded (V3,V4)",blank = not shown/skipped; 98/99 = DK/NA where listed,03_hyderabad_survey/survey_variable_dictionary.csv,09_analysis/01_ingest_and_harmonise.py,from meta_form_version,H7
survey_harmonised (both cities; city column),meta_dce_block,,derived,"1 (V1,V3,B1) | 2 (V2,V4,B2)",blank = not shown/skipped; 98/99 = DK/NA where listed,03_hyderabad_survey/survey_variable_dictionary.csv,09_analysis/01_ingest_and_harmonise.py,from meta_form_version,H2-H5
survey_harmonised (both cities; city column),meta_session_token,Session code (pre-filled — please don't change),short_answer_prefilled,UUID,blank = not shown/skipped; 98/99 = DK/NA where listed,03_hyderabad_survey/survey_variable_dictionary.csv,09_analysis/01_ingest_and_harmonise.py,,QC
survey_harmonised (both cities; city column),meta_start_ts,Start code (pre-filled — please don't change),short_answer_prefilled,epoch ms from link randomiser,blank = not shown/skipped; 98/99 = DK/NA where listed,03_hyderabad_survey/survey_variable_dictionary.csv,09_analysis/01_ingest_and_harmonise.py,,QC
survey_harmonised (both cities; city column),meta_source,Source code (pre-filled — please don't change),short_answer_prefilled,utm_source string,blank = not shown/skipped; 98/99 = DK/NA where listed,03_hyderabad_survey/survey_variable_dictionary.csv,09_analysis/01_ingest_and_harmonise.py,,QC
survey_harmonised (both cities; city column),meta_campaign,Campaign code (pre-filled — please don't change),short_answer_prefilled,utm_campaign string,blank = not shown/skipped; 98/99 = DK/NA where listed,03_hyderabad_survey/survey_variable_dictionary.csv,09_analysis/01_ingest_and_harmonise.py,,QC
survey_harmonised (both cities; city column),meta_submit_ts,,google_forms_timestamp,datetime IST,blank = not shown/skipped; 98/99 = DK/NA where listed,03_hyderabad_survey/survey_variable_dictionary.csv,09_analysis/01_ingest_and_harmonise.py,,QC
survey_harmonised (both cities; city column),meta_duration_sec,,derived,seconds,blank = not shown/skipped; 98/99 = DK/NA where listed,03_hyderabad_survey/survey_variable_dictionary.csv,09_analysis/01_ingest_and_harmonise.py,(meta_submit_ts − meta_start_ts)/1000,QC
survey_harmonised (both cities; city column),meta_consent,"I have read the information above, I am 18 or older, and I agree to take part.",multiple_choice,"1=Yes, I agree | 0=No",blank = not shown/skipped; 98/99 = DK/NA where listed,03_hyderabad_survey/survey_variable_dictionary.csv,09_analysis/01_ingest_and_harmonise.py,,—
survey_harmonised (both cities; city column),scr_age_band,How old are you?,multiple_choice,1=Under 20 | 2=20–22 | 3=23–25 | 4=26–28 | 5=29–30 | 6=Over 30,blank = not shown/skipped; 98/99 = DK/NA where listed,03_hyderabad_survey/survey_variable_dictionary.csv,09_analysis/01_ingest_and_harmonise.py,,H6
survey_harmonised (both cities; city column),scr_area,"HYD: Which area do you live, study or work in on most days? If more than one, choose where you usually get food delivered. | BLR: Which area of Bengaluru do you",multiple_choice,HYD: 1=Gachibowli | 2=Financial District / Nanakramguda | 3=Kondapur | 4=Madhapur / HITEC City | 5=Manikonda | 6=Narsingi / Kokapet | 7=Serilingampally / Chandanagar | 8=Tellapur / Nallagandla | 90=Somewhere else in Hyderabad | 99=I don't live/study/work in Hyderabad ; BLR: 1=Koramangala | 2=HSR Layout | 3=BTM Layout | 4=Indiranagar / Domlur | 5=Whitefield / Marathahalli / Bellandur | 6=Electronic City | 7=JP Nagar / Jayanagar / Banashankari | 8=Hebbal / Yelahanka / Manyata | 9=Malleshwaram / Rajajinagar | 10=Other area of Bengaluru | 99=Not in Bengaluru,blank = not shown/skipped; 98/99 = DK/NA where listed,03_hyderabad_survey/survey_variable_dictionary.csv,09_analysis/01_ingest_and_harmonise.py,derived blr_pilot_area = scr_area in (1;2;3),H9
survey_harmonised (both cities; city column),scr_orders_4wk,"In the last 4 weeks, about how many times did you order food for delivery through any app? Count each order once.",multiple_choice,0=None | 1=1–3 times | 2=4–7 times | 3=8–15 times | 4=16 or more times,blank = not shown/skipped; 98/99 = DK/NA where listed,03_hyderabad_survey/survey_variable_dictionary.csv,09_analysis/01_ingest_and_harmonise.py,seg_freq: 1=occasional; 2=regular; 3 or 4=frequent,H1.6;H6.4
survey_harmonised (both cities; city column),scr_coi,"Do you work for a food-delivery, quick-commerce or restaurant-aggregator company, or in market research?",multiple_choice,1=Yes | 0=No,blank = not shown/skipped; 98/99 = DK/NA where listed,03_hyderabad_survey/survey_variable_dictionary.csv,09_analysis/01_ingest_and_harmonise.py,,—
survey_harmonised (both cities; city column),scr_repeat,Have you already filled in this survey before (any version)?,multiple_choice,1=Yes | 0=No,blank = not shown/skipped; 98/99 = DK/NA where listed,03_hyderabad_survey/survey_variable_dictionary.csv,09_analysis/01_ingest_and_harmonise.py,,QC
survey_harmonised (both cities; city column),seg_occupation_raw,Which best describes you right now?,multiple_choice,1=Full-time student (undergraduate) | 2=Full-time student (postgraduate / PhD) | 3=Working full-time | 4=Studying and working (incl. internships / part-time jobs) | 5=Other / between jobs,blank = not shown/skipped; 98/99 = DK/NA where listed,03_hyderabad_survey/survey_variable_dictionary.csv,09_analysis/01_ingest_and_harmonise.py,seg_occupation: 1;2=student | 3=working_professional | 4=working_student | 5=other,H6
survey_harmonised (both cities; city column),dem_institution,HYD: Where do you study? | BLR: Where do you study?,multiple_choice,HYD: 1=IIIT Hyderabad | 2=University of Hyderabad | 3=ISB | 4=Another college near Gachibowli | 5=Elsewhere / online ; BLR: 1=A college/university in Bengaluru | 5=Elsewhere / online,blank = not shown/skipped; 98/99 = DK/NA where listed,03_hyderabad_survey/survey_variable_dictionary.csv,09_analysis/01_ingest_and_harmonise.py,FLAG_iiith = HYD code 1,QC
survey_harmonised (both cities; city column),dem_work_sector,Which best describes where you work?,multiple_choice,"1=IT / software product or services | 2=Global capability centre, consulting or finance | 3=Other corporate | 4=Startup | 5=Government / PSU | 6=Other",blank = not shown/skipped; 98/99 = DK/NA where listed,03_hyderabad_survey/survey_variable_dictionary.csv,09_analysis/01_ingest_and_harmonise.py,,H6
survey_harmonised (both cities; city column),dem_living,Where do you currently live?,multiple_choice,1=Hostel | 2=PG / co-living | 3=Shared flat with friends or flatmates | 4=With family | 5=Alone in a rented place | 6=Other,blank = not shown/skipped; 98/99 = DK/NA where listed,03_hyderabad_survey/survey_variable_dictionary.csv,09_analysis/01_ingest_and_harmonise.py,,H6;H9
survey_harmonised (both cities; city column),dem_delivery_spend_month,Roughly how much do you personally spend on food delivery in a typical month?,multiple_choice,"1=Less than ₹1,000 | 2=₹1,000–2,499 | 3=₹2,500–4,999 | 4=₹5,000–9,999 | 5=₹10,000 or more | 98=Prefer not to say",blank = not shown/skipped; 98/99 = DK/NA where listed,03_hyderabad_survey/survey_variable_dictionary.csv,09_analysis/01_ingest_and_harmonise.py,,H6.4
survey_harmonised (both cities; city column),dem_gender,What is your gender?,multiple_choice,1=Woman | 2=Man | 3=Non-binary / other | 98=Prefer not to say,blank = not shown/skipped; 98/99 = DK/NA where listed,03_hyderabad_survey/survey_variable_dictionary.csv,09_analysis/01_ingest_and_harmonise.py,,—
survey_harmonised (both cities; city column),beh_unaided_apps,"Which food-delivery apps can you think of, even ones you don't use? Type as many as come to mind.",paragraph,open text,blank = not shown/skipped; 98/99 = DK/NA where listed,03_hyderabad_survey/survey_variable_dictionary.csv,09_analysis/01_ingest_and_harmonise.py,"own_aware_unaided = text mentions ownly/ownli/own-ly/rapido food (coded by 2 people); HYD_UNAWARE excludes own_aware_unaided=1 OR own_aware_aided in (1,2) OR Ownly/Rapido-food selected in beh_last_platform / beh_platforms_used_4wk / beh_platform_primary",H7;H11.3
survey_harmonised (both cities; city column),beh_last_order_when,"When did you place your most recent food-delivery order? If you can, check your order history.",multiple_choice,1=Today | 2=Yesterday | 3=2–3 days ago | 4=4–7 days ago | 5=1–2 weeks ago | 6=2–4 weeks ago | 7=More than 4 weeks ago,blank = not shown/skipped; 98/99 = DK/NA where listed,03_hyderabad_survey/survey_variable_dictionary.csv,09_analysis/01_ingest_and_harmonise.py,,QC
survey_harmonised (both cities; city column),beh_last_platform,Which app or channel did you use for that order?,multiple_choice,1=Swiggy | 2=Zomato | 3=Ownly app | 4=Rapido app (food section) | 5=Toing | 6=Magicpin | 7=EatSure | 8=Restaurant's own app / website / phone | 9=Other,blank = not shown/skipped; 98/99 = DK/NA where listed,03_hyderabad_survey/survey_variable_dictionary.csv,09_analysis/01_ingest_and_harmonise.py,own_via_rapido = 4; ownly_any = 3 or 4,H9
survey_harmonised (both cities; city column),beh_last_meal,Which meal was it?,multiple_choice,1=Breakfast | 2=Lunch | 3=Evening snack | 4=Dinner | 5=Late night (after 11 pm),blank = not shown/skipped; 98/99 = DK/NA where listed,03_hyderabad_survey/survey_variable_dictionary.csv,09_analysis/01_ingest_and_harmonise.py,,H3.3
survey_harmonised (both cities; city column),beh_last_people,How many people was that order for?,multiple_choice,1=Just me | 2=2 people | 3=3–4 people | 4=5 or more,blank = not shown/skipped; 98/99 = DK/NA where listed,03_hyderabad_survey/survey_variable_dictionary.csv,09_analysis/01_ingest_and_harmonise.py,,H6.4
survey_harmonised (both cities; city column),beh_last_food,What kind of food was it mainly?,multiple_choice,1=Biryani | 2=South Indian | 3=North Indian | 4=Chinese / Asian | 5=Pizza / burgers / fast food | 6=Healthy / salads / bowls | 7=Desserts / beverages / cafe | 8=Other,blank = not shown/skipped; 98/99 = DK/NA where listed,03_hyderabad_survey/survey_variable_dictionary.csv,09_analysis/01_ingest_and_harmonise.py,,H9.5;H10
survey_harmonised (both cities; city column),beh_last_restaurant_type,Which best describes the restaurant?,multiple_choice,1=Well-known chain | 2=Local / independent restaurant | 3=Delivery-only brand / cloud kitchen | 4=Not sure,blank = not shown/skipped; 98/99 = DK/NA where listed,03_hyderabad_survey/survey_variable_dictionary.csv,09_analysis/01_ingest_and_harmonise.py,,H10
survey_harmonised (both cities; city column),beh_last_order_total,"What was the final amount you paid for that order, including all charges and after any discount? (₹, approximate is fine)",short_answer_number,integer ₹ 0–10000,blank = not shown/skipped; 98/99 = DK/NA where listed,03_hyderabad_survey/survey_variable_dictionary.csv,09_analysis/01_ingest_and_harmonise.py,flag <50 or >5000 (EX06),H2.3;H6.4
survey_harmonised (both cities; city column),beh_last_total_recall,How sure are you about that amount?,multiple_choice,1=I checked the app | 2=Fairly sure | 3=It's a rough guess,blank = not shown/skipped; 98/99 = DK/NA where listed,03_hyderabad_survey/survey_variable_dictionary.csv,09_analysis/01_ingest_and_harmonise.py,,QC
survey_harmonised (both cities; city column),beh_last_discount,Did that order use a discount or membership benefit?,multiple_choice,"1=Yes, a coupon or offer | 2=Yes, a membership benefit (e.g. free delivery) | 3=Both | 4=No | 5=Not sure",blank = not shown/skipped; 98/99 = DK/NA where listed,03_hyderabad_survey/survey_variable_dictionary.csv,09_analysis/01_ingest_and_harmonise.py,,H1.5
survey_harmonised (both cities; city column),beh_last_fees_noticed,Which charges do you remember seeing on that bill? Select all that apply.,checkboxes,delivery fee | platform fee | packaging charge | small-order fee | rain / surge fee | taxes / GST | tip | donation | none of these | don't remember,blank = not shown/skipped; 98/99 = DK/NA where listed,03_hyderabad_survey/survey_variable_dictionary.csv,09_analysis/01_ingest_and_harmonise.py,"one 0/1 column per option; one 0/1 column per option: <var>__<option_slug>; plus __n_selected, __other_text",H1
survey_harmonised (both cities; city column),dec_last_reasons,Why did you use that app for that order? Select up to 3.,checkboxes_max3,had the restaurant or dish I wanted | lowest final price | a discount or offer | fastest delivery time | it's the app I always use | my membership benefits | reliable in my experience | easy to use | better support or refunds | good ratings / reviews | other,blank = not shown/skipped; 98/99 = DK/NA where listed,03_hyderabad_survey/survey_variable_dictionary.csv,09_analysis/01_ingest_and_harmonise.py,"one 0/1 column per option; one 0/1 column per option: <var>__<option_slug>; plus __n_selected, __other_text",H1.2;RQ2
survey_harmonised (both cities; city column),beh_weekday_weekend,Are most of your delivery orders on weekdays or weekends?,multiple_choice,1=Mostly weekdays | 2=About equal | 3=Mostly weekends,blank = not shown/skipped; 98/99 = DK/NA where listed,03_hyderabad_survey/survey_variable_dictionary.csv,09_analysis/01_ingest_and_harmonise.py,,RQ2
survey_harmonised (both cities; city column),beh_meal_occasions,For which meals do you usually order delivery? Select all that apply.,checkboxes,breakfast | lunch | evening snacks | dinner | late night,blank = not shown/skipped; 98/99 = DK/NA where listed,03_hyderabad_survey/survey_variable_dictionary.csv,09_analysis/01_ingest_and_harmonise.py,"one 0/1 column per option; one 0/1 column per option: <var>__<option_slug>; plus __n_selected, __other_text",H3.3
survey_harmonised (both cities; city column),beh_platforms_used_4wk,Which apps or channels have you ordered food delivery from in the last 4 weeks? Select all that apply.,checkboxes,Swiggy | Zomato | Ownly app | Rapido app (food section) | Toing | Magicpin | EatSure | restaurant direct | other,blank = not shown/skipped; 98/99 = DK/NA where listed,03_hyderabad_survey/survey_variable_dictionary.csv,09_analysis/01_ingest_and_harmonise.py,"beh_platform_count = number selected; beh_multihome = 1 if count ≥ 2; multihome5 = 5 if count ≥ 2 else 1; one 0/1 column per option: <var>__<option_slug>; plus __n_selected, __other_text",H9.4;SRI
survey_harmonised (both cities; city column),beh_platform_primary,Which one do you use most?,multiple_choice,1=Swiggy | 2=Zomato | 3=Ownly app | 4=Rapido app (food section) | 5=Toing | 6=Magicpin | 7=EatSure | 8=Restaurant direct | 9=Other,blank = not shown/skipped; 98/99 = DK/NA where listed,03_hyderabad_survey/survey_variable_dictionary.csv,09_analysis/01_ingest_and_harmonise.py,,RQ2
survey_harmonised (both cities; city column),beh_subscriptions,Which food-delivery memberships do you have right now? Select all that apply.,checkboxes,Swiggy One (any plan) | Zomato Gold | another food-delivery membership | none | not sure,blank = not shown/skipped; 98/99 = DK/NA where listed,03_hyderabad_survey/survey_variable_dictionary.csv,09_analysis/01_ingest_and_harmonise.py,"beh_any_subscription = 1 if Swiggy One or Zomato Gold or other; one 0/1 column per option: <var>__<option_slug>; plus __n_selected, __other_text",H9.4;AS14
survey_harmonised (both cities; city column),beh_offer_dependency,"Think about your last 10 delivery orders. Roughly how many used a coupon, offer or membership discount?",multiple_choice,1=0–1 | 2=2–4 | 3=5–7 | 4=8–10 | 98=Don't know,blank = not shown/skipped; 98/99 = DK/NA where listed,03_hyderabad_survey/survey_variable_dictionary.csv,09_analysis/01_ingest_and_harmonise.py,high_offer_dependency = 3 or 4,H1.5;H2.4
survey_harmonised (both cities; city column),dec_habit_lock,"How much do you agree: ""I usually open the same app and order, without checking other apps.""",linear_scale_1_5,1=Strongly disagree | 2=Disagree | 3=Neither | 4=Agree | 5=Strongly agree,blank = not shown/skipped; 98/99 = DK/NA where listed,03_hyderabad_survey/survey_variable_dictionary.csv,09_analysis/01_ingest_and_harmonise.py,reversed in SRI: 6 − value,H9.4;SRI
survey_harmonised (both cities; city column),beh_compare_freq,"In the last 4 weeks, how often did you compare the price of the same order on two or more apps?",multiple_choice,1=Never | 2=Rarely | 3=Sometimes | 4=Often | 5=Very often,blank = not shown/skipped; 98/99 = DK/NA where listed,03_hyderabad_survey/survey_variable_dictionary.csv,09_analysis/01_ingest_and_harmonise.py,,H1;H9.4
survey_harmonised (both cities; city column),beh_switched_primary_12m,"In the last 12 months, did you change which app you use most for food delivery?",multiple_choice,1=Yes | 0=No | 98=Not sure,blank = not shown/skipped; 98/99 = DK/NA where listed,03_hyderabad_survey/survey_variable_dictionary.csv,09_analysis/01_ingest_and_harmonise.py,,RQ3
survey_harmonised (both cities; city column),beh_switch_reason,What made you change? What happened?,paragraph,open text,blank = not shown/skipped; 98/99 = DK/NA where listed,03_hyderabad_survey/survey_variable_dictionary.csv,09_analysis/01_ingest_and_harmonise.py,coded inductively,RQ3;H1;H4
survey_harmonised (both cities; city column),pain_unaided_frustration,In a sentence or two: what is the most annoying thing about ordering food delivery for you right now?,paragraph,open text,blank = not shown/skipped; 98/99 = DK/NA where listed,03_hyderabad_survey/survey_variable_dictionary.csv,09_analysis/01_ingest_and_harmonise.py,coded inductively (price / reliability / assortment / support / quality / other),H1.2 robustness
survey_harmonised (both cities; city column),pain_fee_reconsider_freq,"[Grid intro: In the last 4 weeks, how often did each of these happen to you?] The charges added at checkout (fees, packaging, etc.) made me reconsider or change",grid_row,1=Never | 2=Rarely | 3=Sometimes | 4=Often | 5=Very often,blank = not shown/skipped; 98/99 = DK/NA where listed,03_hyderabad_survey/survey_variable_dictionary.csv,09_analysis/01_ingest_and_harmonise.py,PPI item; H1.1 binary = value ≥ 3,H1.1;PPI
survey_harmonised (both cities; city column),pain_bill_unreasonable_freq,[same grid] The final amount felt unreasonable for the food I ordered,grid_row,1=Never | 2=Rarely | 3=Sometimes | 4=Often | 5=Very often,blank = not shown/skipped; 98/99 = DK/NA where listed,03_hyderabad_survey/survey_variable_dictionary.csv,09_analysis/01_ingest_and_harmonise.py,PPI item,H1;PPI
survey_harmonised (both cities; city column),beh_abandon_price_freq,[same grid] I left without placing an order after seeing the final amount,grid_row,1=Never | 2=Rarely | 3=Sometimes | 4=Often | 5=Very often,blank = not shown/skipped; 98/99 = DK/NA where listed,03_hyderabad_survey/survey_variable_dictionary.csv,09_analysis/01_ingest_and_harmonise.py,PPI item; H1.4 binary = value ≥ 2,H1.4;PPI
survey_harmonised (both cities; city column),pain_late_freq,[same grid] My order arrived noticeably later than the time shown,grid_row,1=Never | 2=Rarely | 3=Sometimes | 4=Often | 5=Very often,blank = not shown/skipped; 98/99 = DK/NA where listed,03_hyderabad_survey/survey_variable_dictionary.csv,09_analysis/01_ingest_and_harmonise.py,,H4;H1.2
survey_harmonised (both cities; city column),pain_cancel_freq,[same grid] My order was cancelled by the app or the restaurant,grid_row,1=Never | 2=Rarely | 3=Sometimes | 4=Often | 5=Very often,blank = not shown/skipped; 98/99 = DK/NA where listed,03_hyderabad_survey/survey_variable_dictionary.csv,09_analysis/01_ingest_and_harmonise.py,,H4
survey_harmonised (both cities; city column),att_check_1,"[same grid] To show you are reading carefully, please select ""Rarely"" for this row",grid_row,correct = 2,blank = not shown/skipped; 98/99 = DK/NA where listed,03_hyderabad_survey/survey_variable_dictionary.csv,09_analysis/01_ingest_and_harmonise.py,EX03 if ≠ 2,QC
survey_harmonised (both cities; city column),pain_wrong_item_freq,[same grid] Items were missing or wrong,grid_row,1=Never | 2=Rarely | 3=Sometimes | 4=Often | 5=Very often,blank = not shown/skipped; 98/99 = DK/NA where listed,03_hyderabad_survey/survey_variable_dictionary.csv,09_analysis/01_ingest_and_harmonise.py,,H4;H12
survey_harmonised (both cities; city column),pain_restaurant_unavailable_freq,"[same grid] A restaurant I wanted was closed, unavailable or not listed",grid_row,1=Never | 2=Rarely | 3=Sometimes | 4=Often | 5=Very often,blank = not shown/skipped; 98/99 = DK/NA where listed,03_hyderabad_survey/survey_variable_dictionary.csv,09_analysis/01_ingest_and_harmonise.py,,H10;H5
survey_harmonised (both cities; city column),pain_quality_freq,[same grid] There was a problem with food quality or hygiene,grid_row,1=Never | 2=Rarely | 3=Sometimes | 4=Often | 5=Very often,blank = not shown/skipped; 98/99 = DK/NA where listed,03_hyderabad_survey/survey_variable_dictionary.csv,09_analysis/01_ingest_and_harmonise.py,,H4
survey_harmonised (both cities; city column),pain_menu_markup_belief,"How much do you agree: ""Menu prices on delivery apps are usually higher than the price at the restaurant itself.""",linear_scale_1_5_plus_dk,1=Strongly disagree | 2=Disagree | 3=Neither | 4=Agree | 5=Strongly agree | 98=Don't know,blank = not shown/skipped; 98/99 = DK/NA where listed,03_hyderabad_survey/survey_variable_dictionary.csv,09_analysis/01_ingest_and_harmonise.py,PPI item (98 → missing); H1.3 top-2 = 4 or 5,H1.3;PPI
survey_harmonised (both cities; city column),pain_top_frustrations,Which of these frustrate you most about food delivery today? Select up to 3.,checkboxes_max3,"delivery fees | platform, packaging or other charges | menu prices higher than at the restaurant | offers that don't really save money | late delivery | cancelled orders | wrong or missing items | getting refunds or help from support | the restaurant I want isn't available | food quality or hygiene | problems with the delivery partner (handover, calls, directions) | nothing really frustrates me",blank = not shown/skipped; 98/99 = DK/NA where listed,03_hyderabad_survey/survey_variable_dictionary.csv,09_analysis/01_ingest_and_harmonise.py,"price_set = any of first 4; reliability_set = late or cancelled; one 0/1 column per option: <var>__<option_slug>; plus __n_selected, __other_text",H1.2
survey_harmonised (both cities; city column),pain_incidents_3m,"In the last 3 months, did any of these happen to you? Select all that apply.",checkboxes,an order arrived more than 20 minutes late | an order was cancelled after I paid | I asked for a refund | a refund took more than 3 days or was refused | a support issue was not resolved | none of these,blank = not shown/skipped; 98/99 = DK/NA where listed,03_hyderabad_survey/survey_variable_dictionary.csv,09_analysis/01_ingest_and_harmonise.py,"pain_incident_any_3m = 1 if any except none; one 0/1 column per option: <var>__<option_slug>; plus __n_selected, __other_text",H4.3
survey_harmonised (both cities; city column),pain_refund_outcome,How was your most recent refund request resolved?,multiple_choice,"1=Full refund within 24 hours | 2=Full refund, but slower | 3=Partial refund or coupon only | 4=Refused or no resolution | 5=Still pending | 0=I haven't asked for a refund in the last 3 months",blank = not shown/skipped; 98/99 = DK/NA where listed,03_hyderabad_survey/survey_variable_dictionary.csv,09_analysis/01_ingest_and_harmonise.py,,H4.2
survey_harmonised (both cities; city column),exp_eta_max_lunch,"For a weekday LUNCH order, what is the longest delivery time you would normally accept before choosing something else?",multiple_choice,15 | 20 | 30 | 40 | 50 | 60 | 75=More than 60 minutes | 98=I don't order lunch,blank = not shown/skipped; 98/99 = DK/NA where listed,03_hyderabad_survey/survey_variable_dictionary.csv,09_analysis/01_ingest_and_harmonise.py,minutes (98 → missing),H3.2;H3.3
survey_harmonised (both cities; city column),exp_eta_max_dinner,"For a weekday DINNER order, what is the longest delivery time you would normally accept before choosing something else?",multiple_choice,15 | 20 | 30 | 40 | 50 | 60 | 75=More than 60 minutes | 98=I don't order dinner,blank = not shown/skipped; 98/99 = DK/NA where listed,03_hyderabad_survey/survey_variable_dictionary.csv,09_analysis/01_ingest_and_harmonise.py,minutes (98 → missing),H3.2;H3.3;D4 scorecard
survey_harmonised (both cities; city column),exp_late_tolerance,"Out of 10 orders on an app, how many arriving 15+ minutes late would make you stop using that app?",multiple_choice,1=1 | 2=2 | 3=3 | 4=4 | 5=5 or more | 99=Lateness alone wouldn't make me stop,blank = not shown/skipped; 98/99 = DK/NA where listed,03_hyderabad_survey/survey_variable_dictionary.csv,09_analysis/01_ingest_and_harmonise.py,,H4
survey_harmonised (both cities; city column),exp_fav_restaurant_needed,"Before trying a new food-delivery app, how many of your usual restaurants would need to be on it?",multiple_choice,1=None — I'd happily try new places | 2=A few | 3=About half | 4=Most | 5=All or nearly all,blank = not shown/skipped; 98/99 = DK/NA where listed,03_hyderabad_survey/survey_variable_dictionary.csv,09_analysis/01_ingest_and_harmonise.py,ADI = (value − 1)/4 × 100; H10.1 = ADI ≥ 75,H10.1;ADI
survey_harmonised (both cities; city column),exp_restaurant_types_needed,Which kinds of restaurants would a new app need to have for you to use it? Select all that apply.,checkboxes,my specific favourite restaurants | well-known chains | good local restaurants near me | budget options (meals under ₹200) | premium restaurants | healthy options | late-night options | none of these matter much,blank = not shown/skipped; 98/99 = DK/NA where listed,03_hyderabad_survey/survey_variable_dictionary.csv,09_analysis/01_ingest_and_harmonise.py,"one 0/1 column per option; one 0/1 column per option: <var>__<option_slug>; plus __n_selected, __other_text",H10.2
survey_harmonised (both cities; city column),exp_refund_expectation,"If a delivery order goes wrong, which is closest to what you expect?",multiple_choice,"1=Automatic refund within 24 hours, without having to argue | 2=A refund within 2–3 days after I raise a complaint | 3=A credit or coupon is fine | 4=I don't expect much",blank = not shown/skipped; 98/99 = DK/NA where listed,03_hyderabad_survey/survey_variable_dictionary.csv,09_analysis/01_ingest_and_harmonise.py,,H4.2
survey_harmonised (both cities; city column),exp_instructions_importance,"How important is it that the delivery partner follows your delivery instructions (e.g. gate, hostel desk, calling first)?",linear_scale_1_5,1=Not important | 2 | 3 | 4 | 5=Extremely important,blank = not shown/skipped; 98/99 = DK/NA where listed,03_hyderabad_survey/survey_variable_dictionary.csv,09_analysis/01_ingest_and_harmonise.py,,H6;H10
survey_harmonised (both cities; city column),exp_quality_concern_cheap,"How much do you agree: ""I worry about food quality or hygiene when a delivery option is cheaper than usual.""",linear_scale_1_5,1=Strongly disagree | 2 | 3 | 4 | 5=Strongly agree,blank = not shown/skipped; 98/99 = DK/NA where listed,03_hyderabad_survey/survey_variable_dictionary.csv,09_analysis/01_ingest_and_harmonise.py,,H4;AS15
survey_harmonised (both cities; city column),beh_switch_savings_required,"Think of a typical order of yours. How much lower would the final amount need to be, every time, for you to make a different app your main one?",multiple_choice,10=₹10 | 20=₹20 | 30=₹30 | 50=₹50 | 75=₹75 | 100=₹100 or more | 0=No amount — price alone wouldn't make me switch | 98=Don't know,blank = not shown/skipped; 98/99 = DK/NA where listed,03_hyderabad_survey/survey_variable_dictionary.csv,09_analysis/01_ingest_and_harmonise.py,numeric ₹ (0 and 98 → separate flags: switch_price_never = code 0),H2.3;D2 scorecard
survey_harmonised (both cities; city column),bill_s1,See 03_hyderabad_survey/bill_comparison_scenarios.md (transparency at identical totals),multiple_choice,1=Bill 1 (first shown) | 2=Bill 2 | 3=No real difference to me (mapping of Bill 1/2 to simple/itemised or discount/no-discount depends on version order; see bill_comparison_scenarios.md),blank = not shown/skipped; 98/99 = DK/NA where listed,03_hyderabad_survey/survey_variable_dictionary.csv,09_analysis/01_ingest_and_harmonise.py,bill_s1_transparent = choice of simple bill,H2.2
survey_harmonised (both cities; city column),bill_s2,See bill_comparison_scenarios.md (discount framing at identical totals),multiple_choice,1=Bill 1 (first shown) | 2=Bill 2 | 3=No real difference to me (mapping of Bill 1/2 to simple/itemised or discount/no-discount depends on version order; see bill_comparison_scenarios.md),blank = not shown/skipped; 98/99 = DK/NA where listed,03_hyderabad_survey/survey_variable_dictionary.csv,09_analysis/01_ingest_and_harmonise.py,bill_s2_discount_framed = choice of discount bill,H2.4
survey_harmonised (both cities; city column),bill_s3,See bill_comparison_scenarios.md (lower total vs usual app),multiple_choice,1=Bill 1 (first shown) | 2=Bill 2 (mapping to usual/new app depends on version order),blank = not shown/skipped; 98/99 = DK/NA where listed,03_hyderabad_survey/survey_variable_dictionary.csv,09_analysis/01_ingest_and_harmonise.py,,H2
survey_harmonised (both cities; city column),bill_s4,See bill_comparison_scenarios.md (lower total but slower/lower rating),multiple_choice,1=Bill 1 (first shown) | 2=Bill 2 (mapping to usual/new app depends on version order),blank = not shown/skipped; 98/99 = DK/NA where listed,03_hyderabad_survey/survey_variable_dictionary.csv,09_analysis/01_ingest_and_harmonise.py,,H2;H3
survey_harmonised (both cities; city column),dce_t1,See 03_hyderabad_survey/choice_experiment_design.md and dce_design_matrix.csv,multiple_choice,1=App A | 2=App B (3=neither only if design justifies),blank = not shown/skipped; 98/99 = DK/NA where listed,03_hyderabad_survey/survey_variable_dictionary.csv,09_analysis/01_ingest_and_harmonise.py,long format fact_dce_long; RSS from price_vs_reliability tasks,H2.1;H3.1;H4.1;H4.2;H5.1;H5.2;H6.3
survey_harmonised (both cities; city column),dce_t2,See 03_hyderabad_survey/choice_experiment_design.md and dce_design_matrix.csv,multiple_choice,1=App A | 2=App B (3=neither only if design justifies),blank = not shown/skipped; 98/99 = DK/NA where listed,03_hyderabad_survey/survey_variable_dictionary.csv,09_analysis/01_ingest_and_harmonise.py,long format fact_dce_long; RSS from price_vs_reliability tasks,H2.1;H3.1;H4.1;H4.2;H5.1;H5.2;H6.3
survey_harmonised (both cities; city column),dce_t3,See 03_hyderabad_survey/choice_experiment_design.md and dce_design_matrix.csv,multiple_choice,1=App A | 2=App B (3=neither only if design justifies),blank = not shown/skipped; 98/99 = DK/NA where listed,03_hyderabad_survey/survey_variable_dictionary.csv,09_analysis/01_ingest_and_harmonise.py,long format fact_dce_long; RSS from price_vs_reliability tasks,H2.1;H3.1;H4.1;H4.2;H5.1;H5.2;H6.3
survey_harmonised (both cities; city column),dce_t4,See 03_hyderabad_survey/choice_experiment_design.md and dce_design_matrix.csv,multiple_choice,1=App A | 2=App B (3=neither only if design justifies),blank = not shown/skipped; 98/99 = DK/NA where listed,03_hyderabad_survey/survey_variable_dictionary.csv,09_analysis/01_ingest_and_harmonise.py,long format fact_dce_long; RSS from price_vs_reliability tasks,H2.1;H3.1;H4.1;H4.2;H5.1;H5.2;H6.3
survey_harmonised (both cities; city column),dce_t5,See 03_hyderabad_survey/choice_experiment_design.md and dce_design_matrix.csv,multiple_choice,1=App A | 2=App B (3=neither only if design justifies),blank = not shown/skipped; 98/99 = DK/NA where listed,03_hyderabad_survey/survey_variable_dictionary.csv,09_analysis/01_ingest_and_harmonise.py,long format fact_dce_long; RSS from price_vs_reliability tasks,H2.1;H3.1;H4.1;H4.2;H5.1;H5.2;H6.3
survey_harmonised (both cities; city column),dce_t6,See 03_hyderabad_survey/choice_experiment_design.md and dce_design_matrix.csv,multiple_choice,1=App A | 2=App B (3=neither only if design justifies),blank = not shown/skipped; 98/99 = DK/NA where listed,03_hyderabad_survey/survey_variable_dictionary.csv,09_analysis/01_ingest_and_harmonise.py,long format fact_dce_long; RSS from price_vs_reliability tasks,H2.1;H3.1;H4.1;H4.2;H5.1;H5.2;H6.3
survey_harmonised (both cities; city column),dce_dom,Dominance check task (see design),multiple_choice,1=App A | 2=App B,blank = not shown/skipped; 98/99 = DK/NA where listed,03_hyderabad_survey/survey_variable_dictionary.csv,09_analysis/01_ingest_and_harmonise.py,FLAG_dominance_fail,QC
survey_harmonised (both cities; city column),bt_appeal,How appealing is this for your own food orders?,linear_scale_1_5,1=Not at all appealing | 2 | 3 | 4 | 5=Extremely appealing,blank = not shown/skipped; 98/99 = DK/NA where listed,03_hyderabad_survey/survey_variable_dictionary.csv,09_analysis/01_ingest_and_harmonise.py,,H2.5;H7
survey_harmonised (both cities; city column),bt_trial_intent,"If it were available where you are, how likely are you to try it for one of your next few orders?",multiple_choice,1=Definitely not | 2=Probably not | 3=Not sure | 4=Probably | 5=Definitely,blank = not shown/skipped; 98/99 = DK/NA where listed,03_hyderabad_survey/survey_variable_dictionary.csv,09_analysis/01_ingest_and_harmonise.py,top-box = 5; top-2 = 4 or 5; SRI component,H2.5;H7.1;H11;SRI
survey_harmonised (both cities; city column),bt_trust,How much would you trust it with your order and payment?,linear_scale_1_5,1=Not at all | 2 | 3 | 4 | 5=Completely,blank = not shown/skipped; 98/99 = DK/NA where listed,03_hyderabad_survey/survey_variable_dictionary.csv,09_analysis/01_ingest_and_harmonise.py,,H7
survey_harmonised (both cities; city column),bt_expected_reliability,How often would you expect orders from it to arrive on time?,multiple_choice,1=Rarely | 2=Sometimes | 3=About half the time | 4=Mostly | 5=Almost always | 98=No idea,blank = not shown/skipped; 98/99 = DK/NA where listed,03_hyderabad_survey/survey_variable_dictionary.csv,09_analysis/01_ingest_and_harmonise.py,,H7.2
survey_harmonised (both cities; city column),bt_expected_price,"Compared with the app you use most, what would you expect the final amount for the same order to be?",multiple_choice,1=Much higher | 2=A bit higher | 3=About the same | 4=A bit lower | 5=Much lower | 98=Don't know,blank = not shown/skipped; 98/99 = DK/NA where listed,03_hyderabad_survey/survey_variable_dictionary.csv,09_analysis/01_ingest_and_harmonise.py,,H2;H7
survey_harmonised (both cities; city column),bt_concern,"What, if anything, would stop you from trying it?",paragraph,open text,blank = not shown/skipped; 98/99 = DK/NA where listed,03_hyderabad_survey/survey_variable_dictionary.csv,09_analysis/01_ingest_and_harmonise.py,coded inductively,H10;H4;H7
survey_harmonised (both cities; city column),bt_framing_pref,Which of these messages would most make you take a look at a new food-delivery app?,multiple_choice,1=Same dinner. Smaller final bill. | 2=See the real price. Pay that price. | 3=A fair price only counts if dinner arrives. | 4=None of these would,blank = not shown/skipped; 98/99 = DK/NA where listed,03_hyderabad_survey/survey_variable_dictionary.csv,09_analysis/01_ingest_and_harmonise.py,,H11.1
survey_harmonised (both cities; city column),wtp_accept_0,See 03_hyderabad_survey/wtp_gabor_granger_design.md,multiple_choice per fee section,"1=Yes, I would order | 0=No",blank = not shown/skipped; 98/99 = DK/NA where listed,03_hyderabad_survey/survey_variable_dictionary.csv,09_analysis/01_ingest_and_harmonise.py,wtp_max_fee = highest accepted fee given monotone answers; NA if non-monotone,H8.1;H8.2;H6.2
survey_harmonised (both cities; city column),wtp_accept_10,See 03_hyderabad_survey/wtp_gabor_granger_design.md,multiple_choice per fee section,"1=Yes, I would order | 0=No",blank = not shown/skipped; 98/99 = DK/NA where listed,03_hyderabad_survey/survey_variable_dictionary.csv,09_analysis/01_ingest_and_harmonise.py,wtp_max_fee = highest accepted fee given monotone answers; NA if non-monotone,H8.1;H8.2;H6.2
survey_harmonised (both cities; city column),wtp_accept_20,See 03_hyderabad_survey/wtp_gabor_granger_design.md,multiple_choice per fee section,"1=Yes, I would order | 0=No",blank = not shown/skipped; 98/99 = DK/NA where listed,03_hyderabad_survey/survey_variable_dictionary.csv,09_analysis/01_ingest_and_harmonise.py,wtp_max_fee = highest accepted fee given monotone answers; NA if non-monotone,H8.1;H8.2;H6.2
survey_harmonised (both cities; city column),wtp_accept_30,See 03_hyderabad_survey/wtp_gabor_granger_design.md,multiple_choice per fee section,"1=Yes, I would order | 0=No",blank = not shown/skipped; 98/99 = DK/NA where listed,03_hyderabad_survey/survey_variable_dictionary.csv,09_analysis/01_ingest_and_harmonise.py,wtp_max_fee = highest accepted fee given monotone answers; NA if non-monotone,H8.1;H8.2;H6.2
survey_harmonised (both cities; city column),wtp_accept_40,See 03_hyderabad_survey/wtp_gabor_granger_design.md,multiple_choice per fee section,"1=Yes, I would order | 0=No",blank = not shown/skipped; 98/99 = DK/NA where listed,03_hyderabad_survey/survey_variable_dictionary.csv,09_analysis/01_ingest_and_harmonise.py,wtp_max_fee = highest accepted fee given monotone answers; NA if non-monotone,H8.1;H8.2;H6.2
survey_harmonised (both cities; city column),wtp_accept_50,See 03_hyderabad_survey/wtp_gabor_granger_design.md,multiple_choice per fee section,"1=Yes, I would order | 0=No",blank = not shown/skipped; 98/99 = DK/NA where listed,03_hyderabad_survey/survey_variable_dictionary.csv,09_analysis/01_ingest_and_harmonise.py,wtp_max_fee = highest accepted fee given monotone answers; NA if non-monotone,H8.1;H8.2;H6.2
survey_harmonised (both cities; city column),wtp_accept_60,See 03_hyderabad_survey/wtp_gabor_granger_design.md,multiple_choice per fee section,"1=Yes, I would order | 0=No",blank = not shown/skipped; 98/99 = DK/NA where listed,03_hyderabad_survey/survey_variable_dictionary.csv,09_analysis/01_ingest_and_harmonise.py,wtp_max_fee = highest accepted fee given monotone answers; NA if non-monotone,H8.1;H8.2;H6.2
survey_harmonised (both cities; city column),br_trial_intent,"Now that you know it is Ownly from Rapido: if it were available where you are, how likely are you to try it for one of your next few orders?",multiple_choice,1=Definitely not | 2=Probably not | 3=Not sure | 4=Probably | 5=Definitely,blank = not shown/skipped; 98/99 = DK/NA where listed,03_hyderabad_survey/survey_variable_dictionary.csv,09_analysis/01_ingest_and_harmonise.py,,H7.4
survey_harmonised (both cities; city column),br_trust,Now that you know it is Ownly from Rapido: how much would you trust it with your order and payment?,linear_scale_1_5,1=Not at all | 2 | 3 | 4 | 5=Completely,blank = not shown/skipped; 98/99 = DK/NA where listed,03_hyderabad_survey/survey_variable_dictionary.csv,09_analysis/01_ingest_and_harmonise.py,,H7.4
survey_harmonised (both cities; city column),br_expected_reliability,Now that you know it is Ownly from Rapido: how often would you expect orders to arrive on time?,multiple_choice,1=Rarely | 2=Sometimes | 3=About half the time | 4=Mostly | 5=Almost always | 98=No idea,blank = not shown/skipped; 98/99 = DK/NA where listed,03_hyderabad_survey/survey_variable_dictionary.csv,09_analysis/01_ingest_and_harmonise.py,,H7.4
survey_harmonised (both cities; city column),br_rapido_effect,Does it being from Rapido make you more or less likely to try it?,multiple_choice,1=Much less likely | 2=Somewhat less likely | 3=No difference | 4=Somewhat more likely | 5=Much more likely,blank = not shown/skipped; 98/99 = DK/NA where listed,03_hyderabad_survey/survey_variable_dictionary.csv,09_analysis/01_ingest_and_harmonise.py,,H7
survey_harmonised (both cities; city column),br_rapido_effect_why,Why? (optional),paragraph,open text,blank = not shown/skipped; 98/99 = DK/NA where listed,03_hyderabad_survey/survey_variable_dictionary.csv,09_analysis/01_ingest_and_harmonise.py,coded inductively,H7.3
survey_harmonised (both cities; city column),dem_rapido_ride_use,"In the last 3 months, how often have you taken a Rapido ride (bike, auto or cab)?",multiple_choice,"0=Never used Rapido | 1=Used before, but not in the last 3 months | 2=1–3 times | 3=4–10 times | 4=More than 10 times",blank = not shown/skipped; 98/99 = DK/NA where listed,03_hyderabad_survey/survey_variable_dictionary.csv,09_analysis/01_ingest_and_harmonise.py,,H7.3;AS12
survey_harmonised (both cities; city column),dem_rapido_ride_experience,"Overall, how has your experience with Rapido rides been?",linear_scale_1_5,1=Very poor | 2 | 3 | 4 | 5=Very good,blank = not shown/skipped; 98/99 = DK/NA where listed,03_hyderabad_survey/survey_variable_dictionary.csv,09_analysis/01_ingest_and_harmonise.py,rapido_exp_group: 1-2=negative; 3=neutral; 4-5=positive; R6=0 → none,H7.3
survey_harmonised (both cities; city column),own_aware_aided,"Before today, had you heard of Ownly (the food-delivery service from Rapido)?",multiple_choice,"2=Yes, clearly | 1=I think so | 0=No",blank = not shown/skipped; 98/99 = DK/NA where listed,03_hyderabad_survey/survey_variable_dictionary.csv,09_analysis/01_ingest_and_harmonise.py,own_aware_any = 1 or 2 OR own_aware_unaided = 1,H11.3;H7;H9
survey_harmonised (both cities; city column),own_aware_duration,When did you first hear about it?,multiple_choice,1=In the last 2 weeks | 2=2–4 weeks ago | 3=1–3 months ago | 4=More than 3 months ago | 98=Don't remember,blank = not shown/skipped; 98/99 = DK/NA where listed,03_hyderabad_survey/survey_variable_dictionary.csv,09_analysis/01_ingest_and_harmonise.py,aware_2wk_plus = 2;3;4,H11.3
survey_harmonised (both cities; city column),own_aware_source,Where did you hear about it? Select all that apply.,checkboxes,Rapido app | Instagram / YouTube | friends or colleagues | posters / outdoor ads | news / LinkedIn | a restaurant | a delivery partner | other,blank = not shown/skipped; 98/99 = DK/NA where listed,03_hyderabad_survey/survey_variable_dictionary.csv,09_analysis/01_ingest_and_harmonise.py,"one 0/1 column per option; one 0/1 column per option: <var>__<option_slug>; plus __n_selected, __other_text",H9;AS12
survey_harmonised (both cities; city column),own_tried,Have you ever placed an order on Ownly (in the Ownly app or inside the Rapido app)?,multiple_choice,"2=Yes | 1=No, but I've opened or browsed it | 0=No",blank = not shown/skipped; 98/99 = DK/NA where listed,03_hyderabad_survey/survey_variable_dictionary.csv,09_analysis/01_ingest_and_harmonise.py,own_tried_bin = 2,H11.3;H12
survey_harmonised (both cities; city column),own_not_tried_reason,What are the main reasons you haven't ordered on it? Select up to 3.,checkboxes_max3,happy with my current app | my usual restaurants weren't on it | not available at my location | didn't trust a new app yet | expected slow delivery | didn't see real savings | no offers or discounts | didn't know how to access it | the payment method I use (e.g. cash on delivery or a meal card) isn't accepted | haven't got round to it | other,blank = not shown/skipped; 98/99 = DK/NA where listed,03_hyderabad_survey/survey_variable_dictionary.csv,09_analysis/01_ingest_and_harmonise.py,"one 0/1 column per option; one 0/1 column per option: <var>__<option_slug>; plus __n_selected, __other_text",H10;H11.3;H9.4
survey_harmonised (both cities; city column),own_trust,"From what you know or have experienced, how much do you trust Ownly with your orders and payments?",linear_scale_1_5,1=Not at all | 2 | 3 | 4 | 5=Completely,blank = not shown/skipped; 98/99 = DK/NA where listed,03_hyderabad_survey/survey_variable_dictionary.csv,09_analysis/01_ingest_and_harmonise.py,"single variable; asked in S12c (aware non-triers) or S13b (triers), mutually exclusive branches; merge = S13b value if own_tried=2 else S12c value; orphan → FLAG_own_trust_orphan",H12.1;H7
survey_harmonised (both cities; city column),own_first_order_month,When did you place your first Ownly order?,multiple_choice,1=This month | 2=Last month | 3=2–3 months ago | 4=4–6 months ago | 5=More than 6 months ago,blank = not shown/skipped; 98/99 = DK/NA where listed,03_hyderabad_survey/survey_variable_dictionary.csv,09_analysis/01_ingest_and_harmonise.py,tenure_band: 1-2=≤1m; 3=2-3m; 4-5=>3m,H9 maturity confound;H12
survey_harmonised (both cities; city column),own_first_trial_trigger,What made you place your first Ownly order?,multiple_choice,1=A launch offer or discount | 2=I saw lower prices than other apps | 3=No platform or packaging charges | 4=A friend or colleague recommended it | 5=I found it in the Rapido app | 6=A restaurant I like was on it | 7=Curiosity | 8=My usual app had a problem | 9=Other,blank = not shown/skipped; 98/99 = DK/NA where listed,03_hyderabad_survey/survey_variable_dictionary.csv,09_analysis/01_ingest_and_harmonise.py,offer_trigger = 1,H12.4;RQ8
survey_harmonised (both cities; city column),own_choose_reasons,Why do you choose Ownly when you do? Select up to 3.,checkboxes_max3,lower final price | no extra charges | a restaurant I wanted | delivery speed | reliability | offers | I already use Rapido | easy app | other,blank = not shown/skipped; 98/99 = DK/NA where listed,03_hyderabad_survey/survey_variable_dictionary.csv,09_analysis/01_ingest_and_harmonise.py,"one 0/1 column per option; one 0/1 column per option: <var>__<option_slug>; plus __n_selected, __other_text",H9.1;RQ8
survey_harmonised (both cities; city column),own_orders_4wk,How many Ownly orders have you placed in the last 4 weeks?,multiple_choice,0=None | 1=1 | 2=2–3 | 3=4–7 | 4=8 or more,blank = not shown/skipped; 98/99 = DK/NA where listed,03_hyderabad_survey/survey_variable_dictionary.csv,09_analysis/01_ingest_and_harmonise.py,own_repeat = 1 if value ≥ 2; own_lapsed = 1 if value = 0,H12
survey_harmonised (both cities; city column),own_share_of_orders,"Of all your food-delivery orders in the last 4 weeks, how many were on Ownly?",multiple_choice,0=None | 1=A few | 2=About half | 3=Most | 4=All,blank = not shown/skipped; 98/99 = DK/NA where listed,03_hyderabad_survey/survey_variable_dictionary.csv,09_analysis/01_ingest_and_harmonise.py,,H12.3
survey_harmonised (both cities; city column),own_last_total,"What was the final amount of your most recent Ownly order? (₹, approximate is fine)",short_answer_number,integer ₹ 0–10000,blank = not shown/skipped; 98/99 = DK/NA where listed,03_hyderabad_survey/survey_variable_dictionary.csv,09_analysis/01_ingest_and_harmonise.py,,H2
survey_harmonised (both cities; city column),own_perceived_savings,"Compared with ordering the same thing on the app you'd otherwise use, your most recent Ownly order was:",multiple_choice,1=Much more expensive | 2=A bit more expensive | 3=About the same | 4=A bit cheaper | 5=Much cheaper | 98=I didn't compare,blank = not shown/skipped; 98/99 = DK/NA where listed,03_hyderabad_survey/survey_variable_dictionary.csv,09_analysis/01_ingest_and_harmonise.py,98 → missing (share reported),H12.1;H2
survey_harmonised (both cities; city column),own_known_savings,If you did compare: roughly how many rupees did you save? Type a negative number if Ownly was more expensive. Leave blank if you didn't compare.,short_answer_number,integer ₹ −2000 to 2000,blank = not shown/skipped; 98/99 = DK/NA where listed,03_hyderabad_survey/survey_variable_dictionary.csv,09_analysis/01_ingest_and_harmonise.py,,H2.3
survey_harmonised (both cities; city column),own_reliability_rating,How often have your Ownly orders arrived on time?,multiple_choice,1=Rarely | 2=Sometimes | 3=About half the time | 4=Mostly | 5=Always,blank = not shown/skipped; 98/99 = DK/NA where listed,03_hyderabad_survey/survey_variable_dictionary.csv,09_analysis/01_ingest_and_harmonise.py,on_time_most = 4 or 5,H12.1;D4 scorecard
survey_harmonised (both cities; city column),own_found_restaurants,How often did you find the restaurant you wanted on Ownly?,multiple_choice,1=Rarely | 2=Sometimes | 3=About half the time | 4=Mostly | 5=Always,blank = not shown/skipped; 98/99 = DK/NA where listed,03_hyderabad_survey/survey_variable_dictionary.csv,09_analysis/01_ingest_and_harmonise.py,,H12.1;H12.3;H10
survey_harmonised (both cities; city column),own_order_accuracy,How often were your Ownly orders complete and correct?,multiple_choice,1=Rarely | 2=Sometimes | 3=About half the time | 4=Mostly | 5=Always,blank = not shown/skipped; 98/99 = DK/NA where listed,03_hyderabad_survey/survey_variable_dictionary.csv,09_analysis/01_ingest_and_harmonise.py,,H12.1
survey_harmonised (both cities; city column),own_eta_vs_other,"Compared with the other app you use, Ownly delivery is usually:",multiple_choice,1=Much slower | 2=A bit slower | 3=About the same | 4=A bit faster | 5=Much faster | 98=Don't know,blank = not shown/skipped; 98/99 = DK/NA where listed,03_hyderabad_survey/survey_variable_dictionary.csv,09_analysis/01_ingest_and_harmonise.py,,H3;H9.3
survey_harmonised (both cities; city column),own_issues_3m,"In the last 3 months, did any of these happen with Ownly? Select all that apply.",checkboxes,a late order | a cancelled order | wrong or missing items | a food quality problem | I needed a refund | I contacted support | none of these,blank = not shown/skipped; 98/99 = DK/NA where listed,03_hyderabad_survey/survey_variable_dictionary.csv,09_analysis/01_ingest_and_harmonise.py,"one 0/1 column per option; one 0/1 column per option: <var>__<option_slug>; plus __n_selected, __other_text",H12.2;H4
survey_harmonised (both cities; city column),own_support_issue_resolved,Was your most recent Ownly issue resolved to your satisfaction?,multiple_choice,"2=Yes, fully | 1=Partly | 0=No | 3=Still pending | 9=I haven't had an Ownly issue that needed a refund or support in the last 3 months",blank = not shown/skipped; 98/99 = DK/NA where listed,03_hyderabad_survey/survey_variable_dictionary.csv,09_analysis/01_ingest_and_harmonise.py,unresolved = 0 or 3,H12.2
survey_harmonised (both cities; city column),churn_reduced_reasons,Why haven't you ordered on Ownly recently? Select up to 3.,checkboxes_max3,restaurants I wanted weren't there | late or unreliable deliveries | cancelled orders | a refund or support problem | the savings weren't worth it | launch offers ended | went back to my usual app or membership | food quality | app problems | my location isn't served | other,blank = not shown/skipped; 98/99 = DK/NA where listed,03_hyderabad_survey/survey_variable_dictionary.csv,09_analysis/01_ingest_and_harmonise.py,"one 0/1 column per option; one 0/1 column per option: <var>__<option_slug>; plus __n_selected, __other_text",H12;H9.3;H10.3
survey_harmonised (both cities; city column),own_competitor_when,When do you still order on another app instead of Ownly? Select up to 3.,checkboxes_max3,the restaurant isn't on Ownly | I need it faster | a better offer elsewhere | Ownly isn't available at that location or time | after a bad Ownly experience | group or large orders | late at night | habit | I don't use other apps | other,blank = not shown/skipped; 98/99 = DK/NA where listed,03_hyderabad_survey/survey_variable_dictionary.csv,09_analysis/01_ingest_and_harmonise.py,"one 0/1 column per option; one 0/1 column per option: <var>__<option_slug>; plus __n_selected, __other_text",H10.3;H9
survey_harmonised (both cities; city column),own_continue_intent,How likely are you to keep ordering on Ownly over the next month?,multiple_choice,1=Definitely not | 2=Probably not | 3=Not sure | 4=Probably | 5=Definitely,blank = not shown/skipped; 98/99 = DK/NA where listed,03_hyderabad_survey/survey_variable_dictionary.csv,09_analysis/01_ingest_and_harmonise.py,,H12 secondary outcome
survey_harmonised (both cities; city column),own_disappointment,"What, if anything, has disappointed you about Ownly?",paragraph,open text,blank = not shown/skipped; 98/99 = DK/NA where listed,03_hyderabad_survey/survey_variable_dictionary.csv,09_analysis/01_ingest_and_harmonise.py,coded inductively (align with review codebook),H9.3;H12
survey_harmonised (both cities; city column),meta_found_survey,Where did you find this survey?,multiple_choice,1=WhatsApp / Telegram group | 2=LinkedIn | 3=Reddit | 4=Instagram | 5=A friend or colleague sent it | 6=Poster / QR code | 7=College or office group | 8=Other,blank = not shown/skipped; 98/99 = DK/NA where listed,03_hyderabad_survey/survey_variable_dictionary.csv,09_analysis/01_ingest_and_harmonise.py,,QC
survey_harmonised (both cities; city column),meta_comments,Anything else you'd like to tell us about food delivery? (optional),paragraph,open text,blank = not shown/skipped; 98/99 = DK/NA where listed,03_hyderabad_survey/survey_variable_dictionary.csv,09_analysis/01_ingest_and_harmonise.py,,—
survey_derived (survey_respondent_full),seg_occupation,,categorical,,NA when inputs missing (see formula),09_analysis/M_pre_analysis_plan.md §4,09_analysis/04_*.py,"seg_occupation_raw 1,2→student; 3→working_professional; 4→working_student; 5→other",H6
survey_derived (survey_respondent_full),seg_freq,,categorical,,NA when inputs missing (see formula),09_analysis/M_pre_analysis_plan.md §4,09_analysis/04_*.py,"scr_orders_4wk 1→occasional (1–3); 2→regular (4–7); 3,4→frequent (8+)",H1.6;H6.4
survey_derived (survey_respondent_full),blr_pilot_area,,binary,,NA when inputs missing (see formula),09_analysis/M_pre_analysis_plan.md §4,09_analysis/04_*.py,"city=blr and scr_area in (1 Koramangala, 2 HSR, 3 BTM)",H9
survey_derived (survey_respondent_full),own_aware_unaided,,binary,,NA when inputs missing (see formula),09_analysis/M_pre_analysis_plan.md §4,09_analysis/04_*.py,human-coded mention of Ownly in beh_unaided_apps; regex first pass own_aware_unaided_auto until coded,H7;H11.3
survey_derived (survey_respondent_full),beh_platform_count,,integer,,NA when inputs missing (see formula),09_analysis/M_pre_analysis_plan.md §4,09_analysis/04_*.py,number of options selected in beh_platforms_used_4wk,H9.4
survey_derived (survey_respondent_full),beh_multihome,,binary,,NA when inputs missing (see formula),09_analysis/M_pre_analysis_plan.md §4,09_analysis/04_*.py,beh_platform_count >= 2,H9.4;SRI
survey_derived (survey_respondent_full),multihome5,,integer,,NA when inputs missing (see formula),09_analysis/M_pre_analysis_plan.md §4,09_analysis/04_*.py,5 if beh_platform_count >= 2 else 1 (SRI component),SRI
survey_derived (survey_respondent_full),beh_any_subscription,,binary,,NA when inputs missing (see formula),09_analysis/M_pre_analysis_plan.md §4,09_analysis/04_*.py,Swiggy One or Zomato Gold or another membership selected,H9.4;AS14
survey_derived (survey_respondent_full),high_offer_dependency,,binary,,NA when inputs missing (see formula),09_analysis/M_pre_analysis_plan.md §4,09_analysis/04_*.py,"beh_offer_dependency in (3,4); 98→missing",H1.5
survey_derived (survey_respondent_full),ppi,,0-100,,NA when inputs missing (see formula),09_analysis/M_pre_analysis_plan.md §4,09_analysis/04_*.py,"((mean of pain_fee_reconsider_freq, pain_bill_unreasonable_freq, pain_menu_markup_belief[98→NA], beh_abandon_price_freq) − 1)/4×100; ≥3 items",H1;H6.1;H9.2
survey_derived (survey_respondent_full),sri,,0-100,,NA when inputs missing (see formula),09_analysis/M_pre_analysis_plan.md §4,09_analysis/04_*.py,"mean(r(bt_trial_intent), r(multihome5), r(6 − dec_habit_lock)), r(x)=(x−1)/4×100; all 3 required",H1.7;D2
survey_derived (survey_respondent_full),sri_no_intent,,0-100,,NA when inputs missing (see formula),09_analysis/M_pre_analysis_plan.md §4,09_analysis/04_*.py,"mean(r(multihome5), r(6 − dec_habit_lock)) — robustness / city comparison",H1.7;H9
survey_derived (survey_respondent_full),rss,,0-100,,NA when inputs missing (see formula),09_analysis/M_pre_analysis_plan.md §4,09_analysis/04_*.py,% of price_vs_reliability DCE tasks where the more reliable AND pricier alternative was chosen; ≥2 tasks; Hyderabad only,H4.1;H4.3
survey_derived (survey_respondent_full),adi,,0-100,,NA when inputs missing (see formula),09_analysis/M_pre_analysis_plan.md §4,09_analysis/04_*.py,(exp_fav_restaurant_needed − 1)/4×100,H10.1
survey_derived (survey_respondent_full),adi_high,,binary,,NA when inputs missing (see formula),09_analysis/M_pre_analysis_plan.md §4,09_analysis/04_*.py,adi >= 75,H10.1;D4
survey_derived (survey_respondent_full),dec_switch_threshold_inr,,₹,,NA when inputs missing (see formula),09_analysis/M_pre_analysis_plan.md §4,09_analysis/04_*.py,"beh_switch_savings_required if code in (10,20,30,50,75,100)",H2.3;D2
survey_derived (survey_respondent_full),dec_switch_no_amount,,binary,,NA when inputs missing (see formula),09_analysis/M_pre_analysis_plan.md §4,09_analysis/04_*.py,beh_switch_savings_required = 0 ('no amount') — never coded as ∞ or ₹0,H2.3
survey_derived (survey_respondent_full),dec_switch_dk,,binary,,NA when inputs missing (see formula),09_analysis/M_pre_analysis_plan.md §4,09_analysis/04_*.py,beh_switch_savings_required = 98,H2.3
survey_derived (survey_respondent_full),exp_eta_max_lunch_min,,minutes,,NA when inputs missing (see formula),09_analysis/M_pre_analysis_plan.md §4,09_analysis/04_*.py,exp_eta_max_lunch; 98→missing; 75 = 'more than 60',H3.2;H3.3
survey_derived (survey_respondent_full),exp_eta_max_dinner_min,,minutes,,NA when inputs missing (see formula),09_analysis/M_pre_analysis_plan.md §4,09_analysis/04_*.py,exp_eta_max_dinner; 98→missing,H3.2;H3.3;D4
survey_derived (survey_respondent_full),fee_reconsider_ge3,,binary,,NA when inputs missing (see formula),09_analysis/M_pre_analysis_plan.md §4,09_analysis/04_*.py,pain_fee_reconsider_freq >= 3,H1.1;D1
survey_derived (survey_respondent_full),abandon_price_ge2,,binary,,NA when inputs missing (see formula),09_analysis/M_pre_analysis_plan.md §4,09_analysis/04_*.py,beh_abandon_price_freq >= 2,H1.4;D1
survey_derived (survey_respondent_full),markup_top2,,binary,,NA when inputs missing (see formula),09_analysis/M_pre_analysis_plan.md §4,09_analysis/04_*.py,"pain_menu_markup_belief in (4,5); 98→missing",H1.3
survey_derived (survey_respondent_full),price_set,,binary,,NA when inputs missing (see formula),09_analysis/M_pre_analysis_plan.md §4,09_analysis/04_*.py,any of first 4 price options selected in pain_top_frustrations,H1.2
survey_derived (survey_respondent_full),reliability_set,,binary,,NA when inputs missing (see formula),09_analysis/M_pre_analysis_plan.md §4,09_analysis/04_*.py,'late delivery' or 'cancelled orders' selected in pain_top_frustrations,H1.2
survey_derived (survey_respondent_full),pain_incident_any_3m,,binary,,NA when inputs missing (see formula),09_analysis/M_pre_analysis_plan.md §4,09_analysis/04_*.py,any pain_incidents_3m option except 'none of these',H4.3
survey_derived (survey_respondent_full),bt_t2b / bt_topbox,,binary,,NA when inputs missing (see formula),09_analysis/M_pre_analysis_plan.md §4,09_analysis/04_*.py,"bt_trial_intent >= 4 / = 5 (first exposure, both arms)",H2.5;H7.1;H11
survey_derived (survey_respondent_full),br_t2b / br_topbox,,binary,,NA when inputs missing (see formula),09_analysis/M_pre_analysis_plan.md §4,09_analysis/04_*.py,"br_trial_intent >= 4 / = 5 (post-reveal, blind arms)",H7.4
survey_derived (survey_respondent_full),rapido_exp_group,,categorical,,NA when inputs missing (see formula),09_analysis/M_pre_analysis_plan.md §4,09_analysis/04_*.py,"dem_rapido_ride_use=0→none; dem_rapido_ride_experience 1-2 negative, 3 neutral, 4-5 positive",H7.3
survey_derived (survey_respondent_full),own_aware_any,,binary,,NA when inputs missing (see formula),09_analysis/M_pre_analysis_plan.md §4,09_analysis/04_*.py,"own_aware_aided in (1,2) OR own_aware_unaided = 1",H7;H11.3
survey_derived (survey_respondent_full),aware_2wk_plus,,binary,,NA when inputs missing (see formula),09_analysis/M_pre_analysis_plan.md §4,09_analysis/04_*.py,"own_aware_duration in (2,3,4)",H11.3;D5
survey_derived (survey_respondent_full),own_tried_bin,,binary,,NA when inputs missing (see formula),09_analysis/M_pre_analysis_plan.md §4,09_analysis/04_*.py,own_tried = 2,H11.3;H12
survey_derived (survey_respondent_full),own_repeat,,binary,,NA when inputs missing (see formula),09_analysis/M_pre_analysis_plan.md §4,09_analysis/04_*.py,own_orders_4wk >= 2 among tried,H12;D5
survey_derived (survey_respondent_full),own_lapsed,,binary,,NA when inputs missing (see formula),09_analysis/M_pre_analysis_plan.md §4,09_analysis/04_*.py,own_orders_4wk = 0 among tried,H12.2;H12.4
survey_derived (survey_respondent_full),own_status,,categorical,,NA when inputs missing (see formula),09_analysis/M_pre_analysis_plan.md §4,09_analysis/04_*.py,user_repeat / user_single / lapsed / tried_unknown / aware_not_tried / unaware / not_asked,H9;H12
survey_derived (survey_respondent_full),tenure_band,,categorical,,NA when inputs missing (see formula),09_analysis/M_pre_analysis_plan.md §4,09_analysis/04_*.py,own_first_order_month 1-2→le_1m; 3→2_3m; 4-5→gt_3m,H9 maturity
survey_derived (survey_respondent_full),on_time_most,,binary,,NA when inputs missing (see formula),09_analysis/M_pre_analysis_plan.md §4,09_analysis/04_*.py,"own_reliability_rating in (4,5)",D4
survey_derived (survey_respondent_full),unresolved_issue,,binary,,NA when inputs missing (see formula),09_analysis/M_pre_analysis_plan.md §4,09_analysis/04_*.py,"own_support_issue_resolved in (0,3); 9→missing",H12.2
survey_derived (survey_respondent_full),offer_trigger,,binary,,NA when inputs missing (see formula),09_analysis/M_pre_analysis_plan.md §4,09_analysis/04_*.py,own_first_trial_trigger = 1,H12.4
survey_derived (survey_respondent_full),wtp_start,,₹,,NA when inputs missing (see formula),09_analysis/M_pre_analysis_plan.md §4,09_analysis/01_*.py,20 for V1/V4/B1; 40 for V2/V3/B2,H8
survey_derived (survey_respondent_full),wtp_max_fee,,₹,,NA when inputs missing (see formula),09_analysis/M_pre_analysis_plan.md §4,09_analysis/04_*.py,highest fee answered Yes on the reconstructed staircase path; NA if rejects all or path incomplete,H8.1;H6.2
survey_derived (survey_respondent_full),wtp_censored_top,,binary,,NA when inputs missing (see formula),09_analysis/M_pre_analysis_plan.md §4,09_analysis/04_*.py,Yes at ₹60,H8
survey_derived (survey_respondent_full),wtp_rejects_all,,binary,,NA when inputs missing (see formula),09_analysis/M_pre_analysis_plan.md §4,09_analysis/04_*.py,"No at ₹0 — reported separately, never coded ₹0",H8
survey_derived (survey_respondent_full),wtp_status / wtp_path,,text,,NA when inputs missing (see formula),09_analysis/M_pre_analysis_plan.md §4,09_analysis/04_*.py,ok / incomplete / not_answered / no_start; fees visited in order,H8
survey_derived (survey_respondent_full),bill_s1_simple_chosen,,binary,,NA when inputs missing (see formula),09_analysis/M_pre_analysis_plan.md §4,09_analysis/04_*.py,bill_s1 mapped by version order; 'no real difference' → NA (bill_s1_indifferent=1),H2.2
survey_derived (survey_respondent_full),bill_s2_nodiscount_chosen,,binary,,NA when inputs missing (see formula),09_analysis/M_pre_analysis_plan.md §4,09_analysis/04_*.py,bill_s2 mapped by version order; indifferent → NA,H2.4
survey_derived (survey_respondent_full),bill_s3_newapp_chosen / bill_s4_newapp_chosen,,binary,,NA when inputs missing (see formula),09_analysis/M_pre_analysis_plan.md §4,09_analysis/04_*.py,bill_s3/bill_s4 mapped by version order,H2;H3
survey_derived (survey_respondent_full),meta_brand_arm / meta_dce_block,,categorical,,NA when inputs missing (see formula),09_analysis/M_pre_analysis_plan.md §4,09_analysis/01_*.py,"from meta_form_version (V1,V2 blind; V3,V4 branded; blocks V1,V3=1, V2,V4=2; Bengaluru none)",H7;H2-H5
survey_derived (survey_respondent_full),meta_duration_sec,,seconds,,NA when inputs missing (see formula),09_analysis/M_pre_analysis_plan.md §4,09_analysis/01_*.py,meta_submit_ts (IST) − meta_start_ts (epoch ms → IST),QC
survey_derived (survey_respondent_full),EX01_screen_fail … EX09_outside_target_after_recode,,flag,,NA when inputs missing (see formula),09_analysis/M_pre_analysis_plan.md §4,09_analysis/02_*.py,'' / borderline / hard — rules in 08_clean_data/cleaning_protocol.md §3,QC
survey_derived (survey_respondent_full),exclusion_reason / exclusion_flags_all / EX_borderline,,text,,NA when inputs missing (see formula),09_analysis/M_pre_analysis_plan.md §4,09_analysis/03_*.py,first hard (or adjudicated-exclude) flag by precedence; all flags; kept borderline,QC
survey_derived (survey_respondent_full),FLAG_no_token / FLAG_no_duration / FLAG_iiith / FLAG_choice_left_right / FLAG_dominance_fail / FLAG_wtp_nonmonotone / FLAG_wtp_orphan_conflict,,binary,,NA when inputs missing (see formula),09_analysis/M_pre_analysis_plan.md §4,09_analysis/02_*.py,sensitivity flags (never exclusion on their own),QC
survey_derived (survey_respondent_full),w_match_hyd,,weight,,NA when inputs missing (see formula),09_analysis/M_pre_analysis_plan.md §4,09_analysis/09_*.py,Bengaluru post-stratification weight to Hyderabad seg_occupation × seg_freq (2×2 collapse if a cell n<10); Hyderabad = 1,H9
mart:agg_fakedoor_variant,experiment_id,see 10_dashboard/dataset_schema.md,,,,10_dashboard/schema/agg_fakedoor_variant.csv,12,,
mart:agg_fakedoor_variant,page_version,see 10_dashboard/dataset_schema.md,,,,10_dashboard/schema/agg_fakedoor_variant.csv,12,,
mart:agg_fakedoor_variant,variant_id,see 10_dashboard/dataset_schema.md,,,,10_dashboard/schema/agg_fakedoor_variant.csv,12,,
mart:agg_fakedoor_variant,variant_key,see 10_dashboard/dataset_schema.md,,,,10_dashboard/schema/agg_fakedoor_variant.csv,12,,
mart:agg_fakedoor_variant,visitors,see 10_dashboard/dataset_schema.md,,,,10_dashboard/schema/agg_fakedoor_variant.csv,12,,
mart:agg_fakedoor_variant,vp_view_rate,see 10_dashboard/dataset_schema.md,,,,10_dashboard/schema/agg_fakedoor_variant.csv,12,,
mart:agg_fakedoor_variant,cta_ctr,see 10_dashboard/dataset_schema.md,,,,10_dashboard/schema/agg_fakedoor_variant.csv,12,,
mart:agg_fakedoor_variant,cta_ctr_ci_low,see 10_dashboard/dataset_schema.md,,,,10_dashboard/schema/agg_fakedoor_variant.csv,12,,
mart:agg_fakedoor_variant,cta_ctr_ci_high,see 10_dashboard/dataset_schema.md,,,,10_dashboard/schema/agg_fakedoor_variant.csv,12,,
mart:agg_fakedoor_variant,secondary_rate,see 10_dashboard/dataset_schema.md,,,,10_dashboard/schema/agg_fakedoor_variant.csv,12,,
mart:agg_fakedoor_variant,secondary_ci_low,see 10_dashboard/dataset_schema.md,,,,10_dashboard/schema/agg_fakedoor_variant.csv,12,,
mart:agg_fakedoor_variant,secondary_ci_high,see 10_dashboard/dataset_schema.md,,,,10_dashboard/schema/agg_fakedoor_variant.csv,12,,
mart:agg_fakedoor_variant,bounce_rate,see 10_dashboard/dataset_schema.md,,,,10_dashboard/schema/agg_fakedoor_variant.csv,12,,
mart:agg_fakedoor_variant,median_time_to_cta_ms,see 10_dashboard/dataset_schema.md,,,,10_dashboard/schema/agg_fakedoor_variant.csv,12,,
mart:agg_fakedoor_variant,mde_at_80_power,see 10_dashboard/dataset_schema.md,,,,10_dashboard/schema/agg_fakedoor_variant.csv,12,,
mart:agg_fakedoor_variant,directional_only,see 10_dashboard/dataset_schema.md,,,,10_dashboard/schema/agg_fakedoor_variant.csv,12,,
mart:agg_fakedoor_variant,data_status,see 10_dashboard/dataset_schema.md,,,,10_dashboard/schema/agg_fakedoor_variant.csv,12,,
mart:audit_summary,scope,see 10_dashboard/dataset_schema.md,,,,10_dashboard/schema/audit_summary.csv,,,
mart:audit_summary,slot,see 10_dashboard/dataset_schema.md,,,,10_dashboard/schema/audit_summary.csv,,,
mart:audit_summary,drop_point_id,see 10_dashboard/dataset_schema.md,,,,10_dashboard/schema/audit_summary.csv,,,
mart:audit_summary,price_tier,see 10_dashboard/dataset_schema.md,,,,10_dashboard/schema/audit_summary.csv,,,
mart:audit_summary,comparator,see 10_dashboard/dataset_schema.md,,,,10_dashboard/schema/audit_summary.csv,,,
mart:audit_summary,metric,see 10_dashboard/dataset_schema.md,,,,10_dashboard/schema/audit_summary.csv,,,
mart:audit_summary,value,see 10_dashboard/dataset_schema.md,,,,10_dashboard/schema/audit_summary.csv,,,
mart:audit_summary,ci_low,see 10_dashboard/dataset_schema.md,,,,10_dashboard/schema/audit_summary.csv,,,
mart:audit_summary,ci_high,see 10_dashboard/dataset_schema.md,,,,10_dashboard/schema/audit_summary.csv,,,
mart:audit_summary,n_keys,see 10_dashboard/dataset_schema.md,,,,10_dashboard/schema/audit_summary.csv,,,
mart:audit_summary,n_restaurants,see 10_dashboard/dataset_schema.md,,,,10_dashboard/schema/audit_summary.csv,,,
mart:audit_summary,data_status,see 10_dashboard/dataset_schema.md,,,,10_dashboard/schema/audit_summary.csv,,,
mart:bridge_insight_hypothesis,insight_id,see 10_dashboard/dataset_schema.md,,,,10_dashboard/schema/bridge_insight_hypothesis.csv,manual (11_insights),,
mart:bridge_insight_hypothesis,hyp_id,see 10_dashboard/dataset_schema.md,,,,10_dashboard/schema/bridge_insight_hypothesis.csv,manual (11_insights),,
mart:dce_coefficients,model,see 10_dashboard/dataset_schema.md,,,,10_dashboard/schema/dce_coefficients.csv,,,
mart:dce_coefficients,segment,see 10_dashboard/dataset_schema.md,,,,10_dashboard/schema/dce_coefficients.csv,,,
mart:dce_coefficients,term,see 10_dashboard/dataset_schema.md,,,,10_dashboard/schema/dce_coefficients.csv,,,
mart:dce_coefficients,estimate,see 10_dashboard/dataset_schema.md,,,,10_dashboard/schema/dce_coefficients.csv,,,
mart:dce_coefficients,std_error,see 10_dashboard/dataset_schema.md,,,,10_dashboard/schema/dce_coefficients.csv,,,
mart:dce_coefficients,ci_low,see 10_dashboard/dataset_schema.md,,,,10_dashboard/schema/dce_coefficients.csv,,,
mart:dce_coefficients,ci_high,see 10_dashboard/dataset_schema.md,,,,10_dashboard/schema/dce_coefficients.csv,,,
mart:dce_coefficients,p_value,see 10_dashboard/dataset_schema.md,,,,10_dashboard/schema/dce_coefficients.csv,,,
mart:dce_coefficients,n_resp,see 10_dashboard/dataset_schema.md,,,,10_dashboard/schema/dce_coefficients.csv,,,
mart:dce_coefficients,n_obs,see 10_dashboard/dataset_schema.md,,,,10_dashboard/schema/dce_coefficients.csv,,,
mart:dce_coefficients,log_likelihood,see 10_dashboard/dataset_schema.md,,,,10_dashboard/schema/dce_coefficients.csv,,,
mart:dce_coefficients,pseudo_r2,see 10_dashboard/dataset_schema.md,,,,10_dashboard/schema/dce_coefficients.csv,,,
mart:dce_coefficients,run_ts,see 10_dashboard/dataset_schema.md,,,,10_dashboard/schema/dce_coefficients.csv,,,
mart:dce_coefficients,code_ref,see 10_dashboard/dataset_schema.md,,,,10_dashboard/schema/dce_coefficients.csv,,,
mart:dce_coefficients,data_status,see 10_dashboard/dataset_schema.md,,,,10_dashboard/schema/dce_coefficients.csv,,,
mart:dce_wtp,model,see 10_dashboard/dataset_schema.md,,,,10_dashboard/schema/dce_wtp.csv,,,
mart:dce_wtp,segment,see 10_dashboard/dataset_schema.md,,,,10_dashboard/schema/dce_wtp.csv,,,
mart:dce_wtp,attribute,see 10_dashboard/dataset_schema.md,,,,10_dashboard/schema/dce_wtp.csv,,,
mart:dce_wtp,unit,see 10_dashboard/dataset_schema.md,,,,10_dashboard/schema/dce_wtp.csv,,,
mart:dce_wtp,wtp_inr,see 10_dashboard/dataset_schema.md,,,,10_dashboard/schema/dce_wtp.csv,,,
mart:dce_wtp,ci_low,see 10_dashboard/dataset_schema.md,,,,10_dashboard/schema/dce_wtp.csv,,,
mart:dce_wtp,ci_high,see 10_dashboard/dataset_schema.md,,,,10_dashboard/schema/dce_wtp.csv,,,
mart:dce_wtp,ci_method,see 10_dashboard/dataset_schema.md,,,,10_dashboard/schema/dce_wtp.csv,,,
mart:dce_wtp,price_coef_significant,see 10_dashboard/dataset_schema.md,,,,10_dashboard/schema/dce_wtp.csv,,,
mart:dce_wtp,identifiable,see 10_dashboard/dataset_schema.md,,,,10_dashboard/schema/dce_wtp.csv,,,
mart:dce_wtp,data_status,see 10_dashboard/dataset_schema.md,,,,10_dashboard/schema/dce_wtp.csv,,,
mart:dim_chart,chart_id,see 10_dashboard/dataset_schema.md,,,,10_dashboard/schema/dim_chart.csv,manual (10_dashboard),,
mart:dim_chart,view,see 10_dashboard/dataset_schema.md,,,,10_dashboard/schema/dim_chart.csv,manual (10_dashboard),,
mart:dim_chart,title_descriptive,see 10_dashboard/dataset_schema.md,,,,10_dashboard/schema/dim_chart.csv,manual (10_dashboard),,
mart:dim_chart,title_insight,see 10_dashboard/dataset_schema.md,,,,10_dashboard/schema/dim_chart.csv,manual (10_dashboard),,
mart:dim_chart,title_mode,see 10_dashboard/dataset_schema.md,,,,10_dashboard/schema/dim_chart.csv,manual (10_dashboard),,
mart:dim_chart,approved_by,see 10_dashboard/dataset_schema.md,,,,10_dashboard/schema/dim_chart.csv,manual (10_dashboard),,
mart:dim_chart,hyp_ids,see 10_dashboard/dataset_schema.md,,,,10_dashboard/schema/dim_chart.csv,manual (10_dashboard),,
mart:dim_chart,source_table,see 10_dashboard/dataset_schema.md,,,,10_dashboard/schema/dim_chart.csv,manual (10_dashboard),,
mart:dim_chart,min_n_show,see 10_dashboard/dataset_schema.md,,,,10_dashboard/schema/dim_chart.csv,manual (10_dashboard),,
mart:dim_chart,min_n_insight,see 10_dashboard/dataset_schema.md,,,,10_dashboard/schema/dim_chart.csv,manual (10_dashboard),,
mart:dim_hypothesis,hyp_id,see 10_dashboard/dataset_schema.md,,,,10_dashboard/schema/dim_hypothesis.csv,06,,
mart:dim_hypothesis,family,see 10_dashboard/dataset_schema.md,,,,10_dashboard/schema/dim_hypothesis.csv,06,,
mart:dim_hypothesis,statement,see 10_dashboard/dataset_schema.md,,,,10_dashboard/schema/dim_hypothesis.csv,06,,
mart:dim_hypothesis,independent_var,see 10_dashboard/dataset_schema.md,,,,10_dashboard/schema/dim_hypothesis.csv,06,,
mart:dim_hypothesis,dependent_var,see 10_dashboard/dataset_schema.md,,,,10_dashboard/schema/dim_hypothesis.csv,06,,
mart:dim_hypothesis,segment,see 10_dashboard/dataset_schema.md,,,,10_dashboard/schema/dim_hypothesis.csv,06,,
mart:dim_hypothesis,method,see 10_dashboard/dataset_schema.md,,,,10_dashboard/schema/dim_hypothesis.csv,06,,
mart:dim_hypothesis,test,see 10_dashboard/dataset_schema.md,,,,10_dashboard/schema/dim_hypothesis.csv,06,,
mart:dim_hypothesis,threshold,see 10_dashboard/dataset_schema.md,,,,10_dashboard/schema/dim_hypothesis.csv,06,,
mart:dim_hypothesis,required_dataset,see 10_dashboard/dataset_schema.md,,,,10_dashboard/schema/dim_hypothesis.csv,06,,
mart:dim_hypothesis,status,see 10_dashboard/dataset_schema.md,,,,10_dashboard/schema/dim_hypothesis.csv,06,,
mart:dim_hypothesis,result_summary,see 10_dashboard/dataset_schema.md,,,,10_dashboard/schema/dim_hypothesis.csv,06,,
mart:dim_hypothesis,effect_size,see 10_dashboard/dataset_schema.md,,,,10_dashboard/schema/dim_hypothesis.csv,06,,
mart:dim_hypothesis,ci,see 10_dashboard/dataset_schema.md,,,,10_dashboard/schema/dim_hypothesis.csv,06,,
mart:dim_hypothesis,n,see 10_dashboard/dataset_schema.md,,,,10_dashboard/schema/dim_hypothesis.csv,06,,
mart:dim_hypothesis,evidence_ids,see 10_dashboard/dataset_schema.md,,,,10_dashboard/schema/dim_hypothesis.csv,06,,
mart:dim_hypothesis,implication_if_validated,see 10_dashboard/dataset_schema.md,,,,10_dashboard/schema/dim_hypothesis.csv,06,,
mart:dim_hypothesis,implication_if_rejected,see 10_dashboard/dataset_schema.md,,,,10_dashboard/schema/dim_hypothesis.csv,06,,
mart:dim_hypothesis,last_updated,see 10_dashboard/dataset_schema.md,,,,10_dashboard/schema/dim_hypothesis.csv,06,,
mart:fact_audit_obs,audit_id,see 10_dashboard/dataset_schema.md,,,,10_dashboard/schema/fact_audit_obs.csv,10,,
mart:fact_audit_obs,capture_ts,see 10_dashboard/dataset_schema.md,,,,10_dashboard/schema/fact_audit_obs.csv,10,,
mart:fact_audit_obs,day_of_week,see 10_dashboard/dataset_schema.md,,,,10_dashboard/schema/fact_audit_obs.csv,10,,
mart:fact_audit_obs,slot,see 10_dashboard/dataset_schema.md,,,,10_dashboard/schema/fact_audit_obs.csv,10,,
mart:fact_audit_obs,auditor_id,see 10_dashboard/dataset_schema.md,,,,10_dashboard/schema/fact_audit_obs.csv,10,,
mart:fact_audit_obs,drop_point_id,see 10_dashboard/dataset_schema.md,,,,10_dashboard/schema/fact_audit_obs.csv,10,,
mart:fact_audit_obs,platform,see 10_dashboard/dataset_schema.md,,,,10_dashboard/schema/fact_audit_obs.csv,10,,
mart:fact_audit_obs,account_state,see 10_dashboard/dataset_schema.md,,,,10_dashboard/schema/fact_audit_obs.csv,10,,
mart:fact_audit_obs,subscription_active,see 10_dashboard/dataset_schema.md,,,,10_dashboard/schema/fact_audit_obs.csv,10,,
mart:fact_audit_obs,restaurant_id,see 10_dashboard/dataset_schema.md,,,,10_dashboard/schema/fact_audit_obs.csv,10,,
mart:fact_audit_obs,restaurant_name,see 10_dashboard/dataset_schema.md,,,,10_dashboard/schema/fact_audit_obs.csv,10,,
mart:fact_audit_obs,restaurant_listed,see 10_dashboard/dataset_schema.md,,,,10_dashboard/schema/fact_audit_obs.csv,10,,
mart:fact_audit_obs,restaurant_open,see 10_dashboard/dataset_schema.md,,,,10_dashboard/schema/fact_audit_obs.csv,10,,
mart:fact_audit_obs,distance_km_shown,see 10_dashboard/dataset_schema.md,,,,10_dashboard/schema/fact_audit_obs.csv,10,,
mart:fact_audit_obs,basket_id,see 10_dashboard/dataset_schema.md,,,,10_dashboard/schema/fact_audit_obs.csv,10,,
mart:fact_audit_obs,item_list,see 10_dashboard/dataset_schema.md,,,,10_dashboard/schema/fact_audit_obs.csv,10,,
mart:fact_audit_obs,item_match_quality,see 10_dashboard/dataset_schema.md,,,,10_dashboard/schema/fact_audit_obs.csv,10,,
mart:fact_audit_obs,menu_subtotal,see 10_dashboard/dataset_schema.md,,,,10_dashboard/schema/fact_audit_obs.csv,10,,
mart:fact_audit_obs,offline_subtotal_verified,see 10_dashboard/dataset_schema.md,,,,10_dashboard/schema/fact_audit_obs.csv,10,,
mart:fact_audit_obs,offline_price_source,see 10_dashboard/dataset_schema.md,,,,10_dashboard/schema/fact_audit_obs.csv,10,,
mart:fact_audit_obs,packaging_fee,see 10_dashboard/dataset_schema.md,,,,10_dashboard/schema/fact_audit_obs.csv,10,,
mart:fact_audit_obs,platform_fee,see 10_dashboard/dataset_schema.md,,,,10_dashboard/schema/fact_audit_obs.csv,10,,
mart:fact_audit_obs,delivery_fee,see 10_dashboard/dataset_schema.md,,,,10_dashboard/schema/fact_audit_obs.csv,10,,
mart:fact_audit_obs,small_cart_fee,see 10_dashboard/dataset_schema.md,,,,10_dashboard/schema/fact_audit_obs.csv,10,,
mart:fact_audit_obs,surge_rain_fee,see 10_dashboard/dataset_schema.md,,,,10_dashboard/schema/fact_audit_obs.csv,10,,
mart:fact_audit_obs,other_fees,see 10_dashboard/dataset_schema.md,,,,10_dashboard/schema/fact_audit_obs.csv,10,,
mart:fact_audit_obs,taxes_gst,see 10_dashboard/dataset_schema.md,,,,10_dashboard/schema/fact_audit_obs.csv,10,,
mart:fact_audit_obs,discount_amount,see 10_dashboard/dataset_schema.md,,,,10_dashboard/schema/fact_audit_obs.csv,10,,
mart:fact_audit_obs,discount_type,see 10_dashboard/dataset_schema.md,,,,10_dashboard/schema/fact_audit_obs.csv,10,,
mart:fact_audit_obs,subscription_saving_shown,see 10_dashboard/dataset_schema.md,,,,10_dashboard/schema/fact_audit_obs.csv,10,,
mart:fact_audit_obs,final_payable,see 10_dashboard/dataset_schema.md,,,,10_dashboard/schema/fact_audit_obs.csv,10,,
mart:fact_audit_obs,eta_min_shown,see 10_dashboard/dataset_schema.md,,,,10_dashboard/schema/fact_audit_obs.csv,10,,
mart:fact_audit_obs,eta_max_shown,see 10_dashboard/dataset_schema.md,,,,10_dashboard/schema/fact_audit_obs.csv,10,,
mart:fact_audit_obs,promo_banner_text,see 10_dashboard/dataset_schema.md,,,,10_dashboard/schema/fact_audit_obs.csv,10,,
mart:fact_audit_obs,screenshot_file,see 10_dashboard/dataset_schema.md,,,,10_dashboard/schema/fact_audit_obs.csv,10,,
mart:fact_audit_obs,test_order_placed,see 10_dashboard/dataset_schema.md,,,,10_dashboard/schema/fact_audit_obs.csv,10,,
mart:fact_audit_obs,actual_delivery_min,see 10_dashboard/dataset_schema.md,,,,10_dashboard/schema/fact_audit_obs.csv,10,,
mart:fact_audit_obs,order_accurate,see 10_dashboard/dataset_schema.md,,,,10_dashboard/schema/fact_audit_obs.csv,10,,
mart:fact_audit_obs,notes,see 10_dashboard/dataset_schema.md,,,,10_dashboard/schema/fact_audit_obs.csv,10,,
mart:fact_audit_obs,price_tier,see 10_dashboard/dataset_schema.md,,,,10_dashboard/schema/fact_audit_obs.csv,10,,
mart:fact_audit_obs,capture_date,see 10_dashboard/dataset_schema.md,,,,10_dashboard/schema/fact_audit_obs.csv,10,,
mart:fact_audit_obs,eta_mid_shown,see 10_dashboard/dataset_schema.md,,,,10_dashboard/schema/fact_audit_obs.csv,10,,
mart:fact_audit_obs,fee_stack,see 10_dashboard/dataset_schema.md,,,,10_dashboard/schema/fact_audit_obs.csv,10,,
mart:fact_audit_obs,arithmetic_flag,see 10_dashboard/dataset_schema.md,,,,10_dashboard/schema/fact_audit_obs.csv,10,,
mart:fact_audit_obs,valid_row,see 10_dashboard/dataset_schema.md,,,,10_dashboard/schema/fact_audit_obs.csv,10,,
mart:fact_audit_obs,valid_for_pairwise,see 10_dashboard/dataset_schema.md,,,,10_dashboard/schema/fact_audit_obs.csv,10,,
mart:fact_audit_obs,match_key,see 10_dashboard/dataset_schema.md,,,,10_dashboard/schema/fact_audit_obs.csv,10,,
mart:fact_audit_obs,data_status,see 10_dashboard/dataset_schema.md,,,,10_dashboard/schema/fact_audit_obs.csv,10,,
mart:fact_audit_pairs,match_key,see 10_dashboard/dataset_schema.md,,,,10_dashboard/schema/fact_audit_pairs.csv,10,,
mart:fact_audit_pairs,restaurant_id,see 10_dashboard/dataset_schema.md,,,,10_dashboard/schema/fact_audit_pairs.csv,10,,
mart:fact_audit_pairs,price_tier,see 10_dashboard/dataset_schema.md,,,,10_dashboard/schema/fact_audit_pairs.csv,10,,
mart:fact_audit_pairs,basket_id,see 10_dashboard/dataset_schema.md,,,,10_dashboard/schema/fact_audit_pairs.csv,10,,
mart:fact_audit_pairs,drop_point_id,see 10_dashboard/dataset_schema.md,,,,10_dashboard/schema/fact_audit_pairs.csv,10,,
mart:fact_audit_pairs,slot,see 10_dashboard/dataset_schema.md,,,,10_dashboard/schema/fact_audit_pairs.csv,10,,
mart:fact_audit_pairs,capture_date,see 10_dashboard/dataset_schema.md,,,,10_dashboard/schema/fact_audit_pairs.csv,10,,
mart:fact_audit_pairs,account_state,see 10_dashboard/dataset_schema.md,,,,10_dashboard/schema/fact_audit_pairs.csv,10,,
mart:fact_audit_pairs,subscription_active,see 10_dashboard/dataset_schema.md,,,,10_dashboard/schema/fact_audit_pairs.csv,10,,
mart:fact_audit_pairs,comparator,see 10_dashboard/dataset_schema.md,,,,10_dashboard/schema/fact_audit_pairs.csv,10,,
mart:fact_audit_pairs,ownly_total,see 10_dashboard/dataset_schema.md,,,,10_dashboard/schema/fact_audit_pairs.csv,10,,
mart:fact_audit_pairs,c_total,see 10_dashboard/dataset_schema.md,,,,10_dashboard/schema/fact_audit_pairs.csv,10,,
mart:fact_audit_pairs,gap_rs,see 10_dashboard/dataset_schema.md,,,,10_dashboard/schema/fact_audit_pairs.csv,10,,
mart:fact_audit_pairs,gap_pct,see 10_dashboard/dataset_schema.md,,,,10_dashboard/schema/fact_audit_pairs.csv,10,,
mart:fact_audit_pairs,dt_min,see 10_dashboard/dataset_schema.md,,,,10_dashboard/schema/fact_audit_pairs.csv,10,,
mart:fact_audit_pairs,eta_gap_min,see 10_dashboard/dataset_schema.md,,,,10_dashboard/schema/fact_audit_pairs.csv,10,,
mart:fact_audit_pairs,menu_gap_rs,see 10_dashboard/dataset_schema.md,,,,10_dashboard/schema/fact_audit_pairs.csv,10,,
mart:fact_audit_pairs,fee_gap_rs,see 10_dashboard/dataset_schema.md,,,,10_dashboard/schema/fact_audit_pairs.csv,10,,
mart:fact_audit_pairs,tax_gap,see 10_dashboard/dataset_schema.md,,,,10_dashboard/schema/fact_audit_pairs.csv,10,,
mart:fact_audit_pairs,discount_gap,see 10_dashboard/dataset_schema.md,,,,10_dashboard/schema/fact_audit_pairs.csv,10,,
mart:fact_audit_pairs,winner,see 10_dashboard/dataset_schema.md,,,,10_dashboard/schema/fact_audit_pairs.csv,10,,
mart:fact_audit_pairs,data_status,see 10_dashboard/dataset_schema.md,,,,10_dashboard/schema/fact_audit_pairs.csv,10,,
mart:fact_bill_choice_long,resp_id,see 10_dashboard/dataset_schema.md,,,,10_dashboard/schema/fact_bill_choice_long.csv,04,,
mart:fact_bill_choice_long,city,see 10_dashboard/dataset_schema.md,,,,10_dashboard/schema/fact_bill_choice_long.csv,04,,
mart:fact_bill_choice_long,data_status,see 10_dashboard/dataset_schema.md,,,,10_dashboard/schema/fact_bill_choice_long.csv,04,,
mart:fact_bill_choice_long,seg_occupation,see 10_dashboard/dataset_schema.md,,,,10_dashboard/schema/fact_bill_choice_long.csv,04,,
mart:fact_bill_choice_long,seg_freq,see 10_dashboard/dataset_schema.md,,,,10_dashboard/schema/fact_bill_choice_long.csv,04,,
mart:fact_bill_choice_long,meta_form_version,see 10_dashboard/dataset_schema.md,,,,10_dashboard/schema/fact_bill_choice_long.csv,04,,
mart:fact_bill_choice_long,scenario,see 10_dashboard/dataset_schema.md,,,,10_dashboard/schema/fact_bill_choice_long.csv,04,,
mart:fact_bill_choice_long,option_order,see 10_dashboard/dataset_schema.md,,,,10_dashboard/schema/fact_bill_choice_long.csv,04,,
mart:fact_bill_choice_long,choice_code,see 10_dashboard/dataset_schema.md,,,,10_dashboard/schema/fact_bill_choice_long.csv,04,,
mart:fact_bill_choice_long,chose_focal_option,see 10_dashboard/dataset_schema.md,,,,10_dashboard/schema/fact_bill_choice_long.csv,04,,
mart:fact_bill_choice_long,focal_option_label,see 10_dashboard/dataset_schema.md,,,,10_dashboard/schema/fact_bill_choice_long.csv,04,,
mart:fact_bill_choice_long,is_synthetic_scenario,see 10_dashboard/dataset_schema.md,,,,10_dashboard/schema/fact_bill_choice_long.csv,04,,
mart:fact_dce_long,resp_id,see 10_dashboard/dataset_schema.md,,,,10_dashboard/schema/fact_dce_long.csv,04,,
mart:fact_dce_long,city,see 10_dashboard/dataset_schema.md,,,,10_dashboard/schema/fact_dce_long.csv,04,,
mart:fact_dce_long,data_status,see 10_dashboard/dataset_schema.md,,,,10_dashboard/schema/fact_dce_long.csv,04,,
mart:fact_dce_long,seg_occupation,see 10_dashboard/dataset_schema.md,,,,10_dashboard/schema/fact_dce_long.csv,04,,
mart:fact_dce_long,seg_freq,see 10_dashboard/dataset_schema.md,,,,10_dashboard/schema/fact_dce_long.csv,04,,
mart:fact_dce_long,meta_brand_arm,see 10_dashboard/dataset_schema.md,,,,10_dashboard/schema/fact_dce_long.csv,04,,
mart:fact_dce_long,meta_dce_block,see 10_dashboard/dataset_schema.md,,,,10_dashboard/schema/fact_dce_long.csv,04,,
mart:fact_dce_long,task,see 10_dashboard/dataset_schema.md,,,,10_dashboard/schema/fact_dce_long.csv,04,,
mart:fact_dce_long,position,see 10_dashboard/dataset_schema.md,,,,10_dashboard/schema/fact_dce_long.csv,04,,
mart:fact_dce_long,purpose_tag,see 10_dashboard/dataset_schema.md,,,,10_dashboard/schema/fact_dce_long.csv,04,,
mart:fact_dce_long,alt,see 10_dashboard/dataset_schema.md,,,,10_dashboard/schema/fact_dce_long.csv,04,,
mart:fact_dce_long,price,see 10_dashboard/dataset_schema.md,,,,10_dashboard/schema/fact_dce_long.csv,04,,
mart:fact_dce_long,eta_min,see 10_dashboard/dataset_schema.md,,,,10_dashboard/schema/fact_dce_long.csv,04,,
mart:fact_dce_long,late_in_10,see 10_dashboard/dataset_schema.md,,,,10_dashboard/schema/fact_dce_long.csv,04,,
mart:fact_dce_long,restaurants,see 10_dashboard/dataset_schema.md,,,,10_dashboard/schema/fact_dce_long.csv,04,,
mart:fact_dce_long,refund,see 10_dashboard/dataset_schema.md,,,,10_dashboard/schema/fact_dce_long.csv,04,,
mart:fact_dce_long,chosen,see 10_dashboard/dataset_schema.md,,,,10_dashboard/schema/fact_dce_long.csv,04,,
mart:fact_dce_long,FLAG_dominance_fail,see 10_dashboard/dataset_schema.md,,,,10_dashboard/schema/fact_dce_long.csv,04,,
mart:fact_evidence_matrix,insight_id,see 10_dashboard/dataset_schema.md,,,,10_dashboard/schema/fact_evidence_matrix.csv,manual (11_insights),,
mart:fact_evidence_matrix,insight_statement,see 10_dashboard/dataset_schema.md,,,,10_dashboard/schema/fact_evidence_matrix.csv,manual (11_insights),,
mart:fact_evidence_matrix,hypothesis_ids,see 10_dashboard/dataset_schema.md,,,,10_dashboard/schema/fact_evidence_matrix.csv,manual (11_insights),,
mart:fact_evidence_matrix,segment_scope,see 10_dashboard/dataset_schema.md,,,,10_dashboard/schema/fact_evidence_matrix.csv,manual (11_insights),,
mart:fact_evidence_matrix,survey_evidence,see 10_dashboard/dataset_schema.md,,,,10_dashboard/schema/fact_evidence_matrix.csv,manual (11_insights),,
mart:fact_evidence_matrix,survey_n,see 10_dashboard/dataset_schema.md,,,,10_dashboard/schema/fact_evidence_matrix.csv,manual (11_insights),,
mart:fact_evidence_matrix,interview_evidence,see 10_dashboard/dataset_schema.md,,,,10_dashboard/schema/fact_evidence_matrix.csv,manual (11_insights),,
mart:fact_evidence_matrix,interview_count_and_segments,see 10_dashboard/dataset_schema.md,,,,10_dashboard/schema/fact_evidence_matrix.csv,manual (11_insights),,
mart:fact_evidence_matrix,review_social_evidence,see 10_dashboard/dataset_schema.md,,,,10_dashboard/schema/fact_evidence_matrix.csv,manual (11_insights),,
mart:fact_evidence_matrix,competitor_audit_evidence,see 10_dashboard/dataset_schema.md,,,,10_dashboard/schema/fact_evidence_matrix.csv,manual (11_insights),,
mart:fact_evidence_matrix,fake_door_evidence,see 10_dashboard/dataset_schema.md,,,,10_dashboard/schema/fact_evidence_matrix.csv,manual (11_insights),,
mart:fact_evidence_matrix,secondary_evidence,see 10_dashboard/dataset_schema.md,,,,10_dashboard/schema/fact_evidence_matrix.csv,manual (11_insights),,
mart:fact_evidence_matrix,evidence_types_count,see 10_dashboard/dataset_schema.md,,,,10_dashboard/schema/fact_evidence_matrix.csv,manual (11_insights),,
mart:fact_evidence_matrix,strength_HIGH_MEDIUM_LOW,see 10_dashboard/dataset_schema.md,,,,10_dashboard/schema/fact_evidence_matrix.csv,manual (11_insights),,
mart:fact_evidence_matrix,contradicting_evidence,see 10_dashboard/dataset_schema.md,,,,10_dashboard/schema/fact_evidence_matrix.csv,manual (11_insights),,
mart:fact_evidence_matrix,how_contradiction_explained,see 10_dashboard/dataset_schema.md,,,,10_dashboard/schema/fact_evidence_matrix.csv,manual (11_insights),,
mart:fact_evidence_matrix,business_implication,see 10_dashboard/dataset_schema.md,,,,10_dashboard/schema/fact_evidence_matrix.csv,manual (11_insights),,
mart:fact_evidence_matrix,label_FACT_INTERPRETATION_etc,see 10_dashboard/dataset_schema.md,,,,10_dashboard/schema/fact_evidence_matrix.csv,manual (11_insights),,
mart:fact_evidence_matrix,source_ids,see 10_dashboard/dataset_schema.md,,,,10_dashboard/schema/fact_evidence_matrix.csv,manual (11_insights),,
mart:fact_evidence_matrix,last_updated,see 10_dashboard/dataset_schema.md,,,,10_dashboard/schema/fact_evidence_matrix.csv,manual (11_insights),,
mart:fact_fakedoor_events,received_at,see 10_dashboard/dataset_schema.md,,,,10_dashboard/schema/fact_fakedoor_events.csv,12,,
mart:fact_fakedoor_events,experiment_id,see 10_dashboard/dataset_schema.md,,,,10_dashboard/schema/fact_fakedoor_events.csv,12,,
mart:fact_fakedoor_events,page_version,see 10_dashboard/dataset_schema.md,,,,10_dashboard/schema/fact_fakedoor_events.csv,12,,
mart:fact_fakedoor_events,variant_id,see 10_dashboard/dataset_schema.md,,,,10_dashboard/schema/fact_fakedoor_events.csv,12,,
mart:fact_fakedoor_events,variant_key,see 10_dashboard/dataset_schema.md,,,,10_dashboard/schema/fact_fakedoor_events.csv,12,,
mart:fact_fakedoor_events,anon_visitor_id,see 10_dashboard/dataset_schema.md,,,,10_dashboard/schema/fact_fakedoor_events.csv,12,,
mart:fact_fakedoor_events,anon_session_id,see 10_dashboard/dataset_schema.md,,,,10_dashboard/schema/fact_fakedoor_events.csv,12,,
mart:fact_fakedoor_events,event_name,see 10_dashboard/dataset_schema.md,,,,10_dashboard/schema/fact_fakedoor_events.csv,12,,
mart:fact_fakedoor_events,ts,see 10_dashboard/dataset_schema.md,,,,10_dashboard/schema/fact_fakedoor_events.csv,12,,
mart:fact_fakedoor_events,time_since_load_ms,see 10_dashboard/dataset_schema.md,,,,10_dashboard/schema/fact_fakedoor_events.csv,12,,
mart:fact_fakedoor_events,utm_source,see 10_dashboard/dataset_schema.md,,,,10_dashboard/schema/fact_fakedoor_events.csv,12,,
mart:fact_fakedoor_events,utm_medium,see 10_dashboard/dataset_schema.md,,,,10_dashboard/schema/fact_fakedoor_events.csv,12,,
mart:fact_fakedoor_events,utm_campaign,see 10_dashboard/dataset_schema.md,,,,10_dashboard/schema/fact_fakedoor_events.csv,12,,
mart:fact_fakedoor_events,utm_content,see 10_dashboard/dataset_schema.md,,,,10_dashboard/schema/fact_fakedoor_events.csv,12,,
mart:fact_fakedoor_events,referrer_domain,see 10_dashboard/dataset_schema.md,,,,10_dashboard/schema/fact_fakedoor_events.csv,12,,
mart:fact_fakedoor_events,device_type,see 10_dashboard/dataset_schema.md,,,,10_dashboard/schema/fact_fakedoor_events.csv,12,,
mart:fact_fakedoor_events,is_qa,see 10_dashboard/dataset_schema.md,,,,10_dashboard/schema/fact_fakedoor_events.csv,12,,
mart:fact_fakedoor_events,is_bot_suspect,see 10_dashboard/dataset_schema.md,,,,10_dashboard/schema/fact_fakedoor_events.csv,12,,
mart:fact_fakedoor_events,payload_json,see 10_dashboard/dataset_schema.md,,,,10_dashboard/schema/fact_fakedoor_events.csv,12,,
mart:fact_fakedoor_events,data_status,see 10_dashboard/dataset_schema.md,,,,10_dashboard/schema/fact_fakedoor_events.csv,12,,
mart:fact_interview_segments,excerpt_id,see 10_dashboard/dataset_schema.md,,,,10_dashboard/schema/fact_interview_segments.csv,manual coding (04_interviews),,
mart:fact_interview_segments,interview_id,see 10_dashboard/dataset_schema.md,,,,10_dashboard/schema/fact_interview_segments.csv,manual coding (04_interviews),,
mart:fact_interview_segments,city,see 10_dashboard/dataset_schema.md,,,,10_dashboard/schema/fact_interview_segments.csv,manual coding (04_interviews),,
mart:fact_interview_segments,seg_occupation,see 10_dashboard/dataset_schema.md,,,,10_dashboard/schema/fact_interview_segments.csv,manual coding (04_interviews),,
mart:fact_interview_segments,seg_freq,see 10_dashboard/dataset_schema.md,,,,10_dashboard/schema/fact_interview_segments.csv,manual coding (04_interviews),,
mart:fact_interview_segments,scr_area,see 10_dashboard/dataset_schema.md,,,,10_dashboard/schema/fact_interview_segments.csv,manual coding (04_interviews),,
mart:fact_interview_segments,own_status,see 10_dashboard/dataset_schema.md,,,,10_dashboard/schema/fact_interview_segments.csv,manual coding (04_interviews),,
mart:fact_interview_segments,timestamp_in_transcript,see 10_dashboard/dataset_schema.md,,,,10_dashboard/schema/fact_interview_segments.csv,manual coding (04_interviews),,
mart:fact_interview_segments,layer,see 10_dashboard/dataset_schema.md,,,,10_dashboard/schema/fact_interview_segments.csv,manual coding (04_interviews),,
mart:fact_interview_segments,text,see 10_dashboard/dataset_schema.md,,,,10_dashboard/schema/fact_interview_segments.csv,manual coding (04_interviews),,
mart:fact_interview_segments,code,see 10_dashboard/dataset_schema.md,,,,10_dashboard/schema/fact_interview_segments.csv,manual coding (04_interviews),,
mart:fact_interview_segments,jtbd_id,see 10_dashboard/dataset_schema.md,,,,10_dashboard/schema/fact_interview_segments.csv,manual coding (04_interviews),,
mart:fact_interview_segments,linked_hypothesis,see 10_dashboard/dataset_schema.md,,,,10_dashboard/schema/fact_interview_segments.csv,manual coding (04_interviews),,
mart:fact_interview_segments,coder_id,see 10_dashboard/dataset_schema.md,,,,10_dashboard/schema/fact_interview_segments.csv,manual coding (04_interviews),,
mart:fact_interview_segments,second_coder_agree,see 10_dashboard/dataset_schema.md,,,,10_dashboard/schema/fact_interview_segments.csv,manual coding (04_interviews),,
mart:fact_interview_segments,data_status,see 10_dashboard/dataset_schema.md,,,,10_dashboard/schema/fact_interview_segments.csv,manual coding (04_interviews),,
mart:fact_reviews,item_id,see 10_dashboard/dataset_schema.md,,,,10_dashboard/schema/fact_reviews.csv,11,,
mart:fact_reviews,source,see 10_dashboard/dataset_schema.md,,,,10_dashboard/schema/fact_reviews.csv,11,,
mart:fact_reviews,community,see 10_dashboard/dataset_schema.md,,,,10_dashboard/schema/fact_reviews.csv,11,,
mart:fact_reviews,item_kind,see 10_dashboard/dataset_schema.md,,,,10_dashboard/schema/fact_reviews.csv,11,,
mart:fact_reviews,app_context,see 10_dashboard/dataset_schema.md,,,,10_dashboard/schema/fact_reviews.csv,11,,
mart:fact_reviews,url,see 10_dashboard/dataset_schema.md,,,,10_dashboard/schema/fact_reviews.csv,11,,
mart:fact_reviews,item_date,see 10_dashboard/dataset_schema.md,,,,10_dashboard/schema/fact_reviews.csv,11,,
mart:fact_reviews,access_date,see 10_dashboard/dataset_schema.md,,,,10_dashboard/schema/fact_reviews.csv,11,,
mart:fact_reviews,star_rating,see 10_dashboard/dataset_schema.md,,,,10_dashboard/schema/fact_reviews.csv,11,,
mart:fact_reviews,author_type,see 10_dashboard/dataset_schema.md,,,,10_dashboard/schema/fact_reviews.csv,11,,
mart:fact_reviews,city_mentioned,see 10_dashboard/dataset_schema.md,,,,10_dashboard/schema/fact_reviews.csv,11,,
mart:fact_reviews,sentiment,see 10_dashboard/dataset_schema.md,,,,10_dashboard/schema/fact_reviews.csv,11,,
mart:fact_reviews,themes,see 10_dashboard/dataset_schema.md,,,,10_dashboard/schema/fact_reviews.csv,11,,
mart:fact_reviews,primary_theme,see 10_dashboard/dataset_schema.md,,,,10_dashboard/schema/fact_reviews.csv,11,,
mart:fact_reviews,theme_family,see 10_dashboard/dataset_schema.md,,,,10_dashboard/schema/fact_reviews.csv,11,,
mart:fact_reviews,severity,see 10_dashboard/dataset_schema.md,,,,10_dashboard/schema/fact_reviews.csv,11,,
mart:fact_reviews,order_stage,see 10_dashboard/dataset_schema.md,,,,10_dashboard/schema/fact_reviews.csv,11,,
mart:fact_reviews,switching_trigger_flag,see 10_dashboard/dataset_schema.md,,,,10_dashboard/schema/fact_reviews.csv,11,,
mart:fact_reviews,churn_signal,see 10_dashboard/dataset_schema.md,,,,10_dashboard/schema/fact_reviews.csv,11,,
mart:fact_reviews,repeat_use_signal,see 10_dashboard/dataset_schema.md,,,,10_dashboard/schema/fact_reviews.csv,11,,
mart:fact_reviews,price_value_comment,see 10_dashboard/dataset_schema.md,,,,10_dashboard/schema/fact_reviews.csv,11,,
mart:fact_reviews,delivery_eta_comment,see 10_dashboard/dataset_schema.md,,,,10_dashboard/schema/fact_reviews.csv,11,,
mart:fact_reviews,assortment_comment,see 10_dashboard/dataset_schema.md,,,,10_dashboard/schema/fact_reviews.csv,11,,
mart:fact_reviews,support_comment,see 10_dashboard/dataset_schema.md,,,,10_dashboard/schema/fact_reviews.csv,11,,
mart:fact_reviews,trust_safety_quality_comment,see 10_dashboard/dataset_schema.md,,,,10_dashboard/schema/fact_reviews.csv,11,,
mart:fact_reviews,quote_excerpt,see 10_dashboard/dataset_schema.md,,,,10_dashboard/schema/fact_reviews.csv,11,,
mart:fact_reviews,evidence_label,see 10_dashboard/dataset_schema.md,,,,10_dashboard/schema/fact_reviews.csv,11,,
mart:fact_reviews,hypotheses_linked,see 10_dashboard/dataset_schema.md,,,,10_dashboard/schema/fact_reviews.csv,11,,
mart:fact_reviews,coder,see 10_dashboard/dataset_schema.md,,,,10_dashboard/schema/fact_reviews.csv,11,,
mart:fact_reviews,human_verified,see 10_dashboard/dataset_schema.md,,,,10_dashboard/schema/fact_reviews.csv,11,,
mart:fact_reviews,data_status,see 10_dashboard/dataset_schema.md,,,,10_dashboard/schema/fact_reviews.csv,11,,
mart:fact_scorecard,scope,see 10_dashboard/dataset_schema.md,,,,10_dashboard/schema/fact_scorecard.csv,13,,
mart:fact_scorecard,n_scope,see 10_dashboard/dataset_schema.md,,,,10_dashboard/schema/fact_scorecard.csv,13,,
mart:fact_scorecard,n_users,see 10_dashboard/dataset_schema.md,,,,10_dashboard/schema/fact_scorecard.csv,13,,
mart:fact_scorecard,weight_set,see 10_dashboard/dataset_schema.md,,,,10_dashboard/schema/fact_scorecard.csv,13,,
mart:fact_scorecard,dimension,see 10_dashboard/dataset_schema.md,,,,10_dashboard/schema/fact_scorecard.csv,13,,
mart:fact_scorecard,input_id,see 10_dashboard/dataset_schema.md,,,,10_dashboard/schema/fact_scorecard.csv,13,,
mart:fact_scorecard,input_label,see 10_dashboard/dataset_schema.md,,,,10_dashboard/schema/fact_scorecard.csv,13,,
mart:fact_scorecard,input_value,see 10_dashboard/dataset_schema.md,,,,10_dashboard/schema/fact_scorecard.csv,13,,
mart:fact_scorecard,input_n,see 10_dashboard/dataset_schema.md,,,,10_dashboard/schema/fact_scorecard.csv,13,,
mart:fact_scorecard,weak_anchor,see 10_dashboard/dataset_schema.md,,,,10_dashboard/schema/fact_scorecard.csv,13,,
mart:fact_scorecard,strong_anchor,see 10_dashboard/dataset_schema.md,,,,10_dashboard/schema/fact_scorecard.csv,13,,
mart:fact_scorecard,input_score,see 10_dashboard/dataset_schema.md,,,,10_dashboard/schema/fact_scorecard.csv,13,,
mart:fact_scorecard,input_weight,see 10_dashboard/dataset_schema.md,,,,10_dashboard/schema/fact_scorecard.csv,13,,
mart:fact_scorecard,testable,see 10_dashboard/dataset_schema.md,,,,10_dashboard/schema/fact_scorecard.csv,13,,
mart:fact_scorecard,not_testable_reason,see 10_dashboard/dataset_schema.md,,,,10_dashboard/schema/fact_scorecard.csv,13,,
mart:fact_scorecard,source_types,see 10_dashboard/dataset_schema.md,,,,10_dashboard/schema/fact_scorecard.csv,13,,
mart:fact_scorecard,dimension_score,see 10_dashboard/dataset_schema.md,,,,10_dashboard/schema/fact_scorecard.csv,13,,
mart:fact_scorecard,dimension_ci_low,see 10_dashboard/dataset_schema.md,,,,10_dashboard/schema/fact_scorecard.csv,13,,
mart:fact_scorecard,dimension_ci_high,see 10_dashboard/dataset_schema.md,,,,10_dashboard/schema/fact_scorecard.csv,13,,
mart:fact_scorecard,evidence_badge,see 10_dashboard/dataset_schema.md,,,,10_dashboard/schema/fact_scorecard.csv,13,,
mart:fact_scorecard,missing_inputs,see 10_dashboard/dataset_schema.md,,,,10_dashboard/schema/fact_scorecard.csv,13,,
mart:fact_scorecard,dimension_weight,see 10_dashboard/dataset_schema.md,,,,10_dashboard/schema/fact_scorecard.csv,13,,
mart:fact_scorecard,weighted_total,see 10_dashboard/dataset_schema.md,,,,10_dashboard/schema/fact_scorecard.csv,13,,
mart:fact_scorecard,dimensions_scored,see 10_dashboard/dataset_schema.md,,,,10_dashboard/schema/fact_scorecard.csv,13,,
mart:fact_scorecard,recommendation,see 10_dashboard/dataset_schema.md,,,,10_dashboard/schema/fact_scorecard.csv,13,,
mart:fact_scorecard,rule_applied,see 10_dashboard/dataset_schema.md,,,,10_dashboard/schema/fact_scorecard.csv,13,,
mart:fact_scorecard,provisional,see 10_dashboard/dataset_schema.md,,,,10_dashboard/schema/fact_scorecard.csv,13,,
mart:fact_scorecard,data_status,see 10_dashboard/dataset_schema.md,,,,10_dashboard/schema/fact_scorecard.csv,13,,
mart:fact_survey_respondent,resp_id,see 10_dashboard/dataset_schema.md,,,,10_dashboard/schema/fact_survey_respondent.csv,04 (+09 weights),,
mart:fact_survey_respondent,city,see 10_dashboard/dataset_schema.md,,,,10_dashboard/schema/fact_survey_respondent.csv,04 (+09 weights),,
mart:fact_survey_respondent,data_status,see 10_dashboard/dataset_schema.md,,,,10_dashboard/schema/fact_survey_respondent.csv,04 (+09 weights),,
mart:fact_survey_respondent,meta_form_version,see 10_dashboard/dataset_schema.md,,,,10_dashboard/schema/fact_survey_respondent.csv,04 (+09 weights),,
mart:fact_survey_respondent,meta_brand_arm,see 10_dashboard/dataset_schema.md,,,,10_dashboard/schema/fact_survey_respondent.csv,04 (+09 weights),,
mart:fact_survey_respondent,meta_dce_block,see 10_dashboard/dataset_schema.md,,,,10_dashboard/schema/fact_survey_respondent.csv,04 (+09 weights),,
mart:fact_survey_respondent,meta_session_token,see 10_dashboard/dataset_schema.md,,,,10_dashboard/schema/fact_survey_respondent.csv,04 (+09 weights),,
mart:fact_survey_respondent,meta_start_ts,see 10_dashboard/dataset_schema.md,,,,10_dashboard/schema/fact_survey_respondent.csv,04 (+09 weights),,
mart:fact_survey_respondent,meta_source,see 10_dashboard/dataset_schema.md,,,,10_dashboard/schema/fact_survey_respondent.csv,04 (+09 weights),,
mart:fact_survey_respondent,meta_campaign,see 10_dashboard/dataset_schema.md,,,,10_dashboard/schema/fact_survey_respondent.csv,04 (+09 weights),,
mart:fact_survey_respondent,meta_submit_ts,see 10_dashboard/dataset_schema.md,,,,10_dashboard/schema/fact_survey_respondent.csv,04 (+09 weights),,
mart:fact_survey_respondent,meta_duration_sec,see 10_dashboard/dataset_schema.md,,,,10_dashboard/schema/fact_survey_respondent.csv,04 (+09 weights),,
mart:fact_survey_respondent,meta_consent,see 10_dashboard/dataset_schema.md,,,,10_dashboard/schema/fact_survey_respondent.csv,04 (+09 weights),,
mart:fact_survey_respondent,scr_age_band,see 10_dashboard/dataset_schema.md,,,,10_dashboard/schema/fact_survey_respondent.csv,04 (+09 weights),,
mart:fact_survey_respondent,scr_area,see 10_dashboard/dataset_schema.md,,,,10_dashboard/schema/fact_survey_respondent.csv,04 (+09 weights),,
mart:fact_survey_respondent,scr_orders_4wk,see 10_dashboard/dataset_schema.md,,,,10_dashboard/schema/fact_survey_respondent.csv,04 (+09 weights),,
mart:fact_survey_respondent,scr_coi,see 10_dashboard/dataset_schema.md,,,,10_dashboard/schema/fact_survey_respondent.csv,04 (+09 weights),,
mart:fact_survey_respondent,scr_repeat,see 10_dashboard/dataset_schema.md,,,,10_dashboard/schema/fact_survey_respondent.csv,04 (+09 weights),,
mart:fact_survey_respondent,seg_occupation_raw,see 10_dashboard/dataset_schema.md,,,,10_dashboard/schema/fact_survey_respondent.csv,04 (+09 weights),,
mart:fact_survey_respondent,dem_institution,see 10_dashboard/dataset_schema.md,,,,10_dashboard/schema/fact_survey_respondent.csv,04 (+09 weights),,
mart:fact_survey_respondent,dem_work_sector,see 10_dashboard/dataset_schema.md,,,,10_dashboard/schema/fact_survey_respondent.csv,04 (+09 weights),,
mart:fact_survey_respondent,dem_living,see 10_dashboard/dataset_schema.md,,,,10_dashboard/schema/fact_survey_respondent.csv,04 (+09 weights),,
mart:fact_survey_respondent,dem_delivery_spend_month,see 10_dashboard/dataset_schema.md,,,,10_dashboard/schema/fact_survey_respondent.csv,04 (+09 weights),,
mart:fact_survey_respondent,dem_gender,see 10_dashboard/dataset_schema.md,,,,10_dashboard/schema/fact_survey_respondent.csv,04 (+09 weights),,
mart:fact_survey_respondent,beh_unaided_apps,see 10_dashboard/dataset_schema.md,,,,10_dashboard/schema/fact_survey_respondent.csv,04 (+09 weights),,
mart:fact_survey_respondent,beh_last_order_when,see 10_dashboard/dataset_schema.md,,,,10_dashboard/schema/fact_survey_respondent.csv,04 (+09 weights),,
mart:fact_survey_respondent,beh_last_platform,see 10_dashboard/dataset_schema.md,,,,10_dashboard/schema/fact_survey_respondent.csv,04 (+09 weights),,
mart:fact_survey_respondent,beh_last_meal,see 10_dashboard/dataset_schema.md,,,,10_dashboard/schema/fact_survey_respondent.csv,04 (+09 weights),,
mart:fact_survey_respondent,beh_last_people,see 10_dashboard/dataset_schema.md,,,,10_dashboard/schema/fact_survey_respondent.csv,04 (+09 weights),,
mart:fact_survey_respondent,beh_last_food,see 10_dashboard/dataset_schema.md,,,,10_dashboard/schema/fact_survey_respondent.csv,04 (+09 weights),,
mart:fact_survey_respondent,beh_last_restaurant_type,see 10_dashboard/dataset_schema.md,,,,10_dashboard/schema/fact_survey_respondent.csv,04 (+09 weights),,
mart:fact_survey_respondent,beh_last_order_total,see 10_dashboard/dataset_schema.md,,,,10_dashboard/schema/fact_survey_respondent.csv,04 (+09 weights),,
mart:fact_survey_respondent,beh_last_total_recall,see 10_dashboard/dataset_schema.md,,,,10_dashboard/schema/fact_survey_respondent.csv,04 (+09 weights),,
mart:fact_survey_respondent,beh_last_discount,see 10_dashboard/dataset_schema.md,,,,10_dashboard/schema/fact_survey_respondent.csv,04 (+09 weights),,
mart:fact_survey_respondent,beh_last_fees_noticed,see 10_dashboard/dataset_schema.md,,,,10_dashboard/schema/fact_survey_respondent.csv,04 (+09 weights),,
mart:fact_survey_respondent,dec_last_reasons,see 10_dashboard/dataset_schema.md,,,,10_dashboard/schema/fact_survey_respondent.csv,04 (+09 weights),,
mart:fact_survey_respondent,beh_weekday_weekend,see 10_dashboard/dataset_schema.md,,,,10_dashboard/schema/fact_survey_respondent.csv,04 (+09 weights),,
mart:fact_survey_respondent,beh_meal_occasions,see 10_dashboard/dataset_schema.md,,,,10_dashboard/schema/fact_survey_respondent.csv,04 (+09 weights),,
mart:fact_survey_respondent,beh_platforms_used_4wk,see 10_dashboard/dataset_schema.md,,,,10_dashboard/schema/fact_survey_respondent.csv,04 (+09 weights),,
mart:fact_survey_respondent,beh_platform_primary,see 10_dashboard/dataset_schema.md,,,,10_dashboard/schema/fact_survey_respondent.csv,04 (+09 weights),,
mart:fact_survey_respondent,beh_subscriptions,see 10_dashboard/dataset_schema.md,,,,10_dashboard/schema/fact_survey_respondent.csv,04 (+09 weights),,
mart:fact_survey_respondent,beh_offer_dependency,see 10_dashboard/dataset_schema.md,,,,10_dashboard/schema/fact_survey_respondent.csv,04 (+09 weights),,
mart:fact_survey_respondent,dec_habit_lock,see 10_dashboard/dataset_schema.md,,,,10_dashboard/schema/fact_survey_respondent.csv,04 (+09 weights),,
mart:fact_survey_respondent,beh_compare_freq,see 10_dashboard/dataset_schema.md,,,,10_dashboard/schema/fact_survey_respondent.csv,04 (+09 weights),,
mart:fact_survey_respondent,beh_switched_primary_12m,see 10_dashboard/dataset_schema.md,,,,10_dashboard/schema/fact_survey_respondent.csv,04 (+09 weights),,
mart:fact_survey_respondent,beh_switch_reason,see 10_dashboard/dataset_schema.md,,,,10_dashboard/schema/fact_survey_respondent.csv,04 (+09 weights),,
mart:fact_survey_respondent,pain_unaided_frustration,see 10_dashboard/dataset_schema.md,,,,10_dashboard/schema/fact_survey_respondent.csv,04 (+09 weights),,
mart:fact_survey_respondent,pain_fee_reconsider_freq,see 10_dashboard/dataset_schema.md,,,,10_dashboard/schema/fact_survey_respondent.csv,04 (+09 weights),,
mart:fact_survey_respondent,pain_bill_unreasonable_freq,see 10_dashboard/dataset_schema.md,,,,10_dashboard/schema/fact_survey_respondent.csv,04 (+09 weights),,
mart:fact_survey_respondent,beh_abandon_price_freq,see 10_dashboard/dataset_schema.md,,,,10_dashboard/schema/fact_survey_respondent.csv,04 (+09 weights),,
mart:fact_survey_respondent,pain_late_freq,see 10_dashboard/dataset_schema.md,,,,10_dashboard/schema/fact_survey_respondent.csv,04 (+09 weights),,
mart:fact_survey_respondent,pain_cancel_freq,see 10_dashboard/dataset_schema.md,,,,10_dashboard/schema/fact_survey_respondent.csv,04 (+09 weights),,
mart:fact_survey_respondent,att_check_1,see 10_dashboard/dataset_schema.md,,,,10_dashboard/schema/fact_survey_respondent.csv,04 (+09 weights),,
mart:fact_survey_respondent,pain_wrong_item_freq,see 10_dashboard/dataset_schema.md,,,,10_dashboard/schema/fact_survey_respondent.csv,04 (+09 weights),,
mart:fact_survey_respondent,pain_restaurant_unavailable_freq,see 10_dashboard/dataset_schema.md,,,,10_dashboard/schema/fact_survey_respondent.csv,04 (+09 weights),,
mart:fact_survey_respondent,pain_quality_freq,see 10_dashboard/dataset_schema.md,,,,10_dashboard/schema/fact_survey_respondent.csv,04 (+09 weights),,
mart:fact_survey_respondent,pain_menu_markup_belief,see 10_dashboard/dataset_schema.md,,,,10_dashboard/schema/fact_survey_respondent.csv,04 (+09 weights),,
mart:fact_survey_respondent,pain_top_frustrations,see 10_dashboard/dataset_schema.md,,,,10_dashboard/schema/fact_survey_respondent.csv,04 (+09 weights),,
mart:fact_survey_respondent,pain_incidents_3m,see 10_dashboard/dataset_schema.md,,,,10_dashboard/schema/fact_survey_respondent.csv,04 (+09 weights),,
mart:fact_survey_respondent,pain_refund_outcome,see 10_dashboard/dataset_schema.md,,,,10_dashboard/schema/fact_survey_respondent.csv,04 (+09 weights),,
mart:fact_survey_respondent,exp_eta_max_lunch,see 10_dashboard/dataset_schema.md,,,,10_dashboard/schema/fact_survey_respondent.csv,04 (+09 weights),,
mart:fact_survey_respondent,exp_eta_max_dinner,see 10_dashboard/dataset_schema.md,,,,10_dashboard/schema/fact_survey_respondent.csv,04 (+09 weights),,
mart:fact_survey_respondent,exp_late_tolerance,see 10_dashboard/dataset_schema.md,,,,10_dashboard/schema/fact_survey_respondent.csv,04 (+09 weights),,
mart:fact_survey_respondent,exp_fav_restaurant_needed,see 10_dashboard/dataset_schema.md,,,,10_dashboard/schema/fact_survey_respondent.csv,04 (+09 weights),,
mart:fact_survey_respondent,exp_restaurant_types_needed,see 10_dashboard/dataset_schema.md,,,,10_dashboard/schema/fact_survey_respondent.csv,04 (+09 weights),,
mart:fact_survey_respondent,exp_refund_expectation,see 10_dashboard/dataset_schema.md,,,,10_dashboard/schema/fact_survey_respondent.csv,04 (+09 weights),,
mart:fact_survey_respondent,exp_instructions_importance,see 10_dashboard/dataset_schema.md,,,,10_dashboard/schema/fact_survey_respondent.csv,04 (+09 weights),,
mart:fact_survey_respondent,exp_quality_concern_cheap,see 10_dashboard/dataset_schema.md,,,,10_dashboard/schema/fact_survey_respondent.csv,04 (+09 weights),,
mart:fact_survey_respondent,beh_switch_savings_required,see 10_dashboard/dataset_schema.md,,,,10_dashboard/schema/fact_survey_respondent.csv,04 (+09 weights),,
mart:fact_survey_respondent,bill_s1,see 10_dashboard/dataset_schema.md,,,,10_dashboard/schema/fact_survey_respondent.csv,04 (+09 weights),,
mart:fact_survey_respondent,bill_s2,see 10_dashboard/dataset_schema.md,,,,10_dashboard/schema/fact_survey_respondent.csv,04 (+09 weights),,
mart:fact_survey_respondent,bill_s3,see 10_dashboard/dataset_schema.md,,,,10_dashboard/schema/fact_survey_respondent.csv,04 (+09 weights),,
mart:fact_survey_respondent,bill_s4,see 10_dashboard/dataset_schema.md,,,,10_dashboard/schema/fact_survey_respondent.csv,04 (+09 weights),,
mart:fact_survey_respondent,dce_t1,see 10_dashboard/dataset_schema.md,,,,10_dashboard/schema/fact_survey_respondent.csv,04 (+09 weights),,
mart:fact_survey_respondent,dce_t2,see 10_dashboard/dataset_schema.md,,,,10_dashboard/schema/fact_survey_respondent.csv,04 (+09 weights),,
mart:fact_survey_respondent,dce_t3,see 10_dashboard/dataset_schema.md,,,,10_dashboard/schema/fact_survey_respondent.csv,04 (+09 weights),,
mart:fact_survey_respondent,dce_t4,see 10_dashboard/dataset_schema.md,,,,10_dashboard/schema/fact_survey_respondent.csv,04 (+09 weights),,
mart:fact_survey_respondent,dce_t5,see 10_dashboard/dataset_schema.md,,,,10_dashboard/schema/fact_survey_respondent.csv,04 (+09 weights),,
mart:fact_survey_respondent,dce_t6,see 10_dashboard/dataset_schema.md,,,,10_dashboard/schema/fact_survey_respondent.csv,04 (+09 weights),,
mart:fact_survey_respondent,dce_dom,see 10_dashboard/dataset_schema.md,,,,10_dashboard/schema/fact_survey_respondent.csv,04 (+09 weights),,
mart:fact_survey_respondent,bt_appeal,see 10_dashboard/dataset_schema.md,,,,10_dashboard/schema/fact_survey_respondent.csv,04 (+09 weights),,
mart:fact_survey_respondent,bt_trial_intent,see 10_dashboard/dataset_schema.md,,,,10_dashboard/schema/fact_survey_respondent.csv,04 (+09 weights),,
mart:fact_survey_respondent,bt_trust,see 10_dashboard/dataset_schema.md,,,,10_dashboard/schema/fact_survey_respondent.csv,04 (+09 weights),,
mart:fact_survey_respondent,bt_expected_reliability,see 10_dashboard/dataset_schema.md,,,,10_dashboard/schema/fact_survey_respondent.csv,04 (+09 weights),,
mart:fact_survey_respondent,bt_expected_price,see 10_dashboard/dataset_schema.md,,,,10_dashboard/schema/fact_survey_respondent.csv,04 (+09 weights),,
mart:fact_survey_respondent,bt_concern,see 10_dashboard/dataset_schema.md,,,,10_dashboard/schema/fact_survey_respondent.csv,04 (+09 weights),,
mart:fact_survey_respondent,bt_framing_pref,see 10_dashboard/dataset_schema.md,,,,10_dashboard/schema/fact_survey_respondent.csv,04 (+09 weights),,
mart:fact_survey_respondent,wtp_start,see 10_dashboard/dataset_schema.md,,,,10_dashboard/schema/fact_survey_respondent.csv,04 (+09 weights),,
mart:fact_survey_respondent,wtp_accept_0,see 10_dashboard/dataset_schema.md,,,,10_dashboard/schema/fact_survey_respondent.csv,04 (+09 weights),,
mart:fact_survey_respondent,wtp_accept_10,see 10_dashboard/dataset_schema.md,,,,10_dashboard/schema/fact_survey_respondent.csv,04 (+09 weights),,
mart:fact_survey_respondent,wtp_accept_20,see 10_dashboard/dataset_schema.md,,,,10_dashboard/schema/fact_survey_respondent.csv,04 (+09 weights),,
mart:fact_survey_respondent,wtp_accept_30,see 10_dashboard/dataset_schema.md,,,,10_dashboard/schema/fact_survey_respondent.csv,04 (+09 weights),,
mart:fact_survey_respondent,wtp_accept_40,see 10_dashboard/dataset_schema.md,,,,10_dashboard/schema/fact_survey_respondent.csv,04 (+09 weights),,
mart:fact_survey_respondent,wtp_accept_50,see 10_dashboard/dataset_schema.md,,,,10_dashboard/schema/fact_survey_respondent.csv,04 (+09 weights),,
mart:fact_survey_respondent,wtp_accept_60,see 10_dashboard/dataset_schema.md,,,,10_dashboard/schema/fact_survey_respondent.csv,04 (+09 weights),,
mart:fact_survey_respondent,br_trial_intent,see 10_dashboard/dataset_schema.md,,,,10_dashboard/schema/fact_survey_respondent.csv,04 (+09 weights),,
mart:fact_survey_respondent,br_trust,see 10_dashboard/dataset_schema.md,,,,10_dashboard/schema/fact_survey_respondent.csv,04 (+09 weights),,
mart:fact_survey_respondent,br_expected_reliability,see 10_dashboard/dataset_schema.md,,,,10_dashboard/schema/fact_survey_respondent.csv,04 (+09 weights),,
mart:fact_survey_respondent,br_rapido_effect,see 10_dashboard/dataset_schema.md,,,,10_dashboard/schema/fact_survey_respondent.csv,04 (+09 weights),,
mart:fact_survey_respondent,br_rapido_effect_why,see 10_dashboard/dataset_schema.md,,,,10_dashboard/schema/fact_survey_respondent.csv,04 (+09 weights),,
mart:fact_survey_respondent,dem_rapido_ride_use,see 10_dashboard/dataset_schema.md,,,,10_dashboard/schema/fact_survey_respondent.csv,04 (+09 weights),,
mart:fact_survey_respondent,dem_rapido_ride_experience,see 10_dashboard/dataset_schema.md,,,,10_dashboard/schema/fact_survey_respondent.csv,04 (+09 weights),,
mart:fact_survey_respondent,own_aware_aided,see 10_dashboard/dataset_schema.md,,,,10_dashboard/schema/fact_survey_respondent.csv,04 (+09 weights),,
mart:fact_survey_respondent,own_aware_duration,see 10_dashboard/dataset_schema.md,,,,10_dashboard/schema/fact_survey_respondent.csv,04 (+09 weights),,
mart:fact_survey_respondent,own_aware_source,see 10_dashboard/dataset_schema.md,,,,10_dashboard/schema/fact_survey_respondent.csv,04 (+09 weights),,
mart:fact_survey_respondent,own_tried,see 10_dashboard/dataset_schema.md,,,,10_dashboard/schema/fact_survey_respondent.csv,04 (+09 weights),,
mart:fact_survey_respondent,own_not_tried_reason,see 10_dashboard/dataset_schema.md,,,,10_dashboard/schema/fact_survey_respondent.csv,04 (+09 weights),,
mart:fact_survey_respondent,own_trust,see 10_dashboard/dataset_schema.md,,,,10_dashboard/schema/fact_survey_respondent.csv,04 (+09 weights),,
mart:fact_survey_respondent,own_first_order_month,see 10_dashboard/dataset_schema.md,,,,10_dashboard/schema/fact_survey_respondent.csv,04 (+09 weights),,
mart:fact_survey_respondent,own_first_trial_trigger,see 10_dashboard/dataset_schema.md,,,,10_dashboard/schema/fact_survey_respondent.csv,04 (+09 weights),,
mart:fact_survey_respondent,own_choose_reasons,see 10_dashboard/dataset_schema.md,,,,10_dashboard/schema/fact_survey_respondent.csv,04 (+09 weights),,
mart:fact_survey_respondent,own_orders_4wk,see 10_dashboard/dataset_schema.md,,,,10_dashboard/schema/fact_survey_respondent.csv,04 (+09 weights),,
mart:fact_survey_respondent,own_share_of_orders,see 10_dashboard/dataset_schema.md,,,,10_dashboard/schema/fact_survey_respondent.csv,04 (+09 weights),,
mart:fact_survey_respondent,own_last_total,see 10_dashboard/dataset_schema.md,,,,10_dashboard/schema/fact_survey_respondent.csv,04 (+09 weights),,
mart:fact_survey_respondent,own_perceived_savings,see 10_dashboard/dataset_schema.md,,,,10_dashboard/schema/fact_survey_respondent.csv,04 (+09 weights),,
mart:fact_survey_respondent,own_known_savings,see 10_dashboard/dataset_schema.md,,,,10_dashboard/schema/fact_survey_respondent.csv,04 (+09 weights),,
mart:fact_survey_respondent,own_reliability_rating,see 10_dashboard/dataset_schema.md,,,,10_dashboard/schema/fact_survey_respondent.csv,04 (+09 weights),,
mart:fact_survey_respondent,own_found_restaurants,see 10_dashboard/dataset_schema.md,,,,10_dashboard/schema/fact_survey_respondent.csv,04 (+09 weights),,
mart:fact_survey_respondent,own_order_accuracy,see 10_dashboard/dataset_schema.md,,,,10_dashboard/schema/fact_survey_respondent.csv,04 (+09 weights),,
mart:fact_survey_respondent,own_eta_vs_other,see 10_dashboard/dataset_schema.md,,,,10_dashboard/schema/fact_survey_respondent.csv,04 (+09 weights),,
mart:fact_survey_respondent,own_issues_3m,see 10_dashboard/dataset_schema.md,,,,10_dashboard/schema/fact_survey_respondent.csv,04 (+09 weights),,
mart:fact_survey_respondent,own_support_issue_resolved,see 10_dashboard/dataset_schema.md,,,,10_dashboard/schema/fact_survey_respondent.csv,04 (+09 weights),,
mart:fact_survey_respondent,churn_reduced_reasons,see 10_dashboard/dataset_schema.md,,,,10_dashboard/schema/fact_survey_respondent.csv,04 (+09 weights),,
mart:fact_survey_respondent,own_competitor_when,see 10_dashboard/dataset_schema.md,,,,10_dashboard/schema/fact_survey_respondent.csv,04 (+09 weights),,
mart:fact_survey_respondent,own_continue_intent,see 10_dashboard/dataset_schema.md,,,,10_dashboard/schema/fact_survey_respondent.csv,04 (+09 weights),,
mart:fact_survey_respondent,own_disappointment,see 10_dashboard/dataset_schema.md,,,,10_dashboard/schema/fact_survey_respondent.csv,04 (+09 weights),,
mart:fact_survey_respondent,meta_found_survey,see 10_dashboard/dataset_schema.md,,,,10_dashboard/schema/fact_survey_respondent.csv,04 (+09 weights),,
mart:fact_survey_respondent,meta_comments,see 10_dashboard/dataset_schema.md,,,,10_dashboard/schema/fact_survey_respondent.csv,04 (+09 weights),,
mart:fact_survey_respondent,seg_freq,see 10_dashboard/dataset_schema.md,,,,10_dashboard/schema/fact_survey_respondent.csv,04 (+09 weights),,
mart:fact_survey_respondent,beh_platform_count,see 10_dashboard/dataset_schema.md,,,,10_dashboard/schema/fact_survey_respondent.csv,04 (+09 weights),,
mart:fact_survey_respondent,beh_multihome,see 10_dashboard/dataset_schema.md,,,,10_dashboard/schema/fact_survey_respondent.csv,04 (+09 weights),,
mart:fact_survey_respondent,multihome5,see 10_dashboard/dataset_schema.md,,,,10_dashboard/schema/fact_survey_respondent.csv,04 (+09 weights),,
mart:fact_survey_respondent,beh_any_subscription,see 10_dashboard/dataset_schema.md,,,,10_dashboard/schema/fact_survey_respondent.csv,04 (+09 weights),,
mart:fact_survey_respondent,high_offer_dependency,see 10_dashboard/dataset_schema.md,,,,10_dashboard/schema/fact_survey_respondent.csv,04 (+09 weights),,
mart:fact_survey_respondent,price_set,see 10_dashboard/dataset_schema.md,,,,10_dashboard/schema/fact_survey_respondent.csv,04 (+09 weights),,
mart:fact_survey_respondent,reliability_set,see 10_dashboard/dataset_schema.md,,,,10_dashboard/schema/fact_survey_respondent.csv,04 (+09 weights),,
mart:fact_survey_respondent,pain_incident_any_3m,see 10_dashboard/dataset_schema.md,,,,10_dashboard/schema/fact_survey_respondent.csv,04 (+09 weights),,
mart:fact_survey_respondent,own_via_rapido,see 10_dashboard/dataset_schema.md,,,,10_dashboard/schema/fact_survey_respondent.csv,04 (+09 weights),,
mart:fact_survey_respondent,ownly_any,see 10_dashboard/dataset_schema.md,,,,10_dashboard/schema/fact_survey_respondent.csv,04 (+09 weights),,
mart:fact_survey_respondent,FLAG_iiith,see 10_dashboard/dataset_schema.md,,,,10_dashboard/schema/fact_survey_respondent.csv,04 (+09 weights),,
mart:fact_survey_respondent,blr_pilot_area,see 10_dashboard/dataset_schema.md,,,,10_dashboard/schema/fact_survey_respondent.csv,04 (+09 weights),,
mart:fact_survey_respondent,own_aware_unaided,see 10_dashboard/dataset_schema.md,,,,10_dashboard/schema/fact_survey_respondent.csv,04 (+09 weights),,
mart:fact_survey_respondent,own_aware_any,see 10_dashboard/dataset_schema.md,,,,10_dashboard/schema/fact_survey_respondent.csv,04 (+09 weights),,
mart:fact_survey_respondent,aware_2wk_plus,see 10_dashboard/dataset_schema.md,,,,10_dashboard/schema/fact_survey_respondent.csv,04 (+09 weights),,
mart:fact_survey_respondent,own_tried_bin,see 10_dashboard/dataset_schema.md,,,,10_dashboard/schema/fact_survey_respondent.csv,04 (+09 weights),,
mart:fact_survey_respondent,own_repeat,see 10_dashboard/dataset_schema.md,,,,10_dashboard/schema/fact_survey_respondent.csv,04 (+09 weights),,
mart:fact_survey_respondent,own_lapsed,see 10_dashboard/dataset_schema.md,,,,10_dashboard/schema/fact_survey_respondent.csv,04 (+09 weights),,
mart:fact_survey_respondent,tenure_band,see 10_dashboard/dataset_schema.md,,,,10_dashboard/schema/fact_survey_respondent.csv,04 (+09 weights),,
mart:fact_survey_respondent,on_time_most,see 10_dashboard/dataset_schema.md,,,,10_dashboard/schema/fact_survey_respondent.csv,04 (+09 weights),,
mart:fact_survey_respondent,unresolved,see 10_dashboard/dataset_schema.md,,,,10_dashboard/schema/fact_survey_respondent.csv,04 (+09 weights),,
mart:fact_survey_respondent,offer_trigger,see 10_dashboard/dataset_schema.md,,,,10_dashboard/schema/fact_survey_respondent.csv,04 (+09 weights),,
mart:fact_survey_respondent,rapido_exp_group,see 10_dashboard/dataset_schema.md,,,,10_dashboard/schema/fact_survey_respondent.csv,04 (+09 weights),,
mart:fact_survey_respondent,switch_price_never,see 10_dashboard/dataset_schema.md,,,,10_dashboard/schema/fact_survey_respondent.csv,04 (+09 weights),,
mart:fact_survey_respondent,FLAG_dominance_fail,see 10_dashboard/dataset_schema.md,,,,10_dashboard/schema/fact_survey_respondent.csv,04 (+09 weights),,
mart:fact_survey_respondent,wtp_max_fee,see 10_dashboard/dataset_schema.md,,,,10_dashboard/schema/fact_survey_respondent.csv,04 (+09 weights),,
mart:fact_survey_respondent,ppi,see 10_dashboard/dataset_schema.md,,,,10_dashboard/schema/fact_survey_respondent.csv,04 (+09 weights),,
mart:fact_survey_respondent,sri,see 10_dashboard/dataset_schema.md,,,,10_dashboard/schema/fact_survey_respondent.csv,04 (+09 weights),,
mart:fact_survey_respondent,rss,see 10_dashboard/dataset_schema.md,,,,10_dashboard/schema/fact_survey_respondent.csv,04 (+09 weights),,
mart:fact_survey_respondent,adi,see 10_dashboard/dataset_schema.md,,,,10_dashboard/schema/fact_survey_respondent.csv,04 (+09 weights),,
mart:fact_survey_respondent,bt_t2b,see 10_dashboard/dataset_schema.md,,,,10_dashboard/schema/fact_survey_respondent.csv,04 (+09 weights),,
mart:fact_survey_respondent,bt_top_box,see 10_dashboard/dataset_schema.md,,,,10_dashboard/schema/fact_survey_respondent.csv,04 (+09 weights),,
mart:fact_survey_respondent,own_status,see 10_dashboard/dataset_schema.md,,,,10_dashboard/schema/fact_survey_respondent.csv,04 (+09 weights),,
mart:fact_survey_respondent,wtp_nonmonotone,see 10_dashboard/dataset_schema.md,,,,10_dashboard/schema/fact_survey_respondent.csv,04 (+09 weights),,
mart:fact_survey_respondent,bt_concern_coded,see 10_dashboard/dataset_schema.md,,,,10_dashboard/schema/fact_survey_respondent.csv,04 (+09 weights),,
mart:fact_survey_respondent,beh_switch_reason_coded,see 10_dashboard/dataset_schema.md,,,,10_dashboard/schema/fact_survey_respondent.csv,04 (+09 weights),,
mart:fact_survey_respondent,pain_unaided_coded,see 10_dashboard/dataset_schema.md,,,,10_dashboard/schema/fact_survey_respondent.csv,04 (+09 weights),,
mart:fact_survey_respondent,w_match_hyd,see 10_dashboard/dataset_schema.md,,,,10_dashboard/schema/fact_survey_respondent.csv,04 (+09 weights),,
mart:fact_survey_respondent,exclusion_flags,see 10_dashboard/dataset_schema.md,,,,10_dashboard/schema/fact_survey_respondent.csv,04 (+09 weights),,
mart:fact_wtp_long,resp_id,see 10_dashboard/dataset_schema.md,,,,10_dashboard/schema/fact_wtp_long.csv,04,,
mart:fact_wtp_long,city,see 10_dashboard/dataset_schema.md,,,,10_dashboard/schema/fact_wtp_long.csv,04,,
mart:fact_wtp_long,data_status,see 10_dashboard/dataset_schema.md,,,,10_dashboard/schema/fact_wtp_long.csv,04,,
mart:fact_wtp_long,seg_occupation,see 10_dashboard/dataset_schema.md,,,,10_dashboard/schema/fact_wtp_long.csv,04,,
mart:fact_wtp_long,seg_freq,see 10_dashboard/dataset_schema.md,,,,10_dashboard/schema/fact_wtp_long.csv,04,,
mart:fact_wtp_long,beh_any_subscription,see 10_dashboard/dataset_schema.md,,,,10_dashboard/schema/fact_wtp_long.csv,04,,
mart:fact_wtp_long,wtp_start,see 10_dashboard/dataset_schema.md,,,,10_dashboard/schema/fact_wtp_long.csv,04,,
mart:fact_wtp_long,fee,see 10_dashboard/dataset_schema.md,,,,10_dashboard/schema/fact_wtp_long.csv,04,,
mart:fact_wtp_long,asked,see 10_dashboard/dataset_schema.md,,,,10_dashboard/schema/fact_wtp_long.csv,04,,
mart:fact_wtp_long,accept,see 10_dashboard/dataset_schema.md,,,,10_dashboard/schema/fact_wtp_long.csv,04,,
mart:fact_wtp_long,accept_implied,see 10_dashboard/dataset_schema.md,,,,10_dashboard/schema/fact_wtp_long.csv,04,,
mart:fact_wtp_long,wtp_max_fee,see 10_dashboard/dataset_schema.md,,,,10_dashboard/schema/fact_wtp_long.csv,04,,
mart:fakedoor_summary,scope,see 10_dashboard/dataset_schema.md,,,,10_dashboard/schema/fakedoor_summary.csv,,,
mart:fakedoor_summary,group,see 10_dashboard/dataset_schema.md,,,,10_dashboard/schema/fakedoor_summary.csv,,,
mart:fakedoor_summary,variant,see 10_dashboard/dataset_schema.md,,,,10_dashboard/schema/fakedoor_summary.csv,,,
mart:fakedoor_summary,metric,see 10_dashboard/dataset_schema.md,,,,10_dashboard/schema/fakedoor_summary.csv,,,
mart:fakedoor_summary,x,see 10_dashboard/dataset_schema.md,,,,10_dashboard/schema/fakedoor_summary.csv,,,
mart:fakedoor_summary,n,see 10_dashboard/dataset_schema.md,,,,10_dashboard/schema/fakedoor_summary.csv,,,
mart:fakedoor_summary,rate,see 10_dashboard/dataset_schema.md,,,,10_dashboard/schema/fakedoor_summary.csv,,,
mart:fakedoor_summary,ci_low,see 10_dashboard/dataset_schema.md,,,,10_dashboard/schema/fakedoor_summary.csv,,,
mart:fakedoor_summary,ci_high,see 10_dashboard/dataset_schema.md,,,,10_dashboard/schema/fakedoor_summary.csv,,,
mart:fakedoor_summary,data_status,see 10_dashboard/dataset_schema.md,,,,10_dashboard/schema/fakedoor_summary.csv,,,
mart:transfer_metrics,row_id,see 10_dashboard/dataset_schema.md,,,,10_dashboard/schema/transfer_metrics.csv,,,
mart:transfer_metrics,bengaluru_assumption,see 10_dashboard/dataset_schema.md,,,,10_dashboard/schema/transfer_metrics.csv,,,
mart:transfer_metrics,bengaluru_observed_evidence,see 10_dashboard/dataset_schema.md,,,,10_dashboard/schema/transfer_metrics.csv,,,
mart:transfer_metrics,bengaluru_evidence_ids,see 10_dashboard/dataset_schema.md,,,,10_dashboard/schema/transfer_metrics.csv,,,
mart:transfer_metrics,bengaluru_n,see 10_dashboard/dataset_schema.md,,,,10_dashboard/schema/transfer_metrics.csv,,,
mart:transfer_metrics,hyderabad_metric,see 10_dashboard/dataset_schema.md,,,,10_dashboard/schema/transfer_metrics.csv,,,
mart:transfer_metrics,hyderabad_observed_evidence,see 10_dashboard/dataset_schema.md,,,,10_dashboard/schema/transfer_metrics.csv,,,
mart:transfer_metrics,hyderabad_evidence_ids,see 10_dashboard/dataset_schema.md,,,,10_dashboard/schema/transfer_metrics.csv,,,
mart:transfer_metrics,hyderabad_n,see 10_dashboard/dataset_schema.md,,,,10_dashboard/schema/transfer_metrics.csv,,,
mart:transfer_metrics,matched_comparison_weighted_diff_and_CI,see 10_dashboard/dataset_schema.md,,,,10_dashboard/schema/transfer_metrics.csv,,,
mart:transfer_metrics,non_inferiority_margin,see 10_dashboard/dataset_schema.md,,,,10_dashboard/schema/transfer_metrics.csv,,,
mart:transfer_metrics,verdict_TRANSFERABLE_NEEDS_ADAPTATION_NON_TRANSFERABLE_UNKNOWN,see 10_dashboard/dataset_schema.md,,,,10_dashboard/schema/transfer_metrics.csv,,,
mart:transfer_metrics,verdict_rule_applied,see 10_dashboard/dataset_schema.md,,,,10_dashboard/schema/transfer_metrics.csv,,,
mart:transfer_metrics,confidence,see 10_dashboard/dataset_schema.md,,,,10_dashboard/schema/transfer_metrics.csv,,,
mart:transfer_metrics,implication_for_gachibowli,see 10_dashboard/dataset_schema.md,,,,10_dashboard/schema/transfer_metrics.csv,,,
mart:transfer_metrics,hypothesis_ids,see 10_dashboard/dataset_schema.md,,,,10_dashboard/schema/transfer_metrics.csv,,,
mart:wtp_curve,segment,see 10_dashboard/dataset_schema.md,,,,10_dashboard/schema/wtp_curve.csv,,,
mart:wtp_curve,fee,see 10_dashboard/dataset_schema.md,,,,10_dashboard/schema/wtp_curve.csv,,,
mart:wtp_curve,accept_share,see 10_dashboard/dataset_schema.md,,,,10_dashboard/schema/wtp_curve.csv,,,
mart:wtp_curve,ci_low,see 10_dashboard/dataset_schema.md,,,,10_dashboard/schema/wtp_curve.csv,,,
mart:wtp_curve,ci_high,see 10_dashboard/dataset_schema.md,,,,10_dashboard/schema/wtp_curve.csv,,,
mart:wtp_curve,n,see 10_dashboard/dataset_schema.md,,,,10_dashboard/schema/wtp_curve.csv,,,
mart:wtp_curve,median_acceptable_fee,see 10_dashboard/dataset_schema.md,,,,10_dashboard/schema/wtp_curve.csv,,,
mart:wtp_curve,median_fee_ci_low,see 10_dashboard/dataset_schema.md,,,,10_dashboard/schema/wtp_curve.csv,,,
mart:wtp_curve,median_fee_ci_high,see 10_dashboard/dataset_schema.md,,,,10_dashboard/schema/wtp_curve.csv,,,
mart:wtp_curve,arc_elasticity_to_next,see 10_dashboard/dataset_schema.md,,,,10_dashboard/schema/wtp_curve.csv,,,
mart:wtp_curve,ladder_status,see 10_dashboard/dataset_schema.md,,,,10_dashboard/schema/wtp_curve.csv,,,
mart:wtp_curve,data_status,see 10_dashboard/dataset_schema.md,,,,10_dashboard/schema/wtp_curve.csv,,,
audit_raw,audit_id,see 06_competitor_audit/audit_data_dictionary.md,,,,06_competitor_audit/audit_schema.csv,manual field capture (06_competitor_audit/audit_field_sheet.md),,
audit_raw,capture_ts,see 06_competitor_audit/audit_data_dictionary.md,,,,06_competitor_audit/audit_schema.csv,manual field capture (06_competitor_audit/audit_field_sheet.md),,
audit_raw,day_of_week,see 06_competitor_audit/audit_data_dictionary.md,,,,06_competitor_audit/audit_schema.csv,manual field capture (06_competitor_audit/audit_field_sheet.md),,
audit_raw,slot,see 06_competitor_audit/audit_data_dictionary.md,,,,06_competitor_audit/audit_schema.csv,manual field capture (06_competitor_audit/audit_field_sheet.md),,
audit_raw,auditor_id,see 06_competitor_audit/audit_data_dictionary.md,,,,06_competitor_audit/audit_schema.csv,manual field capture (06_competitor_audit/audit_field_sheet.md),,
audit_raw,drop_point_id,see 06_competitor_audit/audit_data_dictionary.md,,,,06_competitor_audit/audit_schema.csv,manual field capture (06_competitor_audit/audit_field_sheet.md),,
audit_raw,platform,see 06_competitor_audit/audit_data_dictionary.md,,,,06_competitor_audit/audit_schema.csv,manual field capture (06_competitor_audit/audit_field_sheet.md),,
audit_raw,account_state,see 06_competitor_audit/audit_data_dictionary.md,,,,06_competitor_audit/audit_schema.csv,manual field capture (06_competitor_audit/audit_field_sheet.md),,
audit_raw,subscription_active,see 06_competitor_audit/audit_data_dictionary.md,,,,06_competitor_audit/audit_schema.csv,manual field capture (06_competitor_audit/audit_field_sheet.md),,
audit_raw,restaurant_id,see 06_competitor_audit/audit_data_dictionary.md,,,,06_competitor_audit/audit_schema.csv,manual field capture (06_competitor_audit/audit_field_sheet.md),,
audit_raw,restaurant_name,see 06_competitor_audit/audit_data_dictionary.md,,,,06_competitor_audit/audit_schema.csv,manual field capture (06_competitor_audit/audit_field_sheet.md),,
audit_raw,restaurant_listed,see 06_competitor_audit/audit_data_dictionary.md,,,,06_competitor_audit/audit_schema.csv,manual field capture (06_competitor_audit/audit_field_sheet.md),,
audit_raw,restaurant_open,see 06_competitor_audit/audit_data_dictionary.md,,,,06_competitor_audit/audit_schema.csv,manual field capture (06_competitor_audit/audit_field_sheet.md),,
audit_raw,distance_km_shown,see 06_competitor_audit/audit_data_dictionary.md,,,,06_competitor_audit/audit_schema.csv,manual field capture (06_competitor_audit/audit_field_sheet.md),,
audit_raw,basket_id,see 06_competitor_audit/audit_data_dictionary.md,,,,06_competitor_audit/audit_schema.csv,manual field capture (06_competitor_audit/audit_field_sheet.md),,
audit_raw,item_list,see 06_competitor_audit/audit_data_dictionary.md,,,,06_competitor_audit/audit_schema.csv,manual field capture (06_competitor_audit/audit_field_sheet.md),,
audit_raw,item_match_quality,see 06_competitor_audit/audit_data_dictionary.md,,,,06_competitor_audit/audit_schema.csv,manual field capture (06_competitor_audit/audit_field_sheet.md),,
audit_raw,menu_subtotal,see 06_competitor_audit/audit_data_dictionary.md,,,,06_competitor_audit/audit_schema.csv,manual field capture (06_competitor_audit/audit_field_sheet.md),,
audit_raw,offline_subtotal_verified,see 06_competitor_audit/audit_data_dictionary.md,,,,06_competitor_audit/audit_schema.csv,manual field capture (06_competitor_audit/audit_field_sheet.md),,
audit_raw,offline_price_source,see 06_competitor_audit/audit_data_dictionary.md,,,,06_competitor_audit/audit_schema.csv,manual field capture (06_competitor_audit/audit_field_sheet.md),,
audit_raw,packaging_fee,see 06_competitor_audit/audit_data_dictionary.md,,,,06_competitor_audit/audit_schema.csv,manual field capture (06_competitor_audit/audit_field_sheet.md),,
audit_raw,platform_fee,see 06_competitor_audit/audit_data_dictionary.md,,,,06_competitor_audit/audit_schema.csv,manual field capture (06_competitor_audit/audit_field_sheet.md),,
audit_raw,delivery_fee,see 06_competitor_audit/audit_data_dictionary.md,,,,06_competitor_audit/audit_schema.csv,manual field capture (06_competitor_audit/audit_field_sheet.md),,
audit_raw,small_cart_fee,see 06_competitor_audit/audit_data_dictionary.md,,,,06_competitor_audit/audit_schema.csv,manual field capture (06_competitor_audit/audit_field_sheet.md),,
audit_raw,surge_rain_fee,see 06_competitor_audit/audit_data_dictionary.md,,,,06_competitor_audit/audit_schema.csv,manual field capture (06_competitor_audit/audit_field_sheet.md),,
audit_raw,other_fees,see 06_competitor_audit/audit_data_dictionary.md,,,,06_competitor_audit/audit_schema.csv,manual field capture (06_competitor_audit/audit_field_sheet.md),,
audit_raw,taxes_gst,see 06_competitor_audit/audit_data_dictionary.md,,,,06_competitor_audit/audit_schema.csv,manual field capture (06_competitor_audit/audit_field_sheet.md),,
audit_raw,discount_amount,see 06_competitor_audit/audit_data_dictionary.md,,,,06_competitor_audit/audit_schema.csv,manual field capture (06_competitor_audit/audit_field_sheet.md),,
audit_raw,discount_type,see 06_competitor_audit/audit_data_dictionary.md,,,,06_competitor_audit/audit_schema.csv,manual field capture (06_competitor_audit/audit_field_sheet.md),,
audit_raw,subscription_saving_shown,see 06_competitor_audit/audit_data_dictionary.md,,,,06_competitor_audit/audit_schema.csv,manual field capture (06_competitor_audit/audit_field_sheet.md),,
audit_raw,final_payable,see 06_competitor_audit/audit_data_dictionary.md,,,,06_competitor_audit/audit_schema.csv,manual field capture (06_competitor_audit/audit_field_sheet.md),,
audit_raw,eta_min_shown,see 06_competitor_audit/audit_data_dictionary.md,,,,06_competitor_audit/audit_schema.csv,manual field capture (06_competitor_audit/audit_field_sheet.md),,
audit_raw,eta_max_shown,see 06_competitor_audit/audit_data_dictionary.md,,,,06_competitor_audit/audit_schema.csv,manual field capture (06_competitor_audit/audit_field_sheet.md),,
audit_raw,promo_banner_text,see 06_competitor_audit/audit_data_dictionary.md,,,,06_competitor_audit/audit_schema.csv,manual field capture (06_competitor_audit/audit_field_sheet.md),,
audit_raw,screenshot_file,see 06_competitor_audit/audit_data_dictionary.md,,,,06_competitor_audit/audit_schema.csv,manual field capture (06_competitor_audit/audit_field_sheet.md),,
audit_raw,test_order_placed,see 06_competitor_audit/audit_data_dictionary.md,,,,06_competitor_audit/audit_schema.csv,manual field capture (06_competitor_audit/audit_field_sheet.md),,
audit_raw,actual_delivery_min,see 06_competitor_audit/audit_data_dictionary.md,,,,06_competitor_audit/audit_schema.csv,manual field capture (06_competitor_audit/audit_field_sheet.md),,
audit_raw,order_accurate,see 06_competitor_audit/audit_data_dictionary.md,,,,06_competitor_audit/audit_schema.csv,manual field capture (06_competitor_audit/audit_field_sheet.md),,
audit_raw,notes,see 06_competitor_audit/audit_data_dictionary.md,,,,06_competitor_audit/audit_schema.csv,manual field capture (06_competitor_audit/audit_field_sheet.md),,
reviews_app_store_coded,review_id,see 05_review_mining/app_stores/codebook.md,,,,05_review_mining/app_stores/reviews_coded.csv,05_review_mining/app_stores/collect_and_code.py + AI first pass,,
reviews_app_store_coded,platform_source,see 05_review_mining/app_stores/codebook.md,,,,05_review_mining/app_stores/reviews_coded.csv,05_review_mining/app_stores/collect_and_code.py + AI first pass,,
reviews_app_store_coded,app_id,see 05_review_mining/app_stores/codebook.md,,,,05_review_mining/app_stores/reviews_coded.csv,05_review_mining/app_stores/collect_and_code.py + AI first pass,,
reviews_app_store_coded,app_context,see 05_review_mining/app_stores/codebook.md,,,,05_review_mining/app_stores/reviews_coded.csv,05_review_mining/app_stores/collect_and_code.py + AI first pass,,
reviews_app_store_coded,app_version,see 05_review_mining/app_stores/codebook.md,,,,05_review_mining/app_stores/reviews_coded.csv,05_review_mining/app_stores/collect_and_code.py + AI first pass,,
reviews_app_store_coded,review_date,see 05_review_mining/app_stores/codebook.md,,,,05_review_mining/app_stores/reviews_coded.csv,05_review_mining/app_stores/collect_and_code.py + AI first pass,,
reviews_app_store_coded,star_rating,see 05_review_mining/app_stores/codebook.md,,,,05_review_mining/app_stores/reviews_coded.csv,05_review_mining/app_stores/collect_and_code.py + AI first pass,,
reviews_app_store_coded,review_text,see 05_review_mining/app_stores/codebook.md,,,,05_review_mining/app_stores/reviews_coded.csv,05_review_mining/app_stores/collect_and_code.py + AI first pass,,
reviews_app_store_coded,thumbs_up_count,see 05_review_mining/app_stores/codebook.md,,,,05_review_mining/app_stores/reviews_coded.csv,05_review_mining/app_stores/collect_and_code.py + AI first pass,,
reviews_app_store_coded,developer_reply_present,see 05_review_mining/app_stores/codebook.md,,,,05_review_mining/app_stores/reviews_coded.csv,05_review_mining/app_stores/collect_and_code.py + AI first pass,,
reviews_app_store_coded,source_url,see 05_review_mining/app_stores/codebook.md,,,,05_review_mining/app_stores/reviews_coded.csv,05_review_mining/app_stores/collect_and_code.py + AI first pass,,
reviews_app_store_coded,retrieved_at,see 05_review_mining/app_stores/codebook.md,,,,05_review_mining/app_stores/reviews_coded.csv,05_review_mining/app_stores/collect_and_code.py + AI first pass,,
reviews_app_store_coded,language,see 05_review_mining/app_stores/codebook.md,,,,05_review_mining/app_stores/reviews_coded.csv,05_review_mining/app_stores/collect_and_code.py + AI first pass,,
reviews_app_store_coded,city_mentioned,see 05_review_mining/app_stores/codebook.md,,,,05_review_mining/app_stores/reviews_coded.csv,05_review_mining/app_stores/collect_and_code.py + AI first pass,,
reviews_app_store_coded,sentiment,see 05_review_mining/app_stores/codebook.md,,,,05_review_mining/app_stores/reviews_coded.csv,05_review_mining/app_stores/collect_and_code.py + AI first pass,,
reviews_app_store_coded,themes,see 05_review_mining/app_stores/codebook.md,,,,05_review_mining/app_stores/reviews_coded.csv,05_review_mining/app_stores/collect_and_code.py + AI first pass,,
reviews_app_store_coded,primary_theme,see 05_review_mining/app_stores/codebook.md,,,,05_review_mining/app_stores/reviews_coded.csv,05_review_mining/app_stores/collect_and_code.py + AI first pass,,
reviews_app_store_coded,severity,see 05_review_mining/app_stores/codebook.md,,,,05_review_mining/app_stores/reviews_coded.csv,05_review_mining/app_stores/collect_and_code.py + AI first pass,,
reviews_app_store_coded,order_stage,see 05_review_mining/app_stores/codebook.md,,,,05_review_mining/app_stores/reviews_coded.csv,05_review_mining/app_stores/collect_and_code.py + AI first pass,,
reviews_app_store_coded,switching_trigger_flag,see 05_review_mining/app_stores/codebook.md,,,,05_review_mining/app_stores/reviews_coded.csv,05_review_mining/app_stores/collect_and_code.py + AI first pass,,
reviews_app_store_coded,switching_trigger_text,see 05_review_mining/app_stores/codebook.md,,,,05_review_mining/app_stores/reviews_coded.csv,05_review_mining/app_stores/collect_and_code.py + AI first pass,,
reviews_app_store_coded,churn_signal,see 05_review_mining/app_stores/codebook.md,,,,05_review_mining/app_stores/reviews_coded.csv,05_review_mining/app_stores/collect_and_code.py + AI first pass,,
reviews_app_store_coded,repeat_use_signal,see 05_review_mining/app_stores/codebook.md,,,,05_review_mining/app_stores/reviews_coded.csv,05_review_mining/app_stores/collect_and_code.py + AI first pass,,
reviews_app_store_coded,price_value_comment,see 05_review_mining/app_stores/codebook.md,,,,05_review_mining/app_stores/reviews_coded.csv,05_review_mining/app_stores/collect_and_code.py + AI first pass,,
reviews_app_store_coded,delivery_eta_comment,see 05_review_mining/app_stores/codebook.md,,,,05_review_mining/app_stores/reviews_coded.csv,05_review_mining/app_stores/collect_and_code.py + AI first pass,,
reviews_app_store_coded,assortment_comment,see 05_review_mining/app_stores/codebook.md,,,,05_review_mining/app_stores/reviews_coded.csv,05_review_mining/app_stores/collect_and_code.py + AI first pass,,
reviews_app_store_coded,support_comment,see 05_review_mining/app_stores/codebook.md,,,,05_review_mining/app_stores/reviews_coded.csv,05_review_mining/app_stores/collect_and_code.py + AI first pass,,
reviews_app_store_coded,trust_safety_quality_comment,see 05_review_mining/app_stores/codebook.md,,,,05_review_mining/app_stores/reviews_coded.csv,05_review_mining/app_stores/collect_and_code.py + AI first pass,,
reviews_app_store_coded,coding_note,see 05_review_mining/app_stores/codebook.md,,,,05_review_mining/app_stores/reviews_coded.csv,05_review_mining/app_stores/collect_and_code.py + AI first pass,,
reviews_app_store_coded,coder,see 05_review_mining/app_stores/codebook.md,,,,05_review_mining/app_stores/reviews_coded.csv,05_review_mining/app_stores/collect_and_code.py + AI first pass,,
reviews_app_store_coded,human_verified,see 05_review_mining/app_stores/codebook.md,,,,05_review_mining/app_stores/reviews_coded.csv,05_review_mining/app_stores/collect_and_code.py + AI first pass,,
social_coded,item_id,see 05_review_mining/social/codebook_social.md,,,,05_review_mining/social/social_coded.csv,05_review_mining/social (AI first pass),,
social_coded,platform,see 05_review_mining/social/codebook_social.md,,,,05_review_mining/social/social_coded.csv,05_review_mining/social (AI first pass),,
social_coded,community,see 05_review_mining/social/codebook_social.md,,,,05_review_mining/social/social_coded.csv,05_review_mining/social (AI first pass),,
social_coded,item_kind,see 05_review_mining/social/codebook_social.md,,,,05_review_mining/social/social_coded.csv,05_review_mining/social (AI first pass),,
social_coded,parent_item_id,see 05_review_mining/social/codebook_social.md,,,,05_review_mining/social/social_coded.csv,05_review_mining/social (AI first pass),,
social_coded,url,see 05_review_mining/social/codebook_social.md,,,,05_review_mining/social/social_coded.csv,05_review_mining/social (AI first pass),,
social_coded,post_date,see 05_review_mining/social/codebook_social.md,,,,05_review_mining/social/social_coded.csv,05_review_mining/social (AI first pass),,
social_coded,date_quality,see 05_review_mining/social/codebook_social.md,,,,05_review_mining/social/social_coded.csv,05_review_mining/social (AI first pass),,
social_coded,access_date,see 05_review_mining/social/codebook_social.md,,,,05_review_mining/social/social_coded.csv,05_review_mining/social (AI first pass),,
social_coded,author_type,see 05_review_mining/social/codebook_social.md,,,,05_review_mining/social/social_coded.csv,05_review_mining/social (AI first pass),,
social_coded,engagement,see 05_review_mining/social/codebook_social.md,,,,05_review_mining/social/social_coded.csv,05_review_mining/social (AI first pass),,
social_coded,text_excerpt,see 05_review_mining/social/codebook_social.md,,,,05_review_mining/social/social_coded.csv,05_review_mining/social (AI first pass),,
social_coded,verbatim_status,see 05_review_mining/social/codebook_social.md,,,,05_review_mining/social/social_coded.csv,05_review_mining/social (AI first pass),,
social_coded,city_mentioned,see 05_review_mining/social/codebook_social.md,,,,05_review_mining/social/social_coded.csv,05_review_mining/social (AI first pass),,
social_coded,collection_note,see 05_review_mining/social/codebook_social.md,,,,05_review_mining/social/social_coded.csv,05_review_mining/social (AI first pass),,
social_coded,relevant,see 05_review_mining/social/codebook_social.md,,,,05_review_mining/social/social_coded.csv,05_review_mining/social (AI first pass),,
social_coded,first_hand_ownly_use,see 05_review_mining/social/codebook_social.md,,,,05_review_mining/social/social_coded.csv,05_review_mining/social (AI first pass),,
social_coded,sentiment,see 05_review_mining/social/codebook_social.md,,,,05_review_mining/social/social_coded.csv,05_review_mining/social (AI first pass),,
social_coded,themes,see 05_review_mining/social/codebook_social.md,,,,05_review_mining/social/social_coded.csv,05_review_mining/social (AI first pass),,
social_coded,primary_theme,see 05_review_mining/social/codebook_social.md,,,,05_review_mining/social/social_coded.csv,05_review_mining/social (AI first pass),,
social_coded,severity,see 05_review_mining/social/codebook_social.md,,,,05_review_mining/social/social_coded.csv,05_review_mining/social (AI first pass),,
social_coded,order_stage,see 05_review_mining/social/codebook_social.md,,,,05_review_mining/social/social_coded.csv,05_review_mining/social (AI first pass),,
social_coded,switching_trigger_flag,see 05_review_mining/social/codebook_social.md,,,,05_review_mining/social/social_coded.csv,05_review_mining/social (AI first pass),,
social_coded,switching_trigger_text,see 05_review_mining/social/codebook_social.md,,,,05_review_mining/social/social_coded.csv,05_review_mining/social (AI first pass),,
social_coded,churn_signal,see 05_review_mining/social/codebook_social.md,,,,05_review_mining/social/social_coded.csv,05_review_mining/social (AI first pass),,
social_coded,repeat_use_signal,see 05_review_mining/social/codebook_social.md,,,,05_review_mining/social/social_coded.csv,05_review_mining/social (AI first pass),,
social_coded,price_value_comment,see 05_review_mining/social/codebook_social.md,,,,05_review_mining/social/social_coded.csv,05_review_mining/social (AI first pass),,
social_coded,delivery_eta_comment,see 05_review_mining/social/codebook_social.md,,,,05_review_mining/social/social_coded.csv,05_review_mining/social (AI first pass),,
social_coded,assortment_comment,see 05_review_mining/social/codebook_social.md,,,,05_review_mining/social/social_coded.csv,05_review_mining/social (AI first pass),,
social_coded,support_comment,see 05_review_mining/social/codebook_social.md,,,,05_review_mining/social/social_coded.csv,05_review_mining/social (AI first pass),,
social_coded,trust_safety_quality_comment,see 05_review_mining/social/codebook_social.md,,,,05_review_mining/social/social_coded.csv,05_review_mining/social (AI first pass),,
social_coded,hypotheses_linked,see 05_review_mining/social/codebook_social.md,,,,05_review_mining/social/social_coded.csv,05_review_mining/social (AI first pass),,
social_coded,evidence_label,see 05_review_mining/social/codebook_social.md,,,,05_review_mining/social/social_coded.csv,05_review_mining/social (AI first pass),,
social_coded,coding_note,see 05_review_mining/social/codebook_social.md,,,,05_review_mining/social/social_coded.csv,05_review_mining/social (AI first pass),,
social_coded,coder,see 05_review_mining/social/codebook_social.md,,,,05_review_mining/social/social_coded.csv,05_review_mining/social (AI first pass),,
social_coded,human_verified,see 05_review_mining/social/codebook_social.md,,,,05_review_mining/social/social_coded.csv,05_review_mining/social (AI first pass),,
interview_coded_segments,interview_id,see 04_interviews/coding_framework.md,,,,04_interviews/coded_segments_template.csv,manual + AI first pass (human reviewed),,
interview_coded_segments,segment_id,see 04_interviews/coding_framework.md,,,,04_interviews/coded_segments_template.csv,manual + AI first pass (human reviewed),,
interview_coded_segments,timestamp,see 04_interviews/coding_framework.md,,,,04_interviews/coded_segments_template.csv,manual + AI first pass (human reviewed),,
interview_coded_segments,speaker,see 04_interviews/coding_framework.md,,,,04_interviews/coded_segments_template.csv,manual + AI first pass (human reviewed),,
interview_coded_segments,verbatim_quote,see 04_interviews/coding_framework.md,,,,04_interviews/coded_segments_template.csv,manual + AI first pass (human reviewed),,
interview_coded_segments,observation,see 04_interviews/coding_framework.md,,,,04_interviews/coded_segments_template.csv,manual + AI first pass (human reviewed),,
interview_coded_segments,interpretation,see 04_interviews/coding_framework.md,,,,04_interviews/coded_segments_template.csv,manual + AI first pass (human reviewed),,
interview_coded_segments,codes,see 04_interviews/coding_framework.md,,,,04_interviews/coded_segments_template.csv,manual + AI first pass (human reviewed),,
interview_coded_segments,hypothesis_link,see 04_interviews/coding_framework.md,,,,04_interviews/coded_segments_template.csv,manual + AI first pass (human reviewed),,
interview_coded_segments,incident_type,see 04_interviews/coding_framework.md,,,,04_interviews/coded_segments_template.csv,manual + AI first pass (human reviewed),,
interview_coded_segments,evidence_kind,see 04_interviews/coding_framework.md,,,,04_interviews/coded_segments_template.csv,manual + AI first pass (human reviewed),,
interview_coded_segments,recency,see 04_interviews/coding_framework.md,,,,04_interviews/coded_segments_template.csv,manual + AI first pass (human reviewed),,
interview_coded_segments,stated_frequency,see 04_interviews/coding_framework.md,,,,04_interviews/coded_segments_template.csv,manual + AI first pass (human reviewed),,
interview_coded_segments,severity,see 04_interviews/coding_framework.md,,,,04_interviews/coded_segments_template.csv,manual + AI first pass (human reviewed),,
interview_coded_segments,behavioural_consequence,see 04_interviews/coding_framework.md,,,,04_interviews/coded_segments_template.csv,manual + AI first pass (human reviewed),,
interview_coded_segments,seg_occupation,see 04_interviews/coding_framework.md,,,,04_interviews/coded_segments_template.csv,manual + AI first pass (human reviewed),,
interview_coded_segments,seg_freq,see 04_interviews/coding_framework.md,,,,04_interviews/coded_segments_template.csv,manual + AI first pass (human reviewed),,
interview_coded_segments,dem_living,see 04_interviews/coding_framework.md,,,,04_interviews/coded_segments_template.csv,manual + AI first pass (human reviewed),,
interview_coded_segments,primary_platform,see 04_interviews/coding_framework.md,,,,04_interviews/coded_segments_template.csv,manual + AI first pass (human reviewed),,
interview_coded_segments,ownly_status,see 04_interviews/coding_framework.md,,,,04_interviews/coded_segments_template.csv,manual + AI first pass (human reviewed),,
interview_coded_segments,coder,see 04_interviews/coding_framework.md,,,,04_interviews/coded_segments_template.csv,manual + AI first pass (human reviewed),,
interview_coded_segments,reviewed_by,see 04_interviews/coding_framework.md,,,,04_interviews/coded_segments_template.csv,manual + AI first pass (human reviewed),,
interview_coded_segments,memo_ref,see 04_interviews/coding_framework.md,,,,04_interviews/coded_segments_template.csv,manual + AI first pass (human reviewed),,
fakedoor_events_raw,experiment_id,see 07_fake_door/event_schema.md,,,,07_fake_door/events_schema.json,07_fake_door/apps_script_collector.gs,,H11
fakedoor_events_raw,page_version,see 07_fake_door/event_schema.md,,,,07_fake_door/events_schema.json,07_fake_door/apps_script_collector.gs,,H11
fakedoor_events_raw,variant_id,see 07_fake_door/event_schema.md,,,,07_fake_door/events_schema.json,07_fake_door/apps_script_collector.gs,,H11
fakedoor_events_raw,variant_key,see 07_fake_door/event_schema.md,,,,07_fake_door/events_schema.json,07_fake_door/apps_script_collector.gs,,H11
fakedoor_events_raw,anon_visitor_id,see 07_fake_door/event_schema.md,,,,07_fake_door/events_schema.json,07_fake_door/apps_script_collector.gs,,H11
fakedoor_events_raw,anon_session_id,see 07_fake_door/event_schema.md,,,,07_fake_door/events_schema.json,07_fake_door/apps_script_collector.gs,,H11
fakedoor_events_raw,event_name,see 07_fake_door/event_schema.md,,,,07_fake_door/events_schema.json,07_fake_door/apps_script_collector.gs,,H11
fakedoor_events_raw,ts,see 07_fake_door/event_schema.md,,,,07_fake_door/events_schema.json,07_fake_door/apps_script_collector.gs,,H11
fakedoor_events_raw,time_since_load_ms,see 07_fake_door/event_schema.md,,,,07_fake_door/events_schema.json,07_fake_door/apps_script_collector.gs,,H11
fakedoor_events_raw,utm_source,see 07_fake_door/event_schema.md,,,,07_fake_door/events_schema.json,07_fake_door/apps_script_collector.gs,,H11
fakedoor_events_raw,utm_medium,see 07_fake_door/event_schema.md,,,,07_fake_door/events_schema.json,07_fake_door/apps_script_collector.gs,,H11
fakedoor_events_raw,utm_campaign,see 07_fake_door/event_schema.md,,,,07_fake_door/events_schema.json,07_fake_door/apps_script_collector.gs,,H11
fakedoor_events_raw,utm_content,see 07_fake_door/event_schema.md,,,,07_fake_door/events_schema.json,07_fake_door/apps_script_collector.gs,,H11
fakedoor_events_raw,referrer_domain,see 07_fake_door/event_schema.md,,,,07_fake_door/events_schema.json,07_fake_door/apps_script_collector.gs,,H11
fakedoor_events_raw,device_type,see 07_fake_door/event_schema.md,,,,07_fake_door/events_schema.json,07_fake_door/apps_script_collector.gs,,H11
fakedoor_events_raw,is_qa,see 07_fake_door/event_schema.md,,,,07_fake_door/events_schema.json,07_fake_door/apps_script_collector.gs,,H11
fakedoor_events_raw,is_bot_suspect,see 07_fake_door/event_schema.md,,,,07_fake_door/events_schema.json,07_fake_door/apps_script_collector.gs,,H11
fakedoor_events_raw,payload,see 07_fake_door/event_schema.md,,,,07_fake_door/events_schema.json,07_fake_door/apps_script_collector.gs,,H11
